source1_entity_id	candidate_entity_ids
S1-714132312	S3-429813193,S3-148354258,S2-715903492,S2-798160947,S2-354095420,S3-285046275,S2-95297084,S2-506930196,S3-921940475,S3-575196603,S3-187339225,S3-51109449,S2-380626272,S2-653415006,S2-89660732,S2-195128134,S2-715669813,S2-424328627,S2-971784625,S2-902693916,S2-573927194,S2-396288280,S2-979035474,S3-328040627,S2-659192854,S2-234992726,S2-189850242,S2-889718806,S3-101742876,S3-948321994,S2-376254859,S2-162945861,S2-675736969,S2-244208993,S2-381614500,S2-704784327,S2-906787517,S2-982623284,S2-321814110,S2-541191390,S2-861325576,S2-29643171,S3-145043079,S2-779171736,S2-158938987,S3-232415298,S3-996087152,S2-318808106,S2-393538446,S3-803351005,S3-511507898,S2-398155221,S2-199337810,S3-848129507,S2-431925058,S3-721761087,S3-506541844,S2-693790115,S2-751996925,S3-982204335,S2-816159675,S2-294766157,S3-601210579,S3-714453823,S3-760576040
S1-106407869	S2-189273846,S3-410910620,S2-72490019,S2-765042697,S3-78346563,S3-779677365,S3-967158212,S3-806117796,S2-980552823,S2-621425641,S2-187280636,S3-556224972,S3-663308911,S2-344390896,S2-768694729,S3-764309883,S3-489881000,S2-569204962,S3-42900817,S2-56321998,S2-875516379,S2-347790985,S2-11474807,S3-847328521,S2-225974496,S2-882588851,S3-365756721,S2-615778579,S2-934098100,S2-390147646,S2-777971512,S2-966780876,S2-867324975,S2-704180517,S3-528175588,S2-73238327,S2-251831343,S3-583146709,S2-779040268,S3-726495696,S2-149832549,S3-201343190,S2-704409228,S2-170890750,S2-949043685,S2-664010397,S3-429388037,S3-699474112,S2-146021424,S3-216482370,S3-669363481,S2-918973885,S2-356505888,S3-247236318,S3-400260429,S3-679342309,S3-728876928,S2-666190859,S2-401385100,S2-917258438,S2-845929300,S2-85084966,S2-4583532,S2-908362347,S2-376731850,S2-220582183,S2-296645299,S3-567700182,S2-805545740
S1-156285671	S2-564259126,S3-727749384,S2-312291757,S3-624620641,S2-416049336,S3-209216351,S2-747815181,S2-158681675,S3-535419935,S3-50316458,S2-821879986,S2-672741465,S3-349964138,S2-82265292,S2-975664547,S3-244006304,S2-765834139,S2-159216667,S2-921744764,S2-331825148,S2-739699756,S2-830240705,S2-542711036,S3-311423133,S3-46391919,S3-752688379,S3-253975410,S2-521049331,S3-598392265,S2-645886241,S3-891971592,S3-88677244,S3-953042337,S3-636178822,S3-152643787,S2-506332239,S3-990630708,S2-529650669,S2-497315327,S3-411410527,S2-465451543,S3-853550466,S2-571080180,S3-339995795,S3-106710114,S3-934940861,S3-799336760,S2-574278528,S3-607547684,S3-254399837,S3-330930479,S3-361135873,S2-68482792,S2-387588469,S3-561839301,S2-103992773,S2-70822028,S3-857706497,S2-364061806,S2-332225099,S2-810986651,S3-297336846,S3-929474627,S2-713079290,S2-258925491,S3-293099804,S2-523951310,S3-998731432,S2-306407759,S2-767912318,S3-692740830,S3-803043821,S3-413655374,S3-672963678,S2-401975713,S3-328940207,S2-434164886,S3-168581238,S2-529420923,S3-102933237,S3-144159472,S3-63244810,S3-576682237,S2-54935976,S2-899266386,S2-795608900,S3-107273061,S2-38334586,S3-165685432,S2-886941185,S2-512021290,S3-741932989,S2-38555282,S3-746567199,S2-137344776,S3-764166495,S2-302380669,S3-612293001,S3-474867959,S3-597760194,S2-927296727,S2-229203598,S2-762310335,S2-593595577,S2-176998529,S2-52880044,S3-911339326,S3-98192207,S3-944195300,S3-941254649,S2-840719261,S2-581436390,S2-333486848,S3-819857072,S2-693684504,S2-676368068,S3-56055278,S3-256158425,S2-134318524,S3-775391250,S2-792642549,S3-459650342,S3-581397602,S3-71255008,S2-119316803,S3-691478522,S3-785270076,S2-189188919,S3-501865392,S3-752003064,S2-803068701,S3-110887374,S2-797958955,S2-20798878,S3-368711513,S2-445867616,S3-557487885,S2-352214657,S3-995734768,S3-339062015,S3-93641732,S3-837191773,S2-721273162,S2-348744548,S2-856335836,S2-169692904,S3-160526692,S2-542159339,S3-811809635,S2-186099239,S3-254971289,S3-90924572,S2-279095628,S2-294874898,S2-991545286,S2-532908725,S2-338246524,S3-670061907,S2-110110097,S2-260368051,S2-425292799,S3-808651670,S3-61245170,S3-881417865,S2-968505057,S2-714017413,S2-938900390,S3-584534802,S2-613021953,S2-884396375,S2-5159063,S3-924210756,S3-993278851,S2-381420816,S2-907641246,S2-898340782,S2-898773584,S2-952556671,S2-534288771,S3-39519674
S1-689823050	S2-936528622,S2-455365283,S2-102577854,S2-675955548,S3-558652409,S2-960946763,S2-135491601,S2-945210740,S2-814460787,S3-681709375,S2-244851479,S2-626905689,S2-654451243,S3-95114435,S3-785722797,S2-382561902,S2-187871077,S2-533913830,S3-290293800,S2-995357471,S2-124520124,S2-381044370,S3-557847177,S2-143755487,S2-517795580,S3-705703921,S3-216316195,S2-411963950,S2-103020894,S2-844675977,S2-830877340,S2-796991793,S2-14666342,S2-660568756,S2-105744335,S2-810655587,S2-428542220,S2-790695031,S2-354971231,S3-369653307,S2-727649817,S2-527435655,S2-426933123,S2-752369607,S2-340390872,S2-731051338,S2-225667164,S2-143783156,S2-823656823,S3-58785412,S2-904055422,S3-477682199,S2-871621372,S2-731198634,S2-202401902,S3-150526740,S2-886729162,S2-582680087,S2-87473476,S2-74721315,S2-854547150,S3-156699178,S2-769979843,S3-393924952,S2-689320736,S3-1857106,S2-703085578,S2-276198613,S2-345648173,S2-887058391,S2-316201286,S2-1022835,S2-364729817,S3-320715327,S2-847590509,S2-913169920,S2-297320898,S3-528291616,S3-817387633,S2-923247863,S2-950869462,S2-619674297,S3-468512341,S2-883874995,S2-950121078,S2-772700123,S2-392558832,S2-710592252,S2-672127617,S2-205673722,S2-440948455,S2-783788106,S2-765677324,S2-765915180,S2-101737789,S2-182273804,S2-235325225,S2-552344048,S3-350386820,S3-648964505,S2-672089669,S3-80022901,S2-565744021,S2-742922226,S2-78465009,S2-717813805,S2-333865760,S2-591876506,S2-485686144,S2-178779915,S2-479619104,S2-802395851,S2-603765591,S2-469081581,S2-74530866,S2-429314182,S2-45745682,S2-160820194,S2-598222961,S2-431925058,S2-365575093,S2-994671947,S2-21994381,S2-888177320,S2-260115985,S2-499516165,S2-24811772,S2-192191241,S2-701548822,S2-553592240,S2-229448410,S3-557164255,S2-129998399,S2-431624854,S2-848179436,S2-583865483,S2-750801102,S2-963803488,S2-790721932,S2-389662181,S2-973884210,S2-575306289,S2-921226399,S2-636514738,S2-908717602,S2-565049587,S3-804887078,S2-458619110,S2-549393453,S2-898431581,S2-742031620,S2-518608113,S2-998450705,S2-573361682,S3-150255606,S2-145772427,S2-987180214,S3-307502694,S2-120300748,S2-417052135,S2-453762798,S2-10020638,S2-228455810,S2-477445858,S2-276757029,S2-798129980,S2-131651142,S2-449953927,S2-290114593,S2-539957986,S2-453562565,S2-687579762,S3-900260370,S3-760500280,S3-316664209,S2-341862186,S2-462414628,S2-449813921,S2-647059994,S2-672552028
S1-921369899	S3-839243397,S3-559633903,S2-135506804,S2-370919988,S3-121571566,S2-699224357,S3-572123749,S2-488785607,S3-167188465,S3-808651670,S2-258925491,S3-855090345,S2-302380669,S3-411872979,S3-742033698,S3-549345115,S3-511029105,S2-626617799,S2-84097685,S3-420754910,S2-236079990,S3-601999764,S3-479862471,S3-144159472,S2-950797288,S3-107273061,S3-285673802,S2-227333460,S2-108897712,S3-655482194,S2-703336521,S3-993242977,S2-47713163,S2-611386531,S3-667653421,S3-297336846,S2-128758482,S2-762310335,S3-44497553,S3-282452546,S2-717201533,S3-582130568,S3-498706413,S2-3559692,S3-56640683,S3-811809635,S3-311423133,S2-440135306,S3-699855249,S2-747815181,S2-682718478,S2-148443471,S3-715349594,S3-630542679,S3-44316493,S2-333486848,S3-26486009,S3-555433333,S2-509732333,S2-647459821,S2-351264673,S3-774854286,S3-835679409,S2-681578087,S3-764166495,S2-771831940,S3-631044432,S2-75676145,S3-205931026,S3-917179895,S3-315085318,S3-329856839,S2-176998529,S2-887373921,S3-105563063,S2-614652660,S2-869891719,S2-54935976,S3-48455465,S2-375481853,S3-923609345,S2-523951310,S2-192407921,S3-22321512,S2-315867142,S2-15909748,S2-930699643,S2-636169234,S2-433401086,S2-563798918,S2-25056056,S2-88909454,S3-398571264,S3-626634438,S2-462781289,S2-263024876,S2-690426266,S2-293622247,S2-342759219,S3-425805161,S2-542711036,S3-590431601,S2-813841226,S3-787827761,S3-62706682,S3-160776850,S3-716912871,S2-739699756,S2-425292799,S3-752003064,S3-46368385,S2-376616809,S2-476113916,S3-384040157,S2-783105283,S2-822440226,S2-330344696,S2-898340782,S3-244669915,S3-918955816,S3-209257221,S3-598392265,S2-326046453,S3-745776300,S2-110110097,S2-158681675,S3-929474627,S2-412280451,S2-467586224,S3-345261156,S2-676901170,S3-755632474,S2-974827611,S3-472606005,S2-152132333,S3-71255008,S3-148935498,S3-580760196,S3-402540896,S3-688859974,S2-372304985,S3-86491747,S2-381495092,S2-186853670,S3-727749384,S2-900290439,S3-691478522,S3-211715997,S2-402786736,S2-529420923,S2-530243272,S2-961331287,S2-612069316,S3-526886844,S3-981293140,S2-52880044,S2-192795894,S3-728212248,S2-401975713,S2-986433924,S2-688289355,S3-229727223,S3-170093050,S2-738378117,S2-6860818,S2-346644481,S3-851471320,S2-443677278,S2-952556671,S3-744989668,S3-688013575,S3-459650342,S3-746567199,S3-237232723,S2-52624665,S2-828080801,S3-123529200,S3-938952926,S3-538366786,S2-884252955
S1-481669221	S3-802169251,S2-74457513,S2-893350041,S3-836007149,S3-485868094,S2-443709565,S3-579071298,S3-852084895,S3-11127356,S3-991407105,S3-667784583,S3-847959042,S2-525004536,S3-655711266,S3-139989241,S3-535479625,S3-650917881,S3-844042071,S3-434023234,S3-565050191,S3-238934201,S3-722566286,S2-942036895,S3-378335881,S3-252274880,S3-682745384,S3-183306923,S3-245411021,S3-476579220,S3-940386896,S3-710428159,S3-127380091,S3-539235056,S2-501396255,S3-307550529,S2-101337037,S2-40233028,S2-829911136,S3-746706865,S3-435621471,S2-620532515,S3-114352248,S3-835374358,S3-679130603,S3-288463747,S3-608878198,S3-705038879,S3-595736882,S3-597655695,S2-244352440,S2-782930027,S2-254044180,S3-754055728,S3-728214527,S3-625034593,S2-193192546,S3-533444652,S3-17584470,S3-789248588,S3-640375681,S3-924546512,S3-544576653,S3-688447338,S3-946010660,S2-450038746,S3-754388223,S3-663826548,S2-60570370,S3-457939445,S3-321811860,S3-614319407,S3-249136564,S3-853427451,S2-125239262,S2-164154000,S3-931563201,S3-835898246,S3-589128822,S3-676942890,S3-476806006,S2-777072767,S2-571553747,S3-898346560,S3-663713076,S3-24235415,S3-547813877,S3-497015519,S3-374810425,S3-380113570,S2-693512889,S2-739885567,S2-682246798,S2-887397945,S3-93034073,S3-748088896,S3-926824544,S3-295940731,S3-347560578,S3-629082496,S2-587699981,S3-360597006,S2-741729997,S3-211675770,S2-510913429,S2-585680211,S3-468025191,S3-298443935,S3-872013487,S3-923214881,S3-887134130,S2-806634636,S2-27551262,S3-31791125,S3-395388047,S2-663942049,S3-545034937,S3-245987471,S3-440589045,S2-348042025,S3-24139544,S2-30245606,S3-116334847,S2-468067303,S2-581483693,S2-466765038,S3-532832289,S2-275323112,S3-39738917,S3-175195300,S3-414790457,S3-776276317,S3-776852303,S2-189989934,S2-354915754,S3-205220191,S3-63208908,S3-656686413,S2-370630985,S2-752109836,S2-102427232,S2-907418973,S3-209348382,S2-581323230,S3-693443949,S3-870071374,S3-250853646,S3-700247738,S3-160771007,S2-48932828,S3-961061490,S2-224036253,S3-271973731,S2-650902683,S3-549442674,S2-316120649,S3-161518824,S2-485285523,S3-259237268,S2-929511912,S3-397998767,S3-557449054,S2-447902259,S3-360492855,S3-535500894,S2-635955560,S3-718322405,S3-286266396,S2-338178053,S2-911576623,S3-176122147,S3-485807924,S3-552590394,S3-293661975,S3-721879064,S3-759705727,S3-748456730,S3-348356173,S2-805591670,S3-75391523,S2-637916831
S1-909865979	S2-322580998,S2-563454321,S3-973311412,S3-671150571,S2-802207145,S2-818299765,S3-572091269,S3-943661560,S2-651109350,S2-867094288,S2-854029599,S2-389181969,S2-366464187,S2-382001388,S3-775486717,S2-626516204,S3-54659473,S3-566949914,S3-992893051,S3-648986505,S3-128417580,S3-512479887,S2-373697602,S3-383024669,S3-669684969,S2-687964286,S2-591415594,S2-493403266,S3-281478279,S2-11748354,S2-848586097,S2-272940047,S2-278776980,S2-628343401,S2-183109534,S3-371959453,S2-227568792,S3-101707804,S2-273249988,S3-91469822,S2-825872661,S2-372739703,S2-503452667,S2-592056745,S2-164709711,S2-805114002,S3-507307953,S3-83622354,S2-94328383,S3-689534375,S3-170158455,S2-16940726,S3-812441050,S3-694488665,S3-799445548,S3-423553629,S2-481572644,S2-205836707,S3-791651603,S3-292658111,S3-465687052,S3-940611620,S3-236391789,S3-681673434,S3-306806658,S3-169294363,S2-949800978,S2-217212887,S2-982708085,S2-905010895,S3-553331918,S2-924441277,S2-794278176,S3-556637497,S3-49175626,S3-109730840,S2-400339315,S3-421329794,S2-854261574,S2-442287985,S2-176948851,S2-149733032,S3-385799793,S3-418245470,S3-445805755,S2-518396562,S2-872543492,S3-768466237,S3-471603755,S2-9915242,S2-874952494,S2-644642765,S2-973152754,S2-685492859,S3-480264312,S2-456679217,S2-948996795,S3-896959331,S2-762942469,S3-70211138,S2-663974978,S2-346094484,S2-870670768,S2-887247323,S2-211841626,S2-75264249,S2-767473440,S3-277556149,S2-602015829,S3-492190355,S3-215559901,S3-664710868,S3-2745352,S2-832537800,S2-773299493,S3-536306337,S3-51526742,S3-59239894,S3-604478700,S2-357272371,S2-210314492,S2-652848910,S2-395671932,S2-478642367,S3-751825241,S2-98148007
S1-280204013	S2-956867829,S2-521739469,S2-692619586,S2-245634569,S2-923755234,S2-693633433,S2-270848867,S2-236543422,S2-437267325,S2-128136930,S2-310754463,S2-116390537,S2-788223086,S2-723518012,S2-202615365,S2-60869404,S2-351586681,S2-828853188,S2-898849110,S2-503620985,S2-182175113,S2-415479390,S2-657995058,S2-437136287,S2-910490822,S2-892097632,S2-555024120,S2-910940946,S2-246760623,S2-34433329,S2-993071707,S2-126425595,S2-239469513,S2-883785499,S2-440916264,S3-426688795,S2-895103617,S2-371301714,S3-631679743,S2-951998320,S2-165898626,S2-461623009,S2-530744031,S2-854348240,S2-553971690,S2-142645843,S2-837092653,S2-532515474,S3-639906802,S2-494227665,S2-307685063,S2-971092647,S2-328994531,S2-162568649,S2-416878413,S2-714868741,S3-894109506,S2-172931117,S2-772806454,S2-755410840,S2-869015498,S2-836691288,S2-117267519,S2-197846147,S2-294766157,S2-687826763,S2-307665843,S2-950077998,S2-512747049,S2-541694475,S2-979987152,S2-271439012,S2-991842499,S2-644663956,S2-77795814,S2-753618829,S3-370033439,S2-942852308,S2-835946562,S2-479124662,S2-869996613,S2-429797969,S2-367421262,S2-555793148,S2-850760806,S3-652287374,S2-345443624,S2-483787890,S3-746706865,S2-466247761,S2-591519148,S2-784098039,S2-919782681,S2-750760369,S2-847601546,S2-698207989,S2-485471128,S3-602960033,S3-485442650,S2-177137107,S2-627930224,S2-568530409,S2-707000935,S2-264036853,S3-316664209,S3-228664279,S2-944100561,S2-173849971,S3-192700570,S2-600460285,S2-840373534,S2-711782291,S2-866326764,S2-427035087,S2-238705629,S2-214812366,S2-63184086,S2-917564869,S2-246436905,S2-299309149,S2-630413009,S2-219066070,S3-188441417,S2-340761478,S2-505763014,S2-258043694,S2-726819490,S3-466885453,S2-401989526,S2-164012387,S2-276569893,S2-395171961,S2-553825738,S2-210314492,S2-467419013,S2-719866228,S2-729311287,S2-465875774,S2-994099264,S2-30359763,S2-186023919,S3-126864527,S2-202662079,S2-404196250,S2-783884730,S3-601210579,S3-972727031,S2-885655563,S2-376606837,S2-782350675,S2-951661363,S2-965581679,S2-689098862,S2-286668482,S2-242643000,S2-731976511,S2-387488972,S2-671405201,S2-999900102,S2-911221562,S2-391293566,S2-664252999,S2-854176166,S2-753939967,S3-804274330,S2-946224524,S2-704180517,S2-404444952,S2-119312652,S2-269834071,S3-998051891,S2-296970186,S2-138331307,S2-136766986,S3-638327343,S2-970761365,S2-876821386,S2-264497825,S2-631423177,S2-331673463
S1-742053041	S2-662218899,S2-708749034,S3-331435880,S3-123654973,S2-672303575,S3-652287374,S3-364426998,S3-445912767,S3-375140495,S3-341508031,S3-584685670,S3-620405018,S3-695474225,S3-261920231,S2-783278513,S2-319107499,S2-209920613,S3-489786335,S3-780716492,S3-720567584,S2-764631357,S3-637938488,S2-916383925,S3-926900487,S2-718797590,S3-45478179,S3-359258691,S2-540873442,S2-697965360,S2-218396425,S3-288818284,S2-957475471,S2-951853317,S2-169864272,S3-83580496,S2-883819340,S2-268806363,S2-193510687,S3-132415306,S2-414857913,S3-151179680,S3-175439831,S2-100655954,S3-670123871,S2-738266912,S3-313426888,S3-602709025,S3-370455942,S2-474062070,S3-573797000,S3-541896279,S2-882334469,S2-701978516,S3-88325886,S2-462186707,S2-7663294,S2-907042967,S3-954157283,S3-348387374,S3-286031388,S3-456797383,S2-152982672,S2-193726137,S2-856755171,S3-590005622,S2-843372369,S3-428697696,S2-527110195,S3-40407022,S3-462208858,S3-476331583,S3-976063475,S3-993595447,S2-832298631,S2-26310330,S3-962422235,S2-560748068,S3-389039964,S3-998051891,S3-546276732,S3-768336457,S2-441901391,S2-599004199,S2-565049587,S3-512633312,S3-238477063,S2-853864509,S2-159786085,S3-970408388,S2-30392880,S2-50524803,S3-539879357,S3-29105750,S3-961095579,S2-299517177,S3-849725135,S3-505170939,S3-787077353,S2-826449357,S3-759757918,S2-336875785,S3-3010225,S3-488363429,S2-412583689,S2-130815760,S3-720463467,S3-396265074,S3-129106856,S3-69466543,S2-710346048,S2-978160506,S2-725167020,S2-703677045,S2-951661363,S3-528905401,S2-243864603,S2-323758989,S2-439261462,S2-786671109,S2-420617297,S3-889096689,S3-931673765,S3-743921762,S2-422900955,S2-573016689,S2-489885908,S2-754042431,S3-521889331,S2-228048117,S3-17977041,S2-225305521,S2-455643447,S2-411720838,S2-44528425,S2-39306652,S2-742129110,S3-971426936,S2-19242862,S3-227329127,S3-524525140,S3-726655351,S2-111104201,S2-110375503,S2-945056046,S3-682104065,S3-293277162,S3-463903693,S3-354374172,S3-546300597,S2-590996822,S3-705276886,S2-429546569,S3-402393036,S2-48203994,S3-746860417,S2-54253636,S2-892473814,S3-931200264,S3-945281527,S2-552834852,S3-652100288,S2-253440977,S2-804834749,S2-848714990,S2-278964643,S3-169406825,S3-225515813,S3-261147587,S3-172953440,S3-968668219,S2-591850833,S2-108718587,S2-733496115,S2-571375099,S3-700534009,S2-357874611,S2-178843096,S3-578757413,S3-597801182,S3-992087204
S1-913506265	S3-995315197,S3-837079914,S2-840906265,S3-276048911,S3-682610611,S3-959743474,S3-719863593,S2-626468842,S3-274269512,S3-929534888,S3-636249405,S3-653838580,S3-585647861,S3-955464237,S3-323942209,S3-737262941,S3-398254055,S2-647945622,S3-453960501,S3-556228627,S2-880426787,S2-533000846,S3-89010063,S2-139130984,S3-662175430,S3-258552232,S3-742091948,S3-678557824,S2-31275344,S3-476382537,S2-868266996,S3-170093050,S2-379470628,S3-228179742,S2-547317455,S3-945074510,S3-967707800,S2-243350640,S3-22266838,S3-621306900,S2-654351673,S2-316408335,S2-506155991,S2-489173239,S3-89846531,S3-369748055,S2-786237872,S3-26659013,S2-849705833,S2-99438370,S2-164531605,S2-11737014,S2-175110533,S2-791497609,S3-171786414,S3-187929272,S2-207439352,S2-541984172,S3-462938638,S3-665859724,S2-411365134,S3-421264795,S3-915597855,S3-257431531,S3-213502299,S3-634918658,S3-660838032,S3-557590556,S2-780499094,S3-122143695,S3-124884606,S2-342855489,S3-525968369,S3-520093980,S2-135243872,S3-44511047,S3-520326237,S3-988961148,S2-890178948,S3-194198777,S3-158517817,S2-373593345,S2-514476323,S3-152571144,S3-306313196,S3-695929806,S2-653042915,S3-71943791,S3-430431212,S3-861687252,S2-112550664,S3-809535079,S3-328984561,S3-715060299,S3-766141107,S3-38148457,S2-112156512,S2-118590769,S3-785126381,S3-256536129,S3-993813871,S2-871472066,S3-146360385,S3-451380040,S2-518518982,S3-855282751,S2-660792558,S2-920587005,S3-914210944,S3-1148001,S3-407756583,S2-190162920,S3-857937906,S3-582077735,S2-429776897,S2-72650353,S2-726853688,S2-982792981,S2-726539574,S3-319092992,S2-841604447,S3-492369834,S3-960049027,S3-675446230,S3-703393699,S2-28207614,S3-369778035,S3-815372659,S2-414029769,S3-242923759,S3-777326326,S3-492635654,S3-943916703,S3-898958292,S3-596050523,S2-705585429,S2-56332059,S2-687464505,S2-613389959,S2-212302559,S2-383030202,S2-580853997,S2-127425839,S3-496513676,S2-355190041,S2-689319970,S3-141487639,S2-877613262,S2-225835857,S3-889777255,S3-927866807,S3-504729320,S3-876425841,S2-708317762,S2-65702873,S3-922753681,S3-17625050,S3-544818902,S2-634410066,S3-163003008,S2-46302793,S3-82266746,S3-745381024,S2-6254086,S2-462428237,S2-678154331,S2-239605693,S3-43589939,S3-687998587,S2-412246544,S3-293163847,S3-331972603,S3-290421893,S2-203618689,S3-909287402,S2-577204741,S3-1714212,S3-421330397,S3-156174783,S3-29782137
S1-479574617	S3-639769267,S2-604124250,S2-669641587,S3-83887353,S3-752866874,S2-31965582,S3-779938695,S2-236202105,S2-810688876,S2-147686039,S3-764437464,S2-686293563,S2-968346313,S2-738661191,S3-307115933,S2-390707820,S3-993392724,S2-817751216,S2-685765159,S3-88134182,S2-625362713,S3-549826015,S2-913169920,S2-187886516,S2-309729524,S3-193651729,S3-203033437,S2-942279217,S2-624133172,S3-719899507,S2-263994532,S2-319187695,S2-596305633,S2-89814965,S2-67667020,S2-458619110,S3-624501098,S2-196646018,S2-549867529,S2-859602057,S2-4583532,S3-940895167,S2-659432589,S2-919882082,S3-700365871,S3-109415205,S2-112428951,S2-866219722,S2-239033666,S3-558652409,S2-272264130,S2-363906243,S3-72716242,S3-541454922,S3-477179739,S2-21994381,S2-617935311,S3-640539120,S2-906091321,S2-639237773,S2-909130034,S2-25021791,S2-352245121,S2-593541268,S2-191667959,S2-600460285,S3-277266593,S3-460304682,S2-818243239,S3-363168522,S2-950221059,S2-970133950,S3-606358131,S3-920293868,S2-322894222,S3-106837574,S2-617351435,S3-502837484,S3-364140123,S3-200905690,S2-751850903,S3-151987264,S2-85749858,S2-644272645,S2-493655095,S3-954659979,S2-825567227,S2-29931004,S2-905576737,S3-292794271,S2-590159758,S2-986859153,S3-704182822,S2-82190265,S2-946870439,S3-744700443,S2-586955025,S3-898453800,S2-407777610,S2-942086737,S2-670049621,S2-802103549,S3-918214418,S2-547472758,S2-548859856,S2-337650225,S2-175428911,S3-381339978,S2-379558632,S2-125943536,S2-380723057,S3-735849166,S3-492730931,S2-111414564,S2-94145774,S2-476115326,S3-725427716,S2-162720099,S2-163933646,S3-530888016,S3-720784849,S3-560988841,S2-880643357,S3-910514996,S2-416878413,S3-649108033,S3-126575094,S2-668805682,S3-120370951,S2-550419213,S2-713272376,S2-200860494,S2-808542221,S2-183629486,S2-713157779,S3-684603772,S3-672930639,S3-201770309,S3-301242921,S2-737929529,S2-420260126,S3-871350371,S2-328994531,S3-255857776,S2-604893428,S3-417394828,S3-707949986,S3-590749550,S2-64780902,S2-426115984,S3-738493774,S2-961632000,S2-112689538,S3-595777819,S2-264036853,S3-682104065,S3-497775376,S3-808953661,S2-525295669,S3-726808292,S2-860745865,S2-635258386,S2-362270885,S2-220655401,S3-851673454,S3-798438105,S2-910351373,S2-230479372,S2-996924512,S2-239595388,S2-730808154,S3-206964469,S2-242803736,S3-288184229,S2-315871594,S3-602619799,S2-889688483,S2-1769438,S2-641710692,S2-201709307
S1-680637447	S3-207070212,S2-236602834,S2-339550008,S2-311784818,S2-528753270,S3-381808925,S2-957475471,S3-864981389,S2-305550866,S2-688561435,S2-139451084,S3-410218298,S3-972343990,S3-375705641,S3-117882754,S2-493655095,S3-122716193,S2-592136669,S2-32964322,S2-53311320,S2-135251670,S2-372500373,S2-304641664,S2-152157970,S3-895624967,S3-284702369,S3-654514302,S3-7134145,S2-109448412,S2-955874241,S2-549390171,S2-67667020,S3-230819468,S3-664008681,S2-641944323,S2-742874598,S2-916383925,S3-396618076,S2-633010089,S2-302631256,S3-123176030,S3-244238319,S3-117092600,S3-640539120,S3-295185170,S2-42470930,S3-264755812,S2-240673492,S2-493543131,S3-833434815,S2-181638750,S3-873164148,S3-930998415,S3-176828085,S2-276437568,S2-146765462,S3-118750955,S3-753726479,S2-519681149,S3-658755931,S3-928316354,S2-169339199,S2-524426429,S3-350672592,S3-733158864,S2-732505504,S2-972390926,S3-639803117,S2-434865013,S2-586760902,S2-159451399,S3-683568308,S2-765044773,S2-283746027,S2-100408047,S3-826271774,S2-750185439,S2-743560781,S3-421910498,S2-578453982,S3-867248206,S2-592881202,S2-173292909,S2-260623660,S3-683064127,S2-221396352,S2-168293986,S2-114880041,S3-750043490,S3-395488860,S3-623843695,S2-855324375,S3-157906466,S3-588860211,S3-525643439,S2-211614390,S2-862685395,S3-567700182,S3-755685121,S3-875752054,S2-721898050,S2-755291840,S2-417814323,S3-816369919,S2-681663854,S3-749812011,S3-332814584,S2-10625583,S3-644885018,S3-253745882,S2-911595810,S2-20605699,S2-581712338,S3-531644148,S2-1893436,S3-907436973,S3-486696951,S2-894256508,S3-406642337,S3-856892486,S2-692854899,S3-782557859,S3-70428396,S2-555667631,S2-191831400,S2-342184546,S3-873851290,S2-331590758,S3-713922930,S3-602188307,S2-42262601,S2-911641664,S2-216630744,S2-491528393,S3-765413960,S3-661669815,S2-569337399,S3-423543191,S3-556843553,S3-762085046,S2-734979295,S2-357867653,S2-732475862,S3-185580229,S3-505699333,S2-748344837,S3-505728960,S3-267641142,S3-366230515,S2-970894647,S2-344178680,S2-469205972,S3-947529634,S3-873372768,S2-364147967,S2-304673281,S3-191701229,S2-207537511,S3-7274255,S3-392158435,S3-801858031,S2-73818001,S2-254237917,S3-994812009,S2-946072848,S2-892473814,S2-279042021,S3-615356718,S3-400847090,S3-79187921,S2-820230979,S2-425942963,S3-72737523,S2-718494723,S2-404317391,S3-49273916,S3-548716194,S2-589103485,S2-357701868,S2-263665657
S1-870190130	S2-741379074,S2-408784329,S2-144173343,S2-308331476,S2-861748088,S2-559095226,S2-253568804,S2-996783395,S3-116097714,S3-472151265,S2-110955243,S2-724586955,S2-232586917,S2-805068624,S2-792023005,S2-902284938,S2-85470349,S2-517651936,S2-929911816,S2-535201703,S3-468932479,S2-59192725,S2-50110047,S2-203310932,S2-675337024,S2-755083962,S2-395272028,S2-630354551,S2-859094191,S2-45431562,S2-44209004,S2-218053979,S2-73994111,S2-440714634,S2-157318923,S2-745735340,S2-896079864,S3-293277162,S2-358238909,S2-980597014,S2-201041864,S2-670010245,S2-371750015,S2-469342044,S3-828068458,S2-651689108,S2-905918259,S2-484307873,S2-10028897,S2-257332462,S2-587725111,S2-725167020,S2-34012427,S2-456604136,S2-305544390,S2-912881534,S2-103721651,S3-716583609,S2-748299563,S2-733734691,S2-77970392,S2-193450699,S2-611840121,S2-942797293,S2-187387138,S3-602845332,S2-166809876,S2-682639092,S2-70085549,S2-912845741,S2-108594879,S2-348503334,S2-293281145,S2-59455514,S2-154919695,S2-813823076,S2-246077211,S3-24478964,S3-634684541,S2-813533625,S2-693717587,S3-903992348,S2-484906661,S3-447337635,S2-586880684,S2-955940509,S2-981369013,S2-996030447,S2-828129937,S3-626943544,S2-73759237,S2-197892310,S3-224921325,S2-714263938,S2-623309134,S2-460111695,S2-829435061,S2-26419621,S3-663696206,S2-45745682,S2-614412741,S3-753124922,S2-814458029,S2-865308841,S2-770044078,S3-961008884,S3-870375069,S3-857639229,S2-517642599,S2-590121371,S2-933810763,S2-180608911,S2-278472793,S2-168845782,S2-152788669,S2-313955120,S3-507220241,S3-8091833,S3-957756506,S3-365536082,S2-215311520,S3-51010173,S3-290846833,S2-462027197,S3-667013641,S3-883633200,S2-539683133,S2-62126243,S2-743023315,S3-740996897,S2-924126429,S3-325867986,S3-514005030,S3-618543776,S2-398687714,S2-278862390,S2-47965213,S3-964552647,S2-202711701,S3-685331774,S2-649519469,S2-736778823,S3-289697426,S3-348688896,S2-213380913,S2-857313284,S2-980839432,S2-278612152,S3-384715815,S3-713361906,S3-623750247,S2-580839973,S3-706185610,S2-325666336,S2-424392027,S3-707949986,S3-865372263,S2-368378130,S3-186428220,S3-156767464,S3-739372138,S3-547688322,S2-307581333,S2-365110244,S2-5028196,S3-422450767,S2-294903186,S2-444830518,S3-994134137,S2-472678690,S2-24658923,S3-759294013,S2-658886344,S3-583995178,S2-246685020,S3-755031467,S2-402826140,S2-921266762,S3-490819147,S3-823935201
S1-365170694	S2-120670385,S3-204115708,S3-722922678,S3-501670567,S2-969635136,S2-701942141,S2-474182304,S2-250708628,S3-871865896,S3-986333913,S3-943285065,S3-237542653,S3-898344342,S3-613662854,S3-894054651,S3-399526928,S3-120893170,S3-889969441,S3-893818826,S3-232783280,S3-533215747,S3-177391666,S3-272245831,S3-496250177,S3-986601547,S3-912504688,S2-171153417,S2-498710588,S3-3331620,S3-573721806,S3-266959944,S3-683881642,S3-380523986,S3-528367030,S3-135009024,S3-104905044,S3-239374760,S3-402638321,S3-149138134,S2-17853482,S3-405836558,S3-406000210,S2-947112549,S3-325261411,S3-423541227,S2-745197573,S3-100407896,S2-120030369,S3-939467801,S3-57675566,S3-118955015,S3-781645425,S3-729943632,S3-812705094,S2-876628765,S3-271028931,S3-565415624,S2-417814323,S2-392587514,S3-206378351,S2-789823337,S3-10445894,S3-812853393,S3-986560205,S3-835801910,S3-288476084,S3-518579107,S3-477127206,S3-740556230,S2-149519174,S2-825708379,S3-455972381,S3-521241081,S3-517431260,S3-983571439,S3-117575529,S3-642532437,S3-403852704,S3-477842127,S3-907162129,S3-612190510,S3-456730919,S3-984576001,S3-931358398,S3-500519667,S3-355241663,S3-648964505,S3-107808344,S3-202539585,S3-702105679,S3-797869398,S3-596225469,S3-166087036,S3-556823884,S3-999358771,S3-559935852,S3-706989830,S3-393675543,S3-2716954,S3-249548916,S3-55982890,S3-803086345,S3-583984779,S3-924470597,S3-368149715,S3-884473350,S3-352825217,S2-57425874,S3-777388537,S3-132269019,S2-365954141,S3-890873020,S3-19893372,S3-707199302,S3-224356163,S3-971667061,S3-212565493,S3-383567406,S3-167504129,S3-547907242,S3-260946793,S3-913749091,S3-194450521,S3-315248122,S2-525880026,S3-95114435,S3-915826424,S3-960416326,S2-902996327,S3-393771992,S3-255150389,S3-534161785,S3-293300637,S2-400508408,S3-212379372,S3-529954622,S3-751259595,S3-179099570,S2-37613343,S2-881987360,S3-149955130,S3-939227531,S3-947501332,S3-350564524,S3-548981760,S3-834710181,S3-348558423,S2-780643260,S3-374810425,S3-732416048,S3-164768925,S3-21639446,S3-484013061,S3-496782763,S3-183637231,S3-951347403,S3-519600906,S3-990182634,S3-271281019,S3-301727539,S3-123541430,S3-716913013,S2-996605554,S3-25237004,S2-188321945,S2-916383925,S2-969329391,S3-393879712,S3-792674196,S3-39771428,S3-632568381,S3-791629884,S2-329357309,S2-50073784,S3-960223357,S3-843493474,S2-2881302,S3-493306688,S2-84294594,S3-51353956
S1-778640743	S3-467616579,S3-162626400,S2-434970463,S2-988029522,S3-614898515,S2-200405956,S3-371049914,S2-595081201,S2-404117069,S3-972996570,S3-472484301,S3-326317952,S2-669420315,S2-921336504,S3-707502882,S3-240294111,S3-687245749,S2-256407354,S3-541263624,S3-274862063,S2-134189268,S2-695784416,S2-636275568,S2-291827529,S3-886126790,S3-255236260,S2-872324016,S3-39736750,S2-496306318,S3-419980764,S3-382131782,S2-703516110,S3-986947265,S2-266592280,S3-334864251,S3-853925834,S3-5605653,S3-264049044,S3-56236399,S3-824593571,S3-743202514,S3-764685422,S3-878782457,S3-197817648,S2-144304702,S3-723563745,S3-19179895,S3-684740671,S2-206687952,S3-63717024,S3-463326544,S2-630111107,S2-746474032,S3-702313293,S2-728082085,S2-708416992,S2-135836556,S3-136630477,S3-431688886,S3-873093932,S3-657919288,S3-893696149,S3-512625539,S3-861554347,S2-939202117,S3-324792015,S2-354060049,S2-405303215,S3-987884808,S3-435262387,S2-944941126,S2-944704355,S2-557722246,S2-59040544,S2-445399522,S2-511302328,S2-219697445,S3-360639400,S2-681261480,S3-288471607,S2-833094944,S3-919291751,S2-227540736,S2-535986976,S3-548474741,S3-194953308,S3-15007298,S3-876988958,S3-440722055,S2-733805674,S3-808325548,S2-947116767,S3-746116324,S2-857724735,S3-812279338,S2-900732677,S2-757534042,S2-691303035,S2-829314901,S2-665911660,S3-664710868,S2-856264714,S2-688943467,S3-175650663,S2-426704259,S3-74427391,S3-711728433,S3-341608004,S2-751202314,S3-636001365,S3-242570502,S2-568389938,S2-968710820,S2-557113101,S3-925016150,S3-233456156,S2-428385832,S2-549650330,S2-683398577,S2-218337544,S3-863960483,S2-706548751,S3-786292635,S2-784038027,S3-436094562,S2-769123206,S3-813639175,S3-394026389,S3-161182112,S3-92048969,S2-609112356,S3-588881635,S2-263212704,S2-166310828,S2-476027171,S3-177244648,S3-760433788,S3-630156235,S3-802908214,S3-689371331,S2-725612831,S2-751332397,S3-29062484,S2-775786467,S2-887783351,S2-251853502,S3-677557632,S3-870097276,S3-585584755,S3-380960610,S3-157112453,S2-716695476,S3-420537443,S2-240657119,S2-14302759,S3-11993669,S3-581471059,S3-284891286,S3-149756405,S2-280811393,S3-718577904,S3-674162274,S3-22424402,S2-911061406,S2-240825627,S3-174593595,S2-323337217,S3-579723113,S2-995014741,S3-311404174,S2-143150991,S2-379203700,S2-117036112,S2-429226728,S3-73658331,S2-795371733,S3-408208490,S3-847333126,S2-352669081,S2-279614940
S1-378191895	S2-730590985,S3-764744632,S3-545012333,S2-16371592,S2-440788806,S2-406270393,S2-14075834,S3-135912001,S3-635511582,S3-739324560,S2-992249487,S2-367560858,S2-291314069,S2-27701667,S2-887959244,S2-324335779,S3-655711266,S2-635214615,S3-106837574,S2-837182380,S2-701496773,S2-384450374,S2-767997013,S2-656028799,S2-536401840,S3-689097846,S2-555109544,S2-265013845,S2-839110260,S2-683333618,S3-100977482,S2-796153176,S3-844179298,S2-614146034,S3-327098099,S3-264729325,S3-958755935,S3-296383140,S2-362270885,S2-549867529,S2-685165779,S2-95770597,S2-882848533,S2-322894222,S2-988974568,S3-896331791,S3-152632558,S2-894177454,S2-380626272,S2-826034253,S2-69648403,S3-239945575,S2-226194314,S3-628982800,S3-926900487,S2-158865015,S2-64310140,S3-328857929,S3-173398261,S2-995933742,S3-683568308,S3-403157704,S2-521137694,S2-740640658,S2-301759252,S2-9239069,S2-716718650,S2-899393050,S2-656847334,S2-166204215,S3-278759204,S2-92717447,S2-821717552,S2-93944014,S2-530603237,S2-480897317,S3-447440366,S2-155547755,S2-439211137,S3-513478682,S2-149519174,S2-559271677,S3-573023849,S2-696077581,S2-632838411,S3-427942676,S3-536621126,S3-933333822,S2-167574210,S3-444717485,S2-109355058,S3-986155738,S3-928753653,S3-900261473,S2-143004935,S2-735945462,S3-208758268,S2-685396460,S2-434303914,S3-587889709,S2-761988521,S3-481951962,S3-999358771,S2-27727592,S2-959731145,S2-841642984,S3-216482370,S3-508963678,S2-603448716,S2-754579364,S3-936114747,S3-580674186,S3-599948863,S3-328729045,S2-84339716,S3-505699333,S3-673792027,S2-409062448,S2-46251183,S2-443193800,S2-983421828,S2-965265670,S2-193151395,S2-187909971,S2-251426537,S2-46459212,S2-777285682,S3-661669815,S3-266018996,S2-126915805,S2-219223249,S3-866786428,S3-352825217,S3-495269610,S2-287693608,S3-815951987,S2-711313605,S3-362912785,S3-569970438,S3-565921020,S2-213810992,S2-802150664,S3-237873919,S2-270743332,S2-616524549,S2-37613343,S2-280566325,S3-339751850,S2-943852279,S2-245650715,S3-692862857,S2-46746151,S3-230196038,S2-708749034,S2-913604795,S3-421871068,S2-264951839,S3-790192866,S2-843477932,S2-695324397,S3-938198076,S3-907916662,S3-273800636,S2-125402464,S2-303037664,S2-314093282,S3-332300293,S2-82162549,S3-596342265,S3-472685604,S2-544744703,S2-772019937,S3-193324646,S2-254800462,S2-647747433,S3-586312524,S3-77004161,S3-709953728,S3-469990421,S2-832431900
S1-684974736	S3-564858468,S3-805995737,S3-122293678,S2-868135287,S2-626000638,S2-368470121,S2-483554046,S3-797381132,S2-317679150,S2-252260114,S3-6785536,S3-438177791,S2-96321309,S3-674161039,S2-274193796,S3-251416080,S2-506312279,S3-448955699,S3-763549821,S3-771452301,S2-439055696,S3-362291028,S2-64390730,S2-513893160,S2-675843528,S3-52579294,S2-129172293,S2-349524060,S3-275013845,S2-147709425,S2-19953999,S2-936064379,S2-689933660,S2-269699057,S3-553343016,S2-349333201,S2-900732677,S2-623075578,S2-529882230,S2-436820470,S2-748973412,S2-194856634,S2-507348022,S2-322011226,S2-751387140,S2-53206908,S2-16765931,S3-336584509,S2-110323481,S2-384552018,S2-974183727,S2-748226846,S2-508252114,S3-373547393,S2-4399119,S2-238024238,S2-111008380,S2-625365662,S2-90611927,S3-882548907,S2-307468427,S2-306662879,S2-181418950,S2-598722516,S3-221591522,S3-225312696,S2-736833668,S3-162017573,S3-821465954,S2-207728587,S3-995455631,S3-792387530,S3-766128490,S2-384824595,S2-554160167,S3-990403421,S3-214598286,S2-186340265,S2-905556952,S2-803379088,S3-667833112,S2-886119822,S2-345973945,S2-880492587,S2-372194901,S2-858218581,S2-854902009,S3-403683464,S3-11450934,S3-45478179
S1-750279127	S3-596225469,S2-63814065,S3-984724675,S3-104905044,S2-512127142,S3-95114435,S3-834710181,S3-533215747,S2-825708379,S3-905160476,S2-97086669,S2-261086166,S3-272245831,S3-581899231,S3-100407896,S3-266959944,S3-157836845,S3-913749091,S2-983583543,S3-719297797,S3-898344342,S3-866811231,S3-878048309,S3-997772851,S3-940895167,S3-707199302,S3-399526928,S3-406000210,S3-38135530,S2-392587514,S3-495079847,S3-573721806,S3-943285065,S3-717787374,S3-889969441,S3-706989830,S2-212835906,S3-777388537,S2-188321945,S2-881793169,S2-468679211,S3-260946793,S3-300079539,S3-843493474,S3-915826424,S3-350564524,S2-463845390,S3-717410794,S3-212379372,S3-648964505,S3-797869398,S3-55982890,S3-893818826,S3-2716954,S3-986601547,S3-403852704,S3-325261411,S3-517247496,S3-19893372,S3-401070365,S3-120893170,S3-57675566,S3-839280749,S3-393771992,S2-683991883,S2-651444199,S3-484013061,S3-438649741,S3-519600906,S3-455972381,S3-107808344,S3-348558423,S3-732416048,S3-318003297,S3-990182634,S3-80563314,S3-562405908,S3-760352668,S3-89751207,S2-812789644,S3-912504688,S3-405836558,S3-960223357,S3-355241663,S3-602150445,S3-547907242,S3-237542653,S3-232783280,S3-642532437,S3-890873020,S2-623298671,S3-986560205,S3-183637231,S3-355917700,S2-37613343,S3-171074822,S3-123541430,S3-71224455,S3-599066239,S2-469873904,S3-791629884,S3-894054651,S3-496250177,S3-344639428,S3-871865896,S3-315248122,S3-423541227,S3-332613541,S2-881987360,S3-839509914,S2-600752834,S3-402638321,S3-177391666,S3-149955130,S3-446353128,S3-583984779,S3-781645425,S3-812853393,S3-898865172,S3-500519667,S3-127734975,S3-51353956,S2-814231606,S3-200801561,S2-729326771,S3-501670567,S3-986333913,S2-776377223,S2-680390565,S3-898073698,S2-17853482,S3-3331620,S2-498710588,S2-376377106,S2-745197573,S2-525880026,S2-287199797,S2-848179436,S3-132269019,S3-559935852,S3-702105679,S3-442863826,S3-528367030,S2-137311100,S2-512746700,S3-884473350,S3-613662854,S3-984576001,S2-969329391,S3-271028931,S3-249548916,S3-653075563,S2-773289743,S3-349827691,S3-716913013,S3-751259595,S2-474182304,S3-271281019,S2-50073784,S3-179099570,S3-812705094,S3-239374760,S2-715652153,S3-999358771,S3-803086345,S3-206378351,S2-20643352,S3-375357482,S3-867565104,S3-759440188,S2-720850258,S2-236216223,S3-599084972,S2-876628765,S3-393879712,S3-627153369,S2-553574300,S3-983571439,S3-166087036,S3-204115708
S1-209281220	S3-944904174,S2-546154473,S3-765884018,S3-855205222,S3-573264347,S2-79627178,S2-207998815,S2-427637832,S2-555109544,S3-122352388,S3-597425555,S3-723736397,S2-889243203,S3-585724487,S2-951961479,S3-866741477,S2-268806363,S2-39547519,S2-211048574,S2-315210913,S3-652287374,S2-197062539,S3-109415205,S3-88134182,S3-167591681,S2-659882694,S2-412882978,S3-506949622,S2-164949972,S2-155326795,S3-851673454,S2-338375951,S3-726988253,S2-355656005,S3-629256241,S2-806073616,S3-896331791,S3-44106607,S3-877095205,S3-747274804,S2-287807711,S3-991887584,S2-658263835,S2-898765121,S2-229523864,S3-639721472,S3-695591310,S2-887959244,S3-698637631,S3-878582479,S3-529508487,S2-404433856,S2-149726747,S3-510958232,S3-819001322,S3-94808889,S2-543519668,S2-178774691,S3-277730934,S2-853829547,S3-222409983,S3-396374546,S3-234656137,S3-141650544,S3-150526740,S2-69729202,S2-779126712,S3-764860937,S2-786582431,S3-388981527,S3-717850458,S2-178387107,S3-838377508,S3-182255980,S3-637383939,S3-363227425,S2-762964930,S3-99765624,S3-46929237,S2-55566458,S2-620867050,S3-789576639,S3-898453800,S2-823448172,S3-838416743,S3-217039093,S2-102005272,S3-47729253,S3-265046531,S2-42110101,S3-197976801,S2-415897985,S3-58604367,S3-404825213,S3-275341654,S3-260481606,S2-378018206,S2-938907635,S2-888312086,S3-898978073,S3-233259820,S3-946325287,S3-536172089,S3-949172422,S2-165200918,S3-601727587,S2-457681515,S3-293216569,S2-665119342,S2-546397105,S2-255009584,S3-543550490,S2-463148509,S3-688914611,S2-110582342,S3-913001162,S3-967710137,S2-240363643,S2-715977310,S3-851191725,S3-719154835,S3-949571882,S2-65576636,S3-606644265,S3-319411378,S2-852376738,S3-52817413,S2-906143380,S2-208306199,S2-454437824,S3-189852702,S2-794896485,S2-103221007,S3-930168298,S3-531724372,S3-749747810,S3-259402162,S2-127170526,S2-406545673,S2-242342539,S2-355352021,S3-864359294,S3-193036878,S3-248069857,S3-64680692,S2-9185162,S2-523697702,S2-60662588,S3-34137359,S3-573972920,S3-482372234,S3-227058133,S2-36593555,S3-493473857,S3-85598318,S3-537068132,S3-276163495,S3-292727361,S3-658531399,S3-451896329,S3-364837058,S3-498600231,S3-338880909,S3-676826832,S3-947771067,S3-109796435,S2-643336283,S3-715777368,S3-239578169,S3-686323886,S2-792898152,S2-53311320,S3-501608952,S3-861000929,S3-315427726,S2-634068583,S3-808466506,S3-273925251,S3-75504376,S3-329140084
S1-550154910	S2-657406768,S2-348360933,S3-224835040,S2-338780324,S2-874855092,S3-505045501,S2-47970510,S2-247694529,S2-306589586,S2-300023280,S3-92012215,S2-354497129,S2-350512005,S3-461180913,S3-580325729,S2-389130360,S3-845445184,S3-31923665,S3-507653655,S2-187871077,S3-82566363,S3-635482758,S2-257362411,S3-683568308,S2-837182380,S2-564012783,S3-993177416,S2-87727429,S2-817026751,S2-642722927,S3-568299876,S2-675366569,S3-708562078,S3-767454070,S2-606618303,S3-677543092,S3-280760682,S3-883789863,S2-211614390,S3-229954420,S3-934314799,S3-190393253,S3-423974499,S2-693603365,S2-430387936,S2-30366554,S3-354567136,S2-954852881,S2-688975544,S3-451183945,S3-514511622,S2-860947028,S2-103058563,S3-246965275,S3-657279117,S3-483958914,S3-696445514,S3-775140875,S2-806762820,S2-738533080,S3-548946276,S3-966788298,S2-23793150,S3-430066083,S2-270833643,S3-977073963,S2-756551313,S3-88271924,S3-7134145,S2-972427766,S3-683031335,S3-489494614,S3-754981969,S3-38122446,S2-345568659,S3-777285032,S2-332323044,S2-185168440,S2-394168165,S2-212821777,S2-344178680,S2-178843096,S2-191831400,S2-422099112,S2-450150470,S2-588398787,S3-332300293,S2-351143563,S3-874040365,S2-238263434,S2-978424631,S3-297664676,S3-974442672,S3-363715071,S3-125649242,S3-873851290,S3-680633920,S2-19476634,S2-42262601,S2-205674278,S3-819783179,S2-795080120,S2-627682672,S3-720099512,S3-292495394,S3-755427393,S3-232722224,S3-557847177,S2-916383925,S3-994227406,S3-675397204,S2-382659433,S2-608608841,S2-402758956,S3-199335785,S2-689222703,S3-343086866,S2-303486472,S2-442169767,S2-755763130,S3-665076657,S3-159289951,S2-249830141,S2-187514254,S2-511679446,S2-998270212,S2-526730352,S3-848638594,S2-537181883,S3-488946172,S2-431377438,S2-230442295,S2-442549744,S2-362079222,S3-907436973,S2-798904240,S2-842964322,S3-542190832,S3-994812009,S3-679794357,S2-802063836,S3-44570790,S2-717080929,S2-929651351,S3-926339548,S2-379254028,S2-703403495,S2-775651663,S2-587735614,S2-736508424,S2-779171736,S2-951581501,S2-45821884,S2-24920741,S3-113459657,S3-10304122,S3-119482634,S2-369175747,S2-693390020,S3-864477260,S3-794801739,S3-411609589,S3-980719473,S3-682154645,S2-160739863,S3-405306055,S3-333253188,S2-671245360,S2-984790670,S2-554712560,S3-517738761,S2-862470165,S3-720567584,S2-852892483,S2-659875620,S3-651521850,S2-589445977,S2-92175552,S2-225055385,S3-51093252
S1-897975128	S2-440964085,S2-588398787,S2-594716197,S2-389130360,S2-118768954,S2-103058563,S2-431377438,S2-963557416,S2-773345204,S2-73896819,S2-14666342,S3-996787733,S2-511165913,S2-795080120,S3-699882273,S2-707240310,S2-457000746,S3-416197443,S2-93393917,S2-625514403,S2-602892620,S2-410777778,S2-600641773,S2-247261802,S3-794448047,S2-740922352,S2-212048413,S2-123619757,S2-351143563,S2-394168165,S3-755685121,S3-584682680,S2-436731851,S2-711321945,S2-150843701,S3-291436981,S2-411184767,S3-983283065,S3-812873966,S2-303486472,S2-5273595,S2-1658297,S2-129206832,S2-375849614,S2-870248513,S2-47970510,S3-411975902,S2-817276686,S2-294854584,S2-551281247,S2-23793150,S3-844267169,S2-350512005,S2-695175095,S2-630817745,S2-407927710,S3-659139386,S3-889832691,S2-958844174,S2-430715068,S2-321922290,S3-874040365,S2-257366989,S3-703074347,S2-397551252,S2-135271882,S3-47365435,S3-711825208,S3-728700564,S2-626711254,S2-300023280,S2-526730352,S2-117091605,S3-643341816,S2-87727429,S2-181210769,S2-584897466,S2-662218899,S2-886067552,S2-48617158,S2-978424631,S2-412279253,S2-527970077,S3-292794271,S2-733379415,S2-424031278,S2-14156770,S2-459359599,S2-779171736,S2-977575325,S2-964318302,S2-98650800,S2-983100169,S3-79267718,S3-754823586,S2-689222703,S3-431588293,S2-254766595,S2-671245360,S2-739507689,S2-549867529,S2-233224466,S2-148766422,S2-459969671,S2-302816833,S3-691292621,S2-129122193,S2-230442295,S2-871274106,S2-648428971,S2-722571254,S2-262925857,S2-132803161,S2-860947028,S3-650363269,S2-340676113,S2-721944962,S2-944642835,S3-766693547,S2-933038235,S2-395802601,S2-736508424,S2-589121452,S2-18058119,S2-597814989,S2-884859830,S2-241352407,S2-881711235,S2-108323789,S3-368439725,S2-830388848,S2-838319803,S2-756551313,S2-249830141,S2-951581501,S2-375611524,S2-201303093,S2-497130986,S2-24920741,S2-792441438,S2-994429807,S2-780752987,S2-630971574,S2-739015637,S2-419919116,S2-61770009,S2-983698013,S2-661236223,S2-210463649,S2-274269958,S2-693603365,S3-898073698,S2-907066332,S2-39306652,S3-683968402,S3-859396788,S2-916383925,S2-638878423,S2-553921087,S2-169536513,S2-395530092,S2-990965407,S2-797238349,S2-862470165,S2-491607559,S2-815441628,S3-598917557,S2-268091491,S2-442549744,S2-900169821,S2-822330069,S2-921481031,S2-845094219,S2-908389841,S3-736466127,S2-259236452,S2-275408088,S2-348597809,S2-570312642,S2-209153801
S1-704604312	S2-652903084,S3-779226886,S3-250324284,S2-248990703,S2-638119570,S2-441121533,S3-552397185,S2-803657118,S2-592412285,S2-587461470,S2-517651936,S3-390180673,S2-942557136,S2-34889748,S3-101904473,S2-117184155,S2-53302256,S3-755689128,S2-401944120,S2-954244736,S2-463547523,S3-744700443,S3-175764179,S2-368346570,S2-836004765,S3-128264166,S3-606358131,S2-854547150,S2-291344129,S2-739329733,S2-519681149,S3-418508338,S2-409062448,S2-767658445,S2-580120846,S2-805455211,S2-127971493,S2-627665667,S3-804569911,S3-519484294,S2-388594236,S2-989975324,S3-787837829,S2-117655886,S3-317565098,S2-944100561,S2-202711701,S2-720304745,S2-81823387,S3-800729527,S2-799457326,S3-117929644,S3-921247150,S2-524447033,S2-576809570,S2-867169728,S3-591492307,S2-882619688,S3-72388325,S2-975836913,S3-624064430,S2-951998320,S2-188368209,S2-673373120,S2-548500463,S2-532515474,S2-474434572,S3-290808537,S2-663487062,S2-54721145,S2-386519334,S2-144731255,S2-153022216,S3-18570244,S2-810998761,S2-219170214,S2-813721958,S2-893014552,S2-784313083,S2-401513784,S2-700368085,S2-615778579,S3-427393412,S2-668970208,S2-460294123,S2-376137139,S2-518359538,S2-39747165,S2-890084877,S3-849239826,S2-374187729,S3-564078932,S2-521049331,S3-697523355,S3-440640218,S2-59928467,S3-610677383,S2-97260598
S1-628750886	S3-358729746,S2-786237872,S3-995315197,S3-959743474,S3-453960501,S2-135243872,S2-533000846,S3-719863593,S3-737262941,S3-323942209,S2-336076880,S3-556228627,S3-636249405,S3-89010063,S2-597736363,S3-274269512,S3-228179742,S3-423182087,S3-945074510,S2-379470628,S3-715060299,S3-809535079,S3-276048911,S2-647945622,S2-890178948,S3-187929272,S3-476382537,S3-256536129,S3-171786414,S3-306313196,S3-26659013,S3-520093980,S3-837079914,S3-369748055,S2-164531605,S3-170093050,S3-557590556,S3-896302565,S2-207439352,S2-31275344,S2-239605693,S2-678154331,S3-967582304,S2-14976599,S3-258552232,S3-914210944,S2-342855489,S2-835681531,S3-421264795,S3-525968369,S3-967707800,S2-411365134,S2-534446139,S3-981806152,S2-65808502,S3-194198777,S3-861687252,S2-161614087,S2-836193174,S2-841604447,S2-103947586,S2-705585429,S2-489173239,S2-849705833,S2-871472066,S2-613389959,S2-175110533,S3-43589939,S3-662175430,S3-742091948,S2-11737014,S3-695929806,S3-220842618,S2-571844929,S3-122143695,S3-44511047,S2-506155991,S3-504729320,S3-660838032,S3-766141107,S2-261149262,S3-29782137,S2-964463489,S3-319092992,S3-257431531,S2-865296385,S3-437998749,S3-665859724,S3-430431212,S2-58995303,S3-77766630,S3-898958292,S2-462428237,S3-186670324,S2-660795723,S2-754075332,S2-708317762,S2-521485245,S3-596050523,S2-736753207,S3-682610611,S3-2624129,S2-527367932,S3-681977972,S3-104368779,S2-212302559,S2-514476323,S2-133271608,S3-872197884,S3-281368926,S3-392084031,S3-17625050,S2-445039677,S2-111438775,S3-156174783,S2-265722826,S3-818348994,S3-89846531,S2-652202457,S3-475503985,S2-412180114,S3-713098135,S2-660792558,S3-855282751,S2-726539574,S3-592775047,S2-414029769,S3-96658915,S3-258887002,S2-355190041,S2-978452416,S2-383030202,S2-210128326,S2-566025912,S2-629431053,S2-791497609,S3-543902884,S3-451380040,S2-169701692,S3-213502299,S3-163003008,S2-190162920,S2-225835857,S2-653042915,S3-988961148,S2-93749685,S3-899552369,S3-511350495,S3-520326237,S2-783648666,S3-857937906,S2-580853997,S2-340730807,S3-679244020,S3-892330054,S2-998836123,S2-190725498,S3-253865524,S3-745381024,S2-352931738,S2-690426266,S2-518518982,S3-494441152,S3-664174575,S2-888475867,S2-187180436,S3-407756583,S3-784784513,S3-287521867,S2-868266996,S3-787825768,S3-304960308,S3-732045847,S3-634918658,S3-6822167,S2-782671757,S2-649414925,S2-502078035,S2-689319970,S3-92755938
S1-714038427	S2-938622109,S3-523397952,S2-327895743,S2-112751482,S3-199617731,S2-826808370,S2-236951711,S2-48314096,S2-906850128,S3-896661983,S2-458816444,S2-496319479,S3-959001201,S3-563440300,S3-693276883,S2-844952896,S2-932092761,S3-768875452,S2-911429299,S3-949772589,S3-481581345,S3-881591771,S2-957129546,S2-64391842,S2-133942856,S2-193016113,S2-271505956,S2-697135190,S3-279046029,S2-787788460,S3-797737427,S3-638178620,S2-783990032,S3-44912387,S3-247442919,S2-500705046,S2-541229736,S2-6529437,S3-767513081,S3-500217693,S2-726853310,S2-358654608,S2-342592766,S3-268863446,S3-945185785,S2-763670530,S3-51859802,S2-120654843,S2-518851015,S2-842678300,S3-168727532,S2-372506596,S2-189273846,S3-987375755,S3-12658665,S3-662320078,S3-720916655,S2-657534932,S2-625404541,S2-63388221,S2-994663186,S3-839934108,S2-593223632,S2-875932043,S3-67576091,S2-368320826,S3-185659081,S3-241948155,S2-595735456,S2-158257063,S3-964590877,S2-16765931,S2-337178862,S3-560000573,S3-512197984,S3-260378726,S3-203039753,S2-592250864,S2-365532266,S2-304307378,S2-880334820,S2-613415193,S2-814417353,S2-695952869,S2-57063876,S3-768243216,S3-284064878,S3-319648732,S2-142904697,S2-644189313,S3-966746635,S2-496433797,S2-23739905,S2-758127706,S3-710116871,S2-959015092,S2-917379593,S2-31694455,S3-910753717,S2-532950722,S3-251573302,S2-88268880,S3-257864093,S2-313293468,S3-71504117,S2-839754549,S2-484964808,S3-676531581,S3-681686939,S3-195222756,S2-297259987,S2-675168245,S2-346003793,S3-838628841,S2-415723875,S2-645535621,S3-579558007,S3-473084249,S3-273172824,S2-780591402,S3-269409801,S2-552524015,S2-460949350,S2-798160947,S3-891436302,S2-8515461,S3-405651007,S2-376543579,S3-149331660,S3-220101506,S3-942910587,S3-8891885,S2-122168468,S2-66354294,S2-568605,S2-123575143,S2-365794383,S2-584926436,S3-34291246,S2-230765756,S2-275369766,S2-84473557,S3-441093834,S3-831020147,S2-407912166,S2-522377123,S3-918134085,S3-132198355,S2-17678839,S3-733924614,S2-243721247,S3-670513615,S3-607227785,S3-516661962,S3-565710489,S2-303061871,S2-120923609,S3-699804574,S3-969774759,S2-29643171,S3-150876388,S2-701516449,S2-677020928,S2-905010895,S3-532890057,S3-104594844,S3-553611635,S2-420268581,S2-799541746,S3-469796782,S3-448349907,S3-182807662,S2-75882324,S2-37334607,S3-257311499,S2-690674477,S2-496883836,S2-532500162,S2-259017641,S2-513862374
S1-426194890	S2-303854659,S2-209361055,S2-357180028,S2-533748083,S2-24394406,S2-549263109,S3-608421605,S2-107735460,S2-570430466,S2-345851534,S2-400186470,S2-172142725,S2-332163699,S2-180799152,S2-168849428,S2-489560847,S3-388010068,S2-123163259,S2-701445803,S3-588478743,S2-874492612,S3-290793692,S2-301407041,S2-169564591,S2-691730498,S3-524336764,S2-392595553,S2-236951711,S2-722844932,S3-233456156,S2-322517506,S2-262516740,S2-37973025,S2-33467562,S3-505366286,S2-99595017,S3-541061480,S2-361065074,S2-348272654,S2-160086084,S3-642273345,S3-411540926,S2-96068662,S2-878082390,S3-933412010,S3-909331945,S2-379311595,S2-653415006,S3-567670311,S2-79919892,S3-484830524,S3-764447062,S2-185957316,S2-663347206,S3-33167193,S3-869410716,S2-260757931,S3-534107653,S2-171400053,S3-531741517
S1-122385784	S2-966519378,S3-435078343,S2-679959219,S3-837415294,S3-65312811,S2-424592770,S2-266592280,S3-455897946,S2-765496791,S3-506810019,S2-352229103,S3-825274072,S2-197244160,S2-951217085,S2-544259929,S3-869298781,S3-402618364,S2-660971916,S2-445104472,S3-949844678,S2-230745574,S3-10544001,S2-158086966,S2-69033603,S3-3481662,S2-34931153,S2-822084202,S3-109245211,S2-529024396,S2-400180614,S2-599386980,S3-207837536,S3-764266218,S3-475886447,S2-187744236,S2-666144815,S2-686679308,S2-591772545,S3-966673726,S2-47103688,S2-316613657,S2-354573082,S3-390930763,S3-685910416,S3-5099896,S2-61621772,S3-85313455,S2-153954998,S2-633414929,S2-807380042,S3-699901669,S3-22889941,S2-365604487,S2-651671642,S2-902517254,S2-445051087,S3-269084662,S2-356216613,S2-372699227,S2-635331091,S2-855185138,S2-356639544,S2-896940804,S3-206455943,S2-978746498,S3-169383713,S3-861035683,S3-159512128,S3-890327423,S2-849329177,S2-953521266,S3-935990801,S3-919047965,S3-12691499,S3-471343482,S2-321502572,S2-744635603,S3-662097057,S2-352524806,S3-565149247,S3-108163173,S3-434595238,S3-486838888,S2-419800909,S2-105890899,S2-838612782,S3-305282563,S3-401400567,S3-975101474,S3-167596305,S2-71544017,S3-283284348,S2-317679150,S2-938712644,S3-913729161,S2-79830555,S3-638797946,S2-53493926,S3-826439882,S3-160110545,S3-628083423,S2-378889028,S3-393812032,S3-582475142,S3-53464542,S3-909556649,S3-164236974,S3-610320670,S2-976952946,S2-392237957,S3-713155188,S2-205670092,S3-629889028,S2-254635128,S3-425185749,S3-619485912,S3-528175588,S3-241000019,S2-136061961,S2-70554454,S3-661799435,S3-560357635,S2-487248093,S2-923379319,S2-837086705,S2-518152086,S2-195865989,S3-89027235,S2-473996463,S2-471473388,S2-873389721,S3-107442162,S3-471128711,S3-822204163,S2-86137182,S3-798967548,S2-234200980,S3-183070736,S3-648268160,S3-322334764,S3-237923843,S2-477823064,S3-561945498,S3-213578543,S3-24511714,S2-31694455,S2-623047669,S3-353259826,S2-985760025,S3-850924222,S2-91222116,S3-1173237,S3-760966064,S2-337833685,S2-269915770,S2-511583393,S2-916744336,S3-653666751,S2-742058547,S2-367870951,S2-644806709,S2-969509458,S3-25281609,S3-769829101,S3-267521146,S2-952858710,S3-478690867,S3-24106355,S2-110578310,S2-111046702,S3-250487226,S2-100209898,S3-959622925,S2-797910793,S2-886941185,S3-601037548,S2-648693678,S2-319879422,S2-51246152,S3-113272007
S1-540642140	S2-842678300,S3-268397330,S3-532248119,S2-456514313,S2-744098365,S3-511956443,S3-132198355,S3-858025333,S3-439518272,S3-75851769,S2-7277083,S2-670162547,S2-975741876,S3-721365453,S3-35235432,S2-261228864,S2-598312557,S2-374086598,S2-940832734,S2-438748930,S3-312828113,S2-103781604,S2-28025652,S2-831181359,S2-418144525,S2-26031011,S2-854739841,S2-6529437,S2-121271416,S2-865137666,S2-701271844,S2-516870300,S2-112942286,S2-644189313,S2-316927869,S3-140865666,S2-875932043,S3-139726492,S2-413657180,S2-660638311,S2-580599447,S2-220248812,S2-757054231,S3-465209873,S2-129699032,S3-23829730,S2-148054463,S2-690674477,S2-193016113,S3-693276883,S2-474357549,S2-399045871,S2-410518792,S3-732718689,S2-342592766,S2-358654608,S2-937946084,S2-88268880,S2-703335147,S2-172763926,S2-485171350,S2-757903279,S3-201837476,S2-609571259,S2-787788460,S2-593223632,S2-977350958,S2-464132291,S2-44035259,S3-959001201,S3-182683024,S2-318401274,S3-865052172,S2-737805067,S3-923051784,S2-243625067,S2-825158584,S3-797737427,S2-541229736,S3-572497174,S2-489876714,S3-620258755,S2-24902070,S2-885493859,S2-555361369,S2-20911780,S3-745385483,S3-503058813,S3-199617731,S3-563440300,S2-990815845,S2-697135190,S2-994663186,S3-16100367,S3-393455659,S3-141821860,S3-90893957,S3-380099431,S3-922632740,S3-441093834,S2-278569462,S2-498847231,S2-436440977,S2-840365395,S3-234739408,S2-885315829,S2-956253307,S2-815252019,S2-395418467,S2-102153716,S3-279046029,S3-46996322,S2-96581846,S3-218947672,S2-144521339,S3-451547774,S3-652808257,S2-209983701,S3-628988476,S3-695884855,S2-580545143,S2-378555943,S2-48314096,S2-437100532,S2-420268581,S2-884576375,S2-297259987,S2-563701958,S3-481581345,S3-797337828,S2-681114829,S2-372506596,S3-337764402,S2-726853310,S2-322679152,S2-665381868,S2-905461824,S2-532950722,S2-483485442,S2-783990032,S2-838666746,S2-949568069,S3-383560868,S3-80503101,S3-716946473,S3-418482731,S2-814417353,S2-552524015,S3-505199838,S3-191954096,S2-304307378,S3-781599076,S3-918134085,S3-864547260,S2-133942856,S3-44813988,S2-376543579,S2-620833020,S3-658979997,S3-516661962,S3-589966304,S2-682139452,S3-174724630,S3-8891885,S2-604625784,S3-492190355,S3-963432788,S2-964774733,S2-714611559,S2-783670116,S3-300593021,S3-104594844,S3-157408052,S2-687800696,S3-448675160,S2-243721247,S2-959015092,S3-710116871,S2-73638823,S2-67196640
S1-123475953	S3-179845689,S3-890873020,S2-405720110,S2-188321945,S3-893818826,S2-511205661,S2-60869404,S3-732416048,S3-132269019,S3-716501229,S3-556112729,S2-282438442,S3-71224455,S3-80563314,S3-696289242,S3-493306688,S3-241910201,S3-583984779,S3-834710181,S3-368149715,S2-97086669,S2-136048529,S3-228134423,S3-581899231,S3-142598267,S3-930064442,S3-118955015,S3-717787374,S3-399526928,S3-149955130,S3-722838544,S2-446510312,S3-455972381,S3-744886842,S3-835801910,S3-797869398,S3-606420827,S3-171332589,S2-214181682,S2-392587514,S3-573721806,S3-905160476,S3-403852704,S2-533939583,S3-717410794,S3-38135530,S3-446353128,S2-812789644,S3-300079539,S2-89387649,S2-695880094,S2-556291706,S2-137311100,S3-477842127,S3-406000210,S3-98685182,S2-727134185,S3-963741596,S3-878048309,S3-401070365,S3-100407896,S3-741088302,S3-393675543,S3-204115708,S2-973305535,S3-900261473,S3-760352668,S3-898865172,S2-804960545,S3-707199302,S3-889969441,S3-812705094,S3-547907242,S3-648964505,S3-237542653,S3-183637231,S3-986601547,S3-271028931,S3-3331620,S3-627153369,S3-55982890,S3-423541227,S3-209393929,S3-442863826,S3-791629884,S3-164768925,S3-898344342,S3-533215747,S3-843493474,S3-939227531,S3-777388537,S3-613662854,S3-89751207,S3-971667061,S3-123541430,S3-505452646,S3-95114435,S2-525880026,S3-501670567,S3-271281019,S3-943285065,S3-179099570,S3-984576001,S3-839509914,S3-325261411,S3-517247496,S3-496250177,S3-913749091,S3-104905044,S2-793409957,S3-350564524,S3-702105679,S2-765604709,S3-871865896,S3-200801561,S3-565415624,S3-894054651,S3-402638321,S3-82573141,S3-239374760,S2-960909545,S3-266959944,S3-812853393,S3-484013061,S3-355241663,S3-742381378,S3-57675566,S3-25237004,S2-474182304,S3-729943632,S3-167504129,S3-348558423,S3-36873529,S3-352825217,S3-171074822,S3-719297797,S3-212565493,S3-43789980,S3-260946793,S2-566896732,S3-272245831,S3-924470597,S2-775608910,S3-877187573,S3-495079847,S3-803086345,S2-876628765,S2-627930224,S3-405836558,S3-496782763,S2-37613343,S3-255150389,S3-951347403,S3-315248122,S3-683881642,S3-581743070,S3-502443905,S3-602150445,S2-776377223,S3-596225469,S3-149138134,S3-986560205,S3-456730919,S2-4989441,S2-948960196,S3-931358398,S3-194450521,S2-376377106,S3-559935852,S3-2716954,S3-781645425,S3-117575529,S3-19893372,S3-642532437,S2-814231606,S2-680390565,S3-288476084,S2-902996327,S2-498710588,S3-884473350
S1-444801830	S2-815296655,S2-489623463,S2-20605699,S3-40636200,S2-304641664,S2-980090702,S2-168293986,S2-866479403,S2-695751787,S2-114707044,S2-10625583,S2-555667631,S2-364147967,S2-581712338,S2-269222583,S2-592881202,S2-578453982,S3-910896956,S2-911595810,S3-267511179,S2-304673281,S3-470065307,S3-332814584,S3-410218298,S2-417814323,S3-742036596,S3-207070212,S2-362298658,S2-732505504,S2-855324375,S2-405810669,S2-970894647,S2-911641664,S3-115833624,S3-324762151,S3-484907793,S3-505709824,S3-88912080,S3-531644148,S3-505728960,S3-866580997,S3-244238319,S2-152157970,S3-353297791,S3-889694179,S2-692854899,S3-76488121,S3-654514302,S3-375705641,S3-546131845,S2-608442871,S3-222306979,S3-775556362,S2-54721145,S2-549390171,S3-127132208,S3-117092600,S3-753164863,S3-763828716,S3-947529634,S3-327496689,S3-751825241,S2-765110766,S3-535201442,S2-952437321,S3-94534025,S3-872821130,S3-400847090,S2-592136669,S2-345025976,S3-493127384,S2-703281018,S2-254237917,S2-200273357,S2-960731357,S3-72737523,S2-465185415,S3-222493603,S3-461323882,S2-64719085,S2-53311320,S3-135698140,S3-864604449,S2-102319561,S3-14099396,S3-264755812,S2-576932437,S2-641944323,S3-254957014,S2-372931705,S3-49273916,S2-328536686,S2-988592945,S2-723097211,S3-56119023,S3-259765212,S3-713922930,S3-957241319,S3-896842939,S2-350275357,S3-957162662,S2-568902552,S3-640539120,S3-562325209,S2-240673492,S2-1377549,S3-422631552,S2-109448412,S2-493543131,S2-550374904,S3-864981389,S3-413739582,S2-181638750,S3-388532820,S3-972343990,S2-997943718,S2-327788815,S2-305550866,S3-873372768,S3-546906063,S2-276437568,S3-182481523,S3-117882754,S3-294789968,S2-765044773,S3-637938488,S3-11632598,S3-928316354,S3-869619159,S3-150361805,S3-565320535,S2-712948212,S3-649569225,S2-411967947,S3-302951552,S2-302631256,S3-176828085,S2-283746027,S3-961258556,S3-781104014,S3-396618076,S3-791475388,S2-871919463,S3-284702369,S3-118750955,S2-926915007,S2-719636913,S3-883282650,S3-930008341,S3-309772295,S3-324358301,S2-930382947,S3-396930838,S3-671257101,S2-864819442,S2-299477312,S2-765715070,S2-633010089,S2-146765462,S2-721898050,S2-727331617,S3-350672592,S2-894256508,S2-434865013,S2-195469849,S2-704646810,S2-475059764,S3-23938261,S3-639803117,S3-664008681,S3-86955891,S3-873164148,S3-35348208,S3-885898907,S2-67970420,S2-927811718,S2-462426687,S3-959303927,S3-200553210,S3-848749781
S1-502376041	S2-551281247,S2-350512005,S3-320715327,S2-249830141,S2-978424631,S2-48617158,S2-247261802,S2-47970510,S2-198108921,S3-224835040,S2-842964322,S2-526730352,S3-119633205,S3-835096379,S3-926339548,S2-736508424,S3-576751328,S2-600641773,S2-61770009,S3-280572439,S2-87727429,S2-817276686,S3-680633920,S2-129206832,S2-779171736,S2-739507689,S3-701646835,S3-926900487,S2-711321945,S2-817026751,S2-24193308,S3-542190832,S2-340676113,S2-300023280,S3-683568308,S3-514511622,S2-424031278,S3-580325729,S2-695175095,S2-411184767,S3-451183945,S2-459359599,S3-973803724,S3-505045501,S2-497130986,S3-190393253,S2-181210769,S2-23793150,S3-980719473,S2-461853888,S3-844267169,S3-859953684,S2-135271882,S3-246965275,S2-689222703,S3-182640390,S2-527970077,S2-630817745,S3-548946276,S3-755685121,S3-720784849,S3-951676339,S3-993177416,S3-28467325,S3-430066083,S3-38122446,S3-423974499,S3-966788298,S2-103058563,S3-639906802,S2-351143563,S2-394168165,S3-562567975,S3-714225986,S2-860947028,S3-720099512,S3-994013896,S3-403781141,S2-619674297,S3-718394610,S2-602892620,S3-757889129,S3-354567136,S2-362079222,S2-625514403,S2-756551313,S2-795080120,S3-703074347,S2-303486472,S3-775140875,S3-902640883,S3-851299052,S3-287052653,S3-155137912,S3-904003058,S2-302816833,S3-887819018,S2-670413956,S3-483958914,S2-185168440,S2-430715068,S3-244674085,S3-517106159,S2-187514254,S2-20488727,S2-949209550,S2-375849614,S3-196083522,S3-635615611,S2-995182122,S2-567005056,S2-926810921,S2-397551252,S3-332300293,S2-998270212,S2-30366554,S2-442169767,S3-716734018,S2-230442295,S2-883942265,S3-95114095,S3-3054234,S3-874040365,S3-754823586,S2-916383925,S2-517795580,S3-568299876,S3-796891166,S2-93393917,S2-540053087,S2-782413763,S3-10304122,S3-820253844,S3-683968402,S2-588398787,S3-794801739,S3-451049931,S3-711825208,S3-605289520,S3-515365263,S2-717080929,S2-19476634,S3-720567584,S2-98650800,S2-564012783,S3-682154645,S2-354497129,S2-579386975,S2-247694529,S2-811776364,S2-755763130,S3-245645434,S3-468672610,S2-720526445,S2-929651351,S3-763423323,S2-24920741,S3-555285092,S3-517658877,S3-860167472,S3-750166159,S2-348360933,S3-855871327,S3-466313147,S2-129122193,S2-874855092,S3-581309049,S2-436731851,S2-14156770,S2-175987742,S3-279963211,S3-62338559,S2-699370711,S3-82774792,S3-243385559,S2-675366569,S2-45821884,S2-338780324,S3-193651729,S3-537298639
S1-594021398	S2-705838505,S2-229656817,S2-606859896,S2-932589145,S2-828739074,S3-706989830,S2-430858827,S2-517795580,S2-562299673,S2-708352519,S2-532012363,S3-789680995,S3-81251162,S2-710346048,S2-836004765,S2-49069229,S2-537577036,S2-180113952,S2-351805720,S3-487239874,S2-577766410,S2-922770028,S2-669641587,S3-714453823,S2-617790108,S2-437831187,S2-770081906,S3-298050752,S2-585814609,S3-626166082,S2-315871594,S2-327637296,S2-896007056,S2-182440381,S2-971269948,S2-594407743,S2-706041339,S2-424595462,S2-469678494,S2-15576704,S2-689666527,S2-549522617,S2-155646280,S2-895728859,S2-430488711,S2-767997013,S3-453377653,S3-822519034,S2-401459353,S2-889918513,S2-560801662,S2-427698024,S2-420446203,S2-736586353,S2-886732759,S2-817276686,S2-606618303,S2-434748052,S2-519393781,S2-750152511,S2-164900068,S2-562133786,S2-442251246,S2-860947028,S2-424031278,S2-852042207,S2-46192313,S2-321000940,S2-79780183,S3-380865889,S2-236502124,S2-975549235,S2-294384748,S2-552834852,S2-412924624,S2-247001889,S2-311498543,S2-683268866,S2-589549611,S2-643393193,S2-56051253,S3-371003220,S2-855989772,S2-146545453,S2-501036746,S3-630620038,S3-426826665,S2-449598209,S3-32125642,S3-265090327,S3-651954141,S2-742524844,S2-790160706,S3-247333344,S2-484622675,S2-586906337,S2-793383474,S3-549591879,S2-310967848,S2-130395055,S2-260821412,S2-949950767,S2-98148007,S2-536939129,S3-529090004,S2-598036698,S3-148485844,S3-152543600,S2-420617297,S2-138896427,S2-150191211,S2-819310622,S2-934716922,S2-276149034,S2-400899419,S2-236321150,S2-846609706,S2-158317453,S2-806864654,S3-125992733,S2-50524803,S2-880221471,S2-840070502,S3-457214407,S2-319187695,S2-527652973,S3-460206531,S2-266268258,S2-393902595,S2-367933519,S3-112556658,S2-450182726,S2-131468284,S3-256697494,S2-960258531,S2-213066512,S2-993717881,S2-634571997,S2-81242288,S2-528243076,S2-97260598,S2-765689508,S3-793265659,S2-72216975,S2-681468189,S2-939842188,S2-861422809,S2-700368085,S2-740279975,S3-859090810,S3-726290013,S2-296621473,S2-952003599,S3-715156420,S2-697969720,S3-987464583,S2-654913764,S2-530403107,S2-553225617,S2-779718587,S3-791529840,S2-822377315,S2-763658374,S2-947816982,S2-399815856,S3-708694176,S2-276198859,S2-67284424,S2-375288089,S2-108746514,S2-748241602,S2-117120610,S2-166564831,S2-417414337,S2-390142514,S2-229422432,S2-501534718,S2-31544111,S2-602597228,S2-327583199
S1-261170522	S3-59175053,S3-967238374,S3-678279414,S3-699297219,S3-622313433,S2-238215856,S3-313263470,S3-873801495,S3-698879277,S2-123309796,S2-842062245,S2-903113935,S2-909246229,S3-32589532,S3-596575988,S3-513834371,S3-575235944,S3-106446414,S3-51841915,S2-708416992,S3-216502740,S3-464207121,S2-257828288,S3-179084943,S3-632050292,S2-742169755,S2-209068375,S2-550176028,S2-810569289,S3-582505370,S3-101707804,S2-784720932,S2-802064296,S3-67502576,S3-304043536,S2-870670768,S2-101331916,S2-20824015,S2-219926911,S3-903233881,S2-525219551,S3-4109766,S3-910680351,S2-741250223,S3-778343866,S3-175196117,S2-356216613,S2-539053905,S2-323265913,S2-422422785,S2-762993205,S3-339215876,S3-693371761,S3-358142080
S1-466641145	S2-593595577,S2-775523121,S2-762310335,S3-911339326,S2-181625854,S2-462781289,S2-381495092,S2-975664547,S3-581397602,S2-993515161,S3-772147874,S3-63244810,S2-765834139,S2-973459583,S2-364061806,S2-134318524,S2-856335836,S3-321697170,S3-98192207,S2-186099239,S3-554586547,S3-881366751,S3-715349594,S3-179462159,S2-810986651,S3-761081103,S3-954007146,S2-512021290,S3-526886844,S3-71255008,S3-79567124,S3-688859974,S3-234659501,S3-559216489,S2-5159063,S3-897513644,S3-691478522,S2-991545286,S3-980408146,S3-752003064,S3-808651670,S2-44713064,S2-927296727,S2-898773584,S2-713079290,S3-91490161,S2-884396375,S2-453365854,S2-37080803,S2-110110097,S2-676368068,S2-399597228,S3-501865392,S3-236867435,S2-236079990,S3-334279665,S3-811809635,S3-744251626,S3-402540896,S3-835679409,S3-168581238,S2-626785223,S2-99269459,S3-297336846,S2-735407031,S3-38148457,S2-937999261,S2-529420923,S2-279095628,S3-576682237,S3-727008159,S2-54935976,S3-572400103,S3-366910918,S3-953874934,S3-432037879,S2-739699756,S3-39962845,S2-921744764,S3-935965425,S3-398501371,S2-797958955,S3-992137102,S2-370255592,S2-812783875,S3-585236890,S3-922814588,S3-746567199,S2-912213715,S3-263497666,S3-929474627,S3-107273061,S3-46391919,S2-638926005,S3-501737551,S3-349964138,S2-75676145,S3-209216351,S2-736816883,S3-873113499,S3-549374021,S2-558799392,S3-137797686,S3-214967767,S3-692740830,S2-952556671,S3-803904627,S3-851471320,S3-22321512,S2-621605529,S3-330930479,S3-160526692,S2-803068701,S3-459650342,S3-658997609,S3-916662937,S2-229203598,S2-968505057,S2-878889041,S3-851710769,S3-595855331,S3-828458114,S3-916300050,S3-363629254,S2-804871649,S2-320511730,S3-120566964,S3-158517817,S2-125539487,S3-703496100,S3-917443949,S2-1626921,S3-872555882,S3-832420825,S2-990371459,S2-828080801,S2-664615263,S3-688013575,S3-256158425,S2-526735334,S2-613021953,S2-771831940,S3-880910898,S2-227333460,S2-218163632,S2-270858885,S2-410629067,S3-412307944,S2-176998529,S3-384294912,S3-425970770,S2-677611473,S2-294315780,S3-837191773,S2-168649027,S3-928125785,S2-169692904,S3-50316458,S2-865134175,S2-20798878,S2-164885954,S3-560450875,S2-806392216,S3-200210443,S2-523951310,S2-86917411,S2-767912318,S2-189188919,S3-755632474,S2-805329478,S3-741932989,S2-324814113,S3-674755686,S3-368711513,S2-192795894,S3-721951487,S2-721273162,S2-719818233,S2-405084080,S3-536662266
S1-99245709	S2-492723155,S2-809797879,S3-652720873,S2-161869963,S2-355864734,S3-147316478,S2-169727784,S2-640233717,S2-856860182,S3-126070118,S2-412039206,S2-733494616,S2-733077418,S3-585223550,S3-993098476,S2-547919830,S3-902929595,S2-436724365,S2-98348512,S3-889051093,S3-458410843,S3-407149333,S2-644146285,S2-934211245,S3-780604171,S2-239619835,S3-392522482,S3-270019100,S2-497867787,S3-797998623,S3-448543590,S3-109259623,S2-192514667,S2-256979496,S2-459444436,S2-673126415,S3-800853767,S3-926900487,S2-411489912,S3-647239578,S3-962441607,S3-94448292,S2-93605296,S2-451216326,S2-193345406,S2-746370141,S3-640187820,S2-296081180,S2-959043908,S2-432719132,S3-966482213,S2-980677142,S2-515085737,S2-124406055,S2-252703957,S2-989772793,S3-436130792,S2-679420161,S2-930942733,S2-483966601,S2-396366670,S2-753026532,S2-243706118,S2-799068137,S3-275270650,S2-525295669,S2-91969961,S3-423724516,S2-486692461,S2-616571247,S2-935651823,S2-656156067,S2-145514301,S2-372717695,S2-714951069,S2-441637872,S2-809475395,S2-680468889,S3-334572784,S2-896690580,S2-861080606,S2-845185779,S2-361931113,S2-919585353,S2-789354771,S2-737095949,S3-234063215,S2-544823081,S3-760045851,S2-947934443,S3-491664491,S3-137837163,S3-285683858,S2-272264130,S2-183597752,S3-846627595,S2-632715688,S3-604946597,S2-432919140,S2-43000848,S2-477818514,S2-588085625,S2-552587599,S2-529653268,S3-112368014,S2-978144883,S3-464507396,S2-942944958,S2-170890750,S3-242590859,S2-449075159,S2-770946052,S2-907810221,S3-619302515,S2-239755861,S3-198744378,S2-6607717,S2-784442772,S3-405835838,S2-83896121,S2-127410251,S3-71727914,S3-604314732,S3-824592915,S2-502487055,S2-83613039,S3-713584644,S2-472356786,S2-203077478,S2-626902403,S2-927355832,S2-41236988,S2-656549066,S2-897963925,S2-898898141,S2-624072726,S2-751803074,S2-727111603,S2-464448321,S2-498628515,S2-821949203,S2-546413750,S2-471974049,S2-48203994,S3-652673949,S3-903865441,S3-205989640,S2-149615437,S2-518055291,S3-762042342,S3-122475832,S2-273719064,S2-566848302,S2-772877325,S2-865247301,S3-336141848,S3-919281911,S2-717079309,S3-725967453,S2-333169758,S2-379558632,S3-298077184,S3-311314790,S2-604893428,S2-685002266,S2-332808660,S2-997064281,S2-886163270,S3-354252671,S3-765720263,S3-147250984,S3-109368624,S2-445507381,S2-103334562,S3-846104867,S2-56354930,S3-153009257,S2-701001774,S2-856478884,S3-993593070
S1-339015166	S2-407997384,S2-119731521,S2-260783727,S3-452090748,S2-576201028,S2-503500920,S2-480036009,S2-159477674,S2-790080617,S2-607439619,S2-285493501,S2-209320819,S2-788345577,S2-578070986,S2-836795067,S2-568902552,S2-341324483,S3-364426998,S2-470109102,S2-24315382,S3-252251349,S2-479558638,S2-217504875,S2-817195716,S2-444770863,S3-469467821,S2-596261092,S3-21661343,S3-355019990,S3-333668271,S2-108129111,S2-496421297,S3-654935469,S2-269753859,S3-605354562,S2-903985964,S2-887596312,S2-63006362,S2-425252195,S2-525621964,S2-979536106,S2-92929203,S2-809446796,S2-235829911,S2-64798871,S2-384038746,S2-174315057,S2-606224920,S2-250407423,S2-525884428,S2-622584266,S3-89438677,S2-668025282,S2-39603967,S2-611086251,S2-805444495,S2-565474831,S2-59869917,S2-401772404,S2-967168217,S2-979096206,S2-523251697,S2-889538824,S2-162556105,S2-275125360,S2-965614954,S2-801553070,S2-174187547,S2-390073637,S2-18180119,S3-14337225,S2-189048601,S2-247538567,S2-434261899,S2-497699182,S2-414487075,S2-380815845,S2-6184028,S2-465694455,S2-251426537,S2-195598385,S2-912005579,S2-198202218,S2-496826174,S2-397528344,S2-906447487,S2-957129286,S2-460240086,S2-751326812,S3-452270399,S2-10844142,S3-278539583,S3-872177222,S2-872782933,S2-280283783,S2-401390940,S2-982488853,S2-24986701,S2-201521380,S2-637647177,S2-578943762,S2-521682474,S2-614677852,S2-152000251,S2-372511111,S2-409984645,S2-131735629,S2-561700565,S2-205684855,S2-78140582,S3-309969687,S3-515551240,S2-830877340,S2-376728042,S2-552065878,S3-671679641,S2-928633630,S2-153590190,S2-250033269,S2-488977283,S2-252146202,S2-879514123,S2-892099405,S2-905533869,S2-919433719,S2-264720049,S3-76340991,S2-356199360,S2-939972778,S3-169680952,S2-361445836,S2-510635651,S2-16706628,S2-591052054,S2-235808422,S3-369653307,S2-819612114,S2-242588199,S2-409544847,S2-599932595,S2-697742552,S2-322874543,S2-473944983,S2-664411184,S2-630486694,S2-426121095,S2-482081238,S2-287849452,S2-396711531,S2-501039792,S2-481113885,S2-150843701,S2-433321114,S2-907900549,S2-470182555,S2-638650888,S2-759387708,S2-402915101,S2-528836067,S2-857167023,S2-588345541,S2-917616907,S2-221883099,S2-273091034,S2-435466608,S2-164454648,S2-682351923,S2-627809306,S2-230853512,S2-249256014,S2-705186542,S2-882848533,S2-938060710,S3-591790934,S2-483937674,S2-82274468,S2-887123026,S2-271279318,S2-121933134,S2-683642640
S1-614259237	S2-463134710,S3-721649506,S2-919907266,S2-594538657,S2-720648641,S2-764916381,S3-189159408,S2-155745917,S2-61855318,S2-274467769,S2-40614351,S2-581549782,S2-378765319,S3-414125276,S2-439140764,S2-530971213,S2-320393946,S3-469462223,S2-992757697,S2-398811719,S2-528686133,S3-476845641,S3-207774842,S2-96896941,S3-389257610,S3-681247083,S2-349153322,S2-593565156,S3-723112655,S2-821758517,S3-277012414,S3-550895951,S3-525108693,S3-797337068,S3-31882713,S2-20928654,S2-348035426,S2-186611636,S3-190233639,S3-797061179,S3-869538951,S3-776479150,S2-462404592,S2-198216347,S3-607953728,S2-985176518,S2-441687641,S3-822184939,S3-152153600,S3-878782457,S2-20231453,S3-530183813,S2-376634378,S2-24275407,S3-97732517,S2-331857862,S2-110329682,S2-521349456,S3-403748952,S2-462866226,S2-76793383,S2-677039609,S2-133459460,S3-787628165,S2-279347296,S3-366124704,S3-496270016,S2-803040824,S2-188157420,S2-377865304,S3-820083235,S3-625789104,S3-432940469,S2-76164443,S3-251507335,S2-43726668,S2-197074257,S2-8422686,S3-794060318,S3-333330364,S3-855873197,S2-793244479,S2-477429690,S2-867346039,S3-330507123,S3-44892628,S3-749849526,S2-465849879,S3-982456503,S2-311381500,S2-996446311,S2-78545560,S3-190213412,S3-900520051,S2-98786774,S3-783237056,S2-477073381,S2-672056494,S3-102928187,S3-791510022,S3-708150560,S2-498219515,S2-782852606,S2-868296883,S2-431807230,S2-328555084,S2-49105661,S2-845981082,S3-439524676,S2-419291038,S2-841786122,S3-328445860,S3-507220996,S3-711599508,S3-419408060,S3-664670747,S3-506312119,S2-243296118,S3-715388148,S3-912469730,S3-918975851,S3-763752744,S2-500143154,S3-880937,S2-740240559,S3-740972676,S2-177211398,S2-612725343,S2-762026941,S3-925986913,S3-938815820,S3-371033990,S2-845875537,S3-420100657,S2-694073194,S2-610064974,S3-10645551,S3-212206275,S3-478372029,S2-595660302,S3-155084556,S2-68441818,S3-502010675,S2-249425502,S3-289567021,S2-692582005,S2-155616834,S2-627555144,S2-983651104,S2-849768187,S2-705338110,S2-329688165,S3-220516595,S2-134319138,S3-878364612,S3-195050151,S2-346168719,S3-718801714,S2-779056766,S2-257040260,S3-916907765,S3-706944390,S3-937845223,S2-538618768,S3-764964905,S3-115352309,S3-66437077,S2-847854943,S3-832486843,S3-970349508,S3-913148143,S2-437575479,S2-109092801,S2-178420510,S3-509957303,S2-328567236,S3-628080098,S2-980928559,S3-666623339,S3-785426334
S1-385801270	S2-273602723,S2-173133274,S2-974479697,S3-130647528,S3-426841379,S2-313017868,S3-108021098,S3-510965154,S2-521485245,S3-462985844,S3-171920830,S2-285549357,S2-392595553,S2-822681145,S2-865296385,S3-147552858,S3-303505497,S2-345065620,S2-889139960,S2-757238574,S2-109539699,S3-992933777,S3-772147874,S2-819087568,S2-776085512,S2-532673061,S2-281224093,S2-442249232,S3-209429510,S2-554899730,S3-560450875,S3-916300050,S3-672183258,S3-435008828,S2-775523121,S2-235440626,S2-68825976,S2-533305208,S2-544508980,S3-502258413,S3-328840802,S3-235857616,S3-970962019,S2-762766956,S3-554074334,S3-436961036,S3-19339829,S2-66062632,S2-816390814,S2-105902821,S2-932567028,S3-290413216,S2-646218526,S2-13072938,S2-621225139,S3-310293123,S2-330582538,S3-59221790,S2-744736880,S3-151967478,S2-225590910,S3-844741994,S2-166991997,S2-169701692,S2-399597228,S3-451860021,S3-262723171,S2-567940802,S2-312571712,S3-74863948,S3-217491610,S3-811182718,S3-917727008,S3-845445437,S2-37080803,S3-932905518,S3-331103538,S3-30972,S3-146891286,S2-177140915,S3-270279909,S2-203099050,S2-772985419,S2-522232069,S2-460308813,S2-908079681,S3-489941683,S3-740366073,S2-267134773,S2-709602418,S3-494271652,S2-508262928,S2-548973387,S3-872416531,S3-2681180,S3-325774786,S3-969102189,S3-566792817,S3-174497076,S2-419385758,S3-409858322,S3-639740468,S3-852869350,S2-963261487,S2-612591290,S3-536391720,S2-676069227,S3-536232459,S2-282715976,S2-507776525,S2-813733153,S3-786680696,S2-476828892,S2-850461049,S3-156546450,S3-584657116,S3-59547065,S2-973605948,S3-602420532,S3-380145819,S3-362438995,S2-108209369,S3-725281466,S2-167830215,S2-967309356,S3-42046426,S3-43058467,S2-678711299,S2-636400387,S3-190355473,S3-109120379,S3-264207613,S3-72551382,S2-554792568,S2-350216748,S2-704784114,S3-483905353,S3-30786515,S2-362945702,S3-28204129,S3-881366751,S3-449787572,S3-630840237,S2-913706007,S2-20869901,S2-692712904,S2-584072405,S2-697209928,S3-241419187,S3-750136175,S2-796837749,S3-968953815,S2-342016797,S3-805849381,S2-782958098,S3-921850387,S2-883108268,S3-678654237,S3-369486428,S2-441813094,S3-36221036,S2-152218404,S3-664375045,S2-278976022,S2-179380437,S2-216581706,S2-143495643,S2-329388918,S2-337794669,S2-984676843,S3-646432179,S3-480005136,S3-624003656,S3-349956249,S2-734060241,S3-157769318,S2-517534561,S3-576069189,S3-983443913,S3-727153783
S1-334672926	S2-519283641,S2-474124252,S2-296491616,S3-89812550,S2-138265296,S2-374632896,S3-85127439,S2-311302945,S3-225117491,S2-137809473,S2-791399008,S2-143986867,S2-515100149,S2-334362501,S2-737885870,S2-388906840,S2-755616181,S2-499478070,S3-144784336,S3-107976059,S2-90628299,S2-452380997,S2-930986886,S3-819591530,S2-278950483,S2-19831491,S2-597925507,S2-95876908,S2-368320826,S2-125262185,S2-225834320,S2-438748930,S2-742874598,S2-719376925,S2-241023816,S2-216295125,S2-243808682,S2-442251246,S2-638268338,S2-313452475,S2-968278326,S3-600765708,S2-208712449,S2-936711237,S2-79119803,S2-728117099,S2-671100864,S2-705684042,S2-511047341,S2-854780942,S2-376634378,S3-591907618,S2-668787001,S2-436115830,S2-855479156,S2-178055008,S2-682299951,S3-721606764,S2-8422686,S2-357878922,S3-599485612,S2-65807310,S2-226530519,S2-700356863,S2-204433622,S2-371678985,S3-514503792,S2-691286542,S2-375849614,S3-403456002,S2-2641867,S2-986716062,S2-91776046,S2-26031827,S3-850776157,S2-718494723,S2-412463278,S2-420658338,S3-911594260,S2-591234528,S2-342746037,S2-73643021,S2-175762234,S3-896032795,S2-391663677,S2-82693962,S2-489148018,S2-787129258,S2-412565852,S3-668426266,S2-336821634,S2-783207344,S2-741988967,S2-136638989,S2-123224411,S2-827982690,S2-499069955,S2-132721834,S2-823495263,S3-336665534,S2-58436016,S2-712643077,S2-807900067
S1-717749279	S2-913195122,S3-410392259,S3-462381740,S2-247738094,S2-829602188,S3-318930254,S2-13682032,S3-576866747,S2-876889991,S3-913254865,S3-287919006,S3-489941683,S3-554074334,S3-174497076,S3-28391425,S3-281302626,S3-693837253,S2-916091647,S2-299154817,S3-508166370,S3-584657116,S2-819087568,S3-264207613,S2-617186571,S2-350606092,S2-967309356,S3-744367198,S3-802377974,S3-473739447,S2-113116193,S3-917727008,S3-554700151,S3-944953237,S2-77241306,S2-17052575,S3-234369272,S3-978862386,S2-860540734,S2-404690587,S3-402051873,S3-790614175,S3-469393386,S2-405500789,S2-460308813,S3-419982870,S2-576745524,S2-246055367,S3-868927600,S3-921850387,S2-82693962,S3-845445437,S2-225590910,S2-475434554,S3-122756500,S2-13072938,S3-302566298,S2-956952534,S2-567940802,S2-20869901,S2-816390814,S2-704125901,S3-171920830,S2-682718478,S3-534004445,S3-550931391,S3-978037795,S3-213182866,S2-659790455,S3-530250452,S2-185013334,S3-549187954,S3-932905518,S2-172751739,S3-802206571,S3-952935394,S2-558100740,S3-30972,S3-592261344,S2-386934307,S3-740366073,S3-138205223,S3-697182716,S3-667199606,S3-940298374,S2-643692461,S2-217260065,S2-287647663,S3-151967478,S3-43058467,S2-90993540,S2-345065620,S3-810060615,S3-915560653,S2-707825867,S3-483905353,S3-811182718,S2-861455586,S2-190162920,S3-785359948,S3-536232459,S2-818236267,S2-874929400,S2-129397759,S2-706146364,S2-648693678,S3-162798249,S3-699574986,S3-64079929,S2-509829201,S2-850461049,S2-186033639,S3-303505497,S3-2681180,S2-285549357,S2-137901846,S2-222971625,S3-199456686,S3-664375045,S3-190355473,S3-208520456,S2-884142428,S3-91784597,S3-250487226,S3-441881659,S3-787634420,S3-9655523,S3-260812104,S2-61732760,S3-805849381,S2-94820185,S2-467810451,S3-259455906,S3-213603178,S3-786680696,S3-409513890,S3-872416531,S2-153275752,S2-963261487,S3-740879978,S3-852869350,S3-8867145,S3-479958114,S2-913706007,S2-621225139,S2-412280451,S2-943105432,S2-503689232,S3-451860021,S3-59221790,S3-609100325,S2-704784114,S3-861078163,S2-419385758,S2-297262857,S3-490822535,S3-400356542,S2-278976022,S2-939101446,S2-314290114,S2-468427870,S2-676196560,S3-963392613,S3-113294326,S2-770738730,S2-364330651,S2-744736880,S2-216581706,S3-878948097,S3-59547065,S3-754769050,S3-514185992,S2-743206403,S2-973605948,S2-799530144,S3-983443913,S3-668236807,S2-617513552,S2-342016797,S3-362438995,S3-295968491
S1-564662660	S3-214213952,S3-178375366,S2-195128134,S2-703516110,S3-657919288,S2-116990488,S2-55491066,S3-22274589,S2-952847200,S2-411773002,S2-872953423,S2-462329074,S2-706548751,S2-363080475,S2-602405925,S2-236581494,S3-506942678,S2-350020248,S3-195050151,S2-80734166,S2-59040544,S2-681271230,S2-199280788,S3-214593864,S3-563137754,S3-446150633,S2-751202314,S2-304989017,S3-177244648,S2-747600072,S3-628844727,S2-443729359,S3-896961060,S2-713637360,S3-459538515,S2-379203700,S3-906176808,S3-668629842,S3-416247723,S2-335565564,S2-51615186,S2-722101832,S2-636275568,S2-407675341,S3-232673356,S3-873093932,S3-864402191,S2-677418029,S2-532708976,S3-724781420,S3-87164932,S3-407347257,S2-390204019,S3-192561665,S3-646236694,S2-280811393,S2-476027171,S3-149756405,S3-749494147,S3-433821912,S2-562185797,S2-447375514,S3-713832596,S3-471499195,S2-149852320,S2-944941126,S2-609112356,S2-126555429,S2-251853502,S3-389869304,S3-472484301,S3-28078346,S2-499383307,S2-354060049,S2-643036049,S2-999959283,S2-634828042,S3-103114129,S2-163009953,S2-716695476,S2-917859734,S2-757534042,S3-381008246,S3-984455002,S3-987884808,S2-263528180,S3-277980535,S2-171504672,S2-701777161,S2-575432786,S2-700356863,S2-663050270,S2-969149183,S2-900732677,S3-141017219,S2-431132818,S2-258360599,S2-501556734,S3-766815643,S2-58857525,S3-801127901,S2-499505081,S3-925928023,S2-925094654,S3-336024369,S3-384456289,S3-420537443,S2-646202136,S2-750024428,S3-81833880,S2-428385832,S3-312750452,S2-637469359,S3-718504937,S3-760433788,S3-11993669,S3-827297363,S3-558673736,S3-293366364,S2-941761654,S2-839648719,S3-863960483,S2-828867563,S2-240825627,S2-357180028,S3-694625837,S3-232398810,S3-554447021,S2-427066555,S3-689205987,S2-508252114,S2-737607060,S2-298347903,S3-627410971,S2-733805674,S2-291827529,S3-602297320,S2-939202117,S2-551914381,S2-693901543,S2-143610967,S3-97827472,S3-461931434,S3-642991553,S3-375363933,S2-269300058,S2-881286121,S3-588881635,S3-703481876,S2-695784416,S3-161182112,S2-342081407,S3-310096351,S3-764685422,S3-463326544,S3-630352424,S2-984286189,S2-876933047,S2-594478805,S2-728082085,S2-377024628,S3-431738670,S3-334116543,S3-925016150,S3-738183748,S2-915610056,S3-844468139,S3-563083804,S3-129365768,S2-875254141,S3-5605653,S3-675207366,S3-790605137,S3-125301343,S3-616092059,S2-96163213,S2-839421642,S2-903046871,S3-751725133,S3-862103721
S1-41643447	S2-627809306,S3-244057525,S3-787362369,S2-665077110,S2-205674278,S2-264434474,S2-92929203,S2-480421778,S3-553198430,S2-435584508,S2-849447071,S2-939972778,S3-729900346,S2-668025282,S2-907042967,S2-751326812,S2-10844142,S2-311970829,S2-644330720,S2-857167023,S2-470182555,S2-457681515,S2-883905333,S2-570977454,S2-615089280,S3-871727436,S2-888120580,S2-688639436,S2-858498846,S2-792603765,S2-644655973,S2-960666794,S2-210791875,S2-606224920,S2-97561703,S2-336821634,S2-685165779,S2-420574408,S2-895906111,S2-81791890,S2-882848533,S2-16706628,S2-488977283,S2-555716915,S2-511490226,S2-917161865,S2-705186542,S2-288592732,S2-529882230,S2-892099405,S2-335659628,S2-330693868,S2-683642640,S2-786671109,S2-396711531,S2-496121735,S2-917444010,S2-465255504,S2-42312843,S2-223276547,S2-205874870,S2-820303565,S2-892453924,S2-547919532,S2-426121095,S2-148622220,S3-576602764,S2-150843701,S2-106341849,S2-83198324,S2-227618431,S2-479154694,S2-732700346,S2-213110901,S2-237453164,S2-656780981,S2-55225145,S2-95770597,S2-951564019,S2-565474831,S2-54530462,S2-120876126,S3-670505731,S2-564886018,S2-907900549,S2-561700565,S2-195598385,S2-476721040,S2-755645360,S2-361614898,S2-267535144,S3-804274330,S2-406825129,S2-242588199,S2-811529948,S2-979096206,S2-549867529,S2-706640273,S2-49069229,S2-372511111,S3-308169079,S2-630585756,S2-788628222,S2-357515538,S2-852298556,S2-697505073,S2-601173803,S2-419491073,S2-235808422,S2-577972441,S2-2641867,S2-696077581,S2-765806846,S2-386611611,S2-482081238,S2-276155359,S2-589215826,S2-245612075,S2-153590190,S2-921191764,S2-491277475,S2-705921678,S2-897270738,S2-892595209,S3-338131534,S2-319681141,S2-575547185,S2-164454648,S2-638650888,S2-695812164,S2-937149003,S3-644676548,S2-138036393,S3-752263490,S2-28137005,S3-309891012,S3-790187880,S2-819612114,S2-197741618,S3-894935424,S2-179124370,S2-575952928,S2-85673195,S2-466906698,S2-58929129,S2-869078815,S3-682664273,S3-955554835,S2-433321114,S2-446751168,S2-996940195,S2-10712087,S3-898544362,S2-83832910,S2-156968585,S2-29982663,S2-746163347,S2-903525228,S2-193182845,S3-593599950,S3-133771072,S2-697787819,S2-402714269,S2-806661640,S2-389013354,S2-917616907,S2-152000251,S2-264720049,S2-867917626,S3-730060223,S2-557865140,S2-262648277,S2-496826174,S2-521416591,S2-322874543,S2-251426537,S2-272560848,S2-55628148,S3-736798421,S2-144034060
S1-581360597	S2-578854348,S2-120420573,S2-664036246,S3-349679455,S3-526876240,S2-362870814,S2-603597059,S2-10217638,S2-91064584,S3-132553935,S2-683793701,S2-360730530,S3-831075134,S3-559657389,S2-836120288,S3-877097974,S3-495344572,S2-359719012,S2-327377061,S3-937791576,S3-419565660,S2-254635128,S2-147251132,S2-255576709,S2-870080655,S2-24644781,S2-865847068,S3-635163172,S3-527253448,S2-997045095,S2-737805067,S2-58815413,S2-407661036,S3-904832763,S3-324808989,S2-400190057,S2-284439134,S3-658080530,S2-369634827,S2-772791251,S3-489609508,S3-729273261,S3-155611732,S2-53725511,S3-689672159,S2-383220842,S3-351709421,S3-764097128,S2-580599447,S2-452430272,S3-177360640,S2-444062123,S2-606560091,S3-515050518,S3-805729669,S2-855052803,S2-328937334,S3-651842016,S2-15571876,S2-896465381,S2-400706190,S2-265254100,S2-233586234,S3-388736740,S2-511948417,S3-521374106,S2-219000671,S3-283453094,S2-360549470,S3-445051431,S3-874551012,S3-612006426,S2-748332200,S3-49250317,S2-470202940,S2-405965999,S3-595635287,S2-910295846,S2-430984136,S2-943223196,S3-579384604,S2-158898318,S2-392755824,S2-907349979,S2-450990494,S2-573927194,S2-136853274,S2-821030601,S3-925315489,S3-285202361,S2-712294921,S3-805995737,S2-386961372,S2-216295125,S3-201441610,S3-474268011,S3-30906587,S2-166886907,S2-493814760,S3-252133610,S3-331588542,S2-868833660,S2-314606486,S2-182824158,S2-148709971,S3-68822292,S3-916685476,S3-434050973,S2-890815313,S3-918055462,S3-386151861,S2-580615251,S3-620366426,S2-679824068,S2-385312142,S3-859778310,S2-109172202,S3-853704128,S3-99733471,S3-376378561,S3-573737584,S3-170649826,S2-589171726,S3-627447307,S3-128268117,S2-865421412,S2-887209929,S3-277871237,S3-927198232,S2-498589580,S2-933845077,S3-543565278,S2-488463193,S3-477455273,S3-286750643,S2-999683538,S2-671100864,S2-720053282,S2-979989344,S2-59909553,S2-266077862,S2-715669813,S2-810569289,S3-807166499,S3-323007511,S2-757755510,S2-705708442,S3-446877362,S3-749393473,S3-147393291,S3-68321827,S3-610270095,S3-586164835,S3-435078343,S3-414627989,S2-965365329,S3-764852050,S3-680082767,S3-394083549,S2-931417905,S2-728600537,S3-187873403,S3-762736295,S3-345096455,S3-257698168,S3-464637790,S2-75882324,S3-303206162,S3-445482340,S2-727980122,S2-498800847,S2-927940634,S3-349591121,S3-642273345,S3-23548513,S3-119405414,S2-942688007,S3-863992050,S3-468999370,S2-591415594
S1-946184931	S3-596575988,S3-385753858,S2-976445428,S3-605606512,S2-175905260,S2-219000671,S2-723903459,S3-864741808,S2-59060300,S3-721543857,S2-309533013,S3-804743342,S2-751126967,S3-565025468,S3-566274742,S2-532500162,S3-27267207,S3-141499327,S2-775180820,S2-195723912,S3-160691231,S2-646217296,S3-527527218,S2-84843728,S2-547031416,S2-947116767,S2-181438613,S3-734988689,S2-901684401,S2-258360599,S3-85024214,S2-918678757,S2-472678690,S2-321339681,S2-146545453,S2-513074246,S2-851651276,S3-538552036,S2-200282536,S2-110518311,S2-758693445,S2-260432495,S2-725271718,S3-995337327,S2-637469359,S2-681817554,S2-623196135,S2-286423797,S2-682305910,S2-478785986,S2-360865947,S2-200273357,S2-264036853,S2-387721602,S2-769979843,S2-858213429,S2-480272688,S2-374704914,S2-402826140,S2-486132406,S2-656570548,S2-115621435,S2-251891299,S2-469942778,S2-991869053,S2-552587599,S2-610716894,S2-327425725,S2-104769383,S2-493391928,S2-67302890,S2-906190563,S2-820355407,S2-179065185,S3-787827761,S2-700908066,S2-118772331,S2-162399924,S3-282222572,S2-601113320,S2-564982752,S3-55495646,S2-253297002
S1-244940399	S2-702406468,S3-240750221,S2-202819778,S2-456031210,S3-877919940,S2-627943902,S2-143520744,S3-431988819,S2-835300345,S3-155121310,S3-189214163,S2-443477777,S2-61346661,S2-929103679,S2-200431560,S3-521921590,S2-617351435,S2-38572634,S2-165142857,S2-749794857,S2-463642124,S3-834547027,S3-652123162,S3-384633279,S2-671672965,S2-776315801,S2-731174130,S2-538322067,S3-128151214,S2-882388409,S3-978647532,S3-874458676,S2-624918189,S3-352853979,S3-216508315,S2-214721534,S2-434394765,S2-751850903,S2-249817614,S2-36763353,S2-262986778,S3-646997151,S2-67239479,S3-283207252,S3-693376081,S3-919781537,S2-41003189,S2-108718587,S2-167574210,S2-436382428,S2-550419213,S3-335840283,S3-358197417,S2-88951179,S2-72026849,S3-910027783,S2-703306274,S2-479840534,S2-499281962,S3-277266593,S3-279230045,S2-347539260,S2-970133950,S2-961844719,S2-624429937,S2-424992700,S3-145391253,S3-876305239,S2-272396255,S2-913066006,S2-825863896,S2-352245121,S2-220655401,S2-799049613,S3-502837484,S2-270010798,S2-748852509,S2-707521159,S2-434036232,S3-825702908,S2-819246786,S2-832461949,S2-664020544,S2-768299835,S3-954368364,S2-131771294,S2-463607958,S2-307092180,S2-887008334,S2-303122399,S2-363429993,S2-639237773,S2-586955025,S3-839126426,S2-946870439,S3-764437464,S2-386578398,S3-716441748,S3-374391328,S2-972432542,S2-628801419,S3-55921003,S2-210933034,S3-131558060,S2-64780902,S3-422138908,S3-238936337,S2-475278937,S3-108363782,S3-177189137,S2-385020593,S2-576391717,S2-928291797,S2-249276603,S3-104836296,S2-455189672,S2-877207670,S3-940077229,S2-163933646,S2-679945432,S2-668805682,S3-759647821,S3-26789503,S2-860745865,S3-694769270,S2-776373903,S2-510604820,S2-311949004,S2-56947795,S2-175428911,S2-190253739,S3-446790481,S3-595777819,S2-476115326,S3-994639712,S3-639769267,S2-578838829,S2-174998767,S2-666456513,S2-728473869,S2-401727700,S3-328826414,S2-625362713,S2-147686039,S2-745163604,S3-258315245,S3-248931507,S2-562628401,S2-339130639,S3-715962146,S2-797734182,S3-126575094,S3-725427716,S2-5931991,S3-787713156,S2-522321446,S2-703991035,S2-704828912,S2-919882082,S3-338432074,S3-820560456,S3-973844068,S2-825567227,S2-112428951,S2-226172968,S3-504908942,S2-426115984,S2-117278723,S2-547472758,S2-576201028,S3-83887353,S2-565578979,S3-574636146,S2-859602057,S2-183858668,S2-150706107,S3-295196845,S2-590159758,S2-777422434,S2-686293563
S1-616465752	S2-803068701,S3-536569155,S3-175446583,S3-277258945,S2-581436390,S3-995734768,S3-366311053,S3-38955982,S2-735407031,S3-778860966,S3-385977150,S2-284272356,S2-164885954,S2-799710062,S3-138003536,S2-526735334,S2-753713247,S3-188040886,S3-174735914,S3-186096985,S2-976085669,S3-430108463,S2-45308003,S3-236867435,S3-873113499,S2-297133466,S2-317895232,S3-123529200,S2-285666564,S3-156752988,S3-461942026,S3-233087378,S3-458082786,S3-20123684,S2-99269459,S3-719071759,S3-828458114,S2-507332275,S2-387588469,S3-240161350,S2-478128946,S3-425805161,S3-774041907,S3-276253166,S2-10692696,S3-922814588,S2-592883143,S2-229203598,S3-319754807,S2-255716908,S3-341896481,S2-498237784,S3-611352301,S3-8200545,S2-227333460,S2-169692904,S3-785270076,S3-475656232,S3-524457791,S2-425292799,S2-775523121,S2-974827611,S2-848083550,S2-410629067,S2-706926029,S2-984363671,S3-383120400,S3-755632474,S3-10971390,S2-877774009,S3-433890805,S3-901463641,S2-593595577,S3-440887348,S2-523951310,S2-381420816,S3-803043821,S3-374706731,S2-703722492,S3-501865392,S3-137797686,S2-399597228,S2-503797365,S3-455948610,S2-677611473,S2-54935976,S2-187774246,S2-218575570,S3-244006304,S3-911339326,S2-929087667,S3-909293584,S3-498706413,S2-804871649,S3-672963678,S2-330344696,S2-159185844,S3-989598809,S2-110110097,S3-654067979,S2-776085512,S3-978287417,S3-744251626,S3-561839301,S2-696036562,S2-119316803,S3-994112997,S3-832420825,S3-949870446,S3-744989668,S2-279095628,S3-293099804,S2-805545740,S3-425970770,S3-691478522,S2-189188919,S2-942584049,S2-920233551,S3-330930479,S3-590431601,S2-333486848,S2-779143947,S2-933724724,S2-274657814,S3-22321512,S3-63244810,S2-952556671,S2-158269168,S3-488521066,S2-736816883,S3-256158425,S2-878889041,S3-345261156,S2-88909454,S3-752003064,S3-876133698,S3-192295368,S2-134318524,S2-236079990,S2-68482792,S3-512021301,S3-141278392,S3-945445902,S3-554586547,S2-52880044,S3-770434679,S2-713079290,S2-389139482,S2-463647269,S2-563798918,S3-549345115,S2-541892897,S2-520084907,S2-668767048,S3-721951487,S2-205356961,S2-778868403,S3-526886844,S3-402540896,S2-44713064,S2-769062934,S2-350216748,S3-601575799,S3-98192207,S2-121889451,S2-529420923,S2-672741465,S2-699224357,S3-93641732,S3-449701781,S3-39519674,S2-632836044,S2-975664547,S2-401975713,S3-601957828,S3-954007146,S2-506332239,S2-400962208,S3-535419935,S2-795608900
S1-762904067	S3-94514179,S3-835374358,S3-769518935,S2-995933742,S2-936122535,S3-371820718,S3-981537938,S3-411652215,S3-501670567,S3-793008679,S3-87011435,S3-557411084,S3-401683360,S3-339023462,S3-837061209,S3-275928459,S3-178844943,S2-772019937,S3-757716323,S3-161812849,S3-943076810,S2-96936622,S3-646365307,S3-211230794,S3-93211270,S3-98685182,S3-524016990,S2-77111560,S3-572770613,S3-175597654,S3-869401113,S2-486457812,S3-929317672,S3-912483152,S2-74912632,S3-935110911,S3-33461663,S2-279344772,S2-853226753,S2-356994453,S3-759949635,S2-840284616,S2-370630985,S3-688197948,S2-259272566,S3-970408388,S2-486238304,S2-660568756,S3-606361351,S3-981406494,S2-183629486,S3-763998599,S3-314476048,S2-376290693,S2-461853888,S3-789248588,S3-762503099,S3-145729614,S2-698502526,S3-781549487,S3-258970374,S3-758682715,S3-376724504,S3-863762292,S2-431689010,S3-579148893,S3-961258556,S3-294247965,S2-964338893,S2-739885567,S2-372500373,S2-176460599,S2-56240800,S2-856478884,S3-29544018,S3-596841193,S3-136561925,S3-157537682,S2-500780241,S3-642737757,S2-61677457,S2-750281946,S2-997134826,S2-956165093,S3-150182233,S3-615860906,S3-333641783,S2-274278575,S2-918776253,S2-471320174,S2-374766437,S2-953315150,S3-289603522,S2-525991477,S3-193083899,S3-250155302,S3-532235489,S3-884974319,S2-667601226,S2-149456467,S2-326813127,S3-280398472,S3-503407068,S3-898865172,S2-321160429,S3-443267774,S2-597088527,S2-614640269,S3-961373067,S3-415779299,S3-368439725,S2-462571715,S2-692492354,S2-245946971,S2-92451064,S2-792031996,S2-127971493,S2-989006664,S2-716479859,S3-998972634,S3-136202814,S2-976618947,S3-463977846,S2-874820639,S2-501633353,S2-127922070,S3-91007440,S3-63665211,S3-589839155,S2-592803907,S3-557796568,S3-504445047,S3-827473132,S2-508603048,S3-413363791,S2-845094219,S3-789665875,S2-399154657,S3-565540615,S2-940061281,S3-661901025,S2-245740695,S3-540395138,S3-632360709,S2-244584740,S2-822567871,S2-570005955,S3-623938161,S2-620729127,S2-98240836,S2-165834638,S3-677208949,S2-874804297,S2-332031079,S3-650363269,S2-139259960,S2-431261713,S2-404317391,S2-475278937,S3-555323241,S2-817424023,S3-80916077,S2-978307502,S2-150011505,S2-871541378,S2-83896121,S2-75451904,S2-296857116,S2-435938329,S2-201725895,S2-743478195,S2-759484504,S2-268681926,S2-634666327,S2-742333680,S2-852042207,S2-264306753,S2-218919101,S2-723394219,S2-153778868
S1-261476747	S2-632981984,S2-509829201,S2-850461049,S3-787634420,S2-6815124,S2-744736880,S2-441692657,S2-11464153,S2-447880595,S2-61732760,S3-915560653,S3-802206571,S2-185013334,S2-576745524,S3-59547065,S3-340088358,S2-697209928,S2-199419573,S2-153275752,S3-940298374,S2-82693962,S2-314290114,S2-809443008,S3-740366073,S2-758493682,S2-283217054,S3-592261344,S2-937647513,S2-36796117,S2-956952534,S2-884142428,S2-405661531,S3-637890622,S2-659790455,S3-810060615,S3-213182866,S2-90993540,S2-822681145,S2-706146364,S2-621225139,S2-129397759,S3-476358537,S3-754769050,S2-648693678,S2-967309356,S3-174519670,S2-118922923,S2-960407922,S3-852869350,S3-193645255,S2-292845680,S3-113294326,S2-561637407,S2-169037041,S3-534004445,S3-64079929,S3-362438995,S3-409513890,S3-295968491,S3-267259002,S2-693935015,S2-913706007,S2-460308813,S2-21923784,S2-861455586,S3-203049371,S3-752021853,S2-287647663,S2-753435932,S3-710323041,S3-699574986,S2-305100591,S3-734747152,S3-490822535,S3-192534763,S3-805849381,S2-404690587,S3-644782724,S3-802377974,S3-739285212,S2-892699705,S2-285549357,S3-677352980,S2-928464334,S2-818742137,S2-372482270,S2-45041964,S2-222971625,S3-735677932,S2-707825867,S3-151967478,S2-623567631,S3-611106860,S2-643692461,S3-992362711,S2-93810166,S2-262770634,S3-322730145,S2-83965706,S3-441881659,S3-400356542,S3-591057900,S2-329388918,S2-831256999,S3-536232459,S3-372792768,S3-192263409,S3-549187954,S2-6528231,S2-938537598,S3-28391425,S2-757238574,S3-929804406,S3-809083820,S3-796837184,S2-125350559,S2-602525219,S3-536391720,S3-923444675,S3-44120002,S3-109120379,S2-335069828,S2-468427870,S3-970962019,S2-412280451,S3-693121811,S2-414318892,S3-902572777,S2-906190563,S3-931704031,S3-262422193,S3-47202950,S2-286530945,S2-108209369,S3-262723171,S3-443903280,S2-554792568,S2-803605381,S3-483218372,S3-971487626,S3-21356594,S3-121655814,S3-932905518,S2-548973387,S2-380877204,S2-77241306,S3-108450076,S3-752923984,S3-236721116,S2-342016797,S3-189561009,S3-174586283,S3-171920830,S2-612609637,S3-436995426,S2-81256081,S3-530250452,S3-480005136,S2-791580552,S2-734060241,S2-415673284,S3-960612880,S3-5269429,S3-968953815,S3-255296887,S2-877682695,S3-483905353,S2-48827777,S3-978862386,S2-612591290,S2-862717457,S2-340444360,S2-367703621,S2-676780645,S3-30496819,S2-13460877,S3-75881415,S3-550931391,S3-741055102,S3-84861506
S1-874436225	S3-173100375,S2-305550866,S2-424031278,S2-717773569,S2-489623463,S2-924437325,S3-96071896,S2-79780183,S2-386406172,S3-746231658,S2-498058442,S2-546154473,S2-267064623,S3-7134145,S2-232272231,S2-41440931,S2-967742666,S3-380858157,S2-526730352,S3-573972920,S2-462183999,S3-917307777,S2-65541216,S2-614545003,S3-316752935,S3-940726148,S2-192778365,S2-767997013,S2-610439446,S3-395229350,S3-873790858,S2-682575290,S2-428885362,S3-374391328,S3-32965476,S3-457939445,S2-415601522,S2-754042431,S3-35537831,S3-159044280,S3-377978037,S2-272926068,S2-552147968,S2-118169626,S3-154404463,S2-816159675,S3-429517346,S2-704409228,S3-493473857,S3-810108097,S3-375066648,S2-96867962,S3-334572784,S2-956867829,S2-750185439,S2-665141083,S3-714156207,S2-774066018,S2-74912632,S2-567273417,S2-615758986,S3-111655136,S2-71566087,S3-877095205,S2-261011595,S3-255183781,S2-209057821,S3-596841193,S2-656847334,S3-53668839,S3-636182144,S2-409062448,S3-704152307,S2-599640629,S2-831164041,S2-836795067,S2-436033734,S2-755491655,S2-228830917,S3-652720873,S2-487785572,S2-25021791,S2-667998932,S3-643314366,S3-725048828,S2-177137107,S3-230196038,S2-153943542,S2-442549744,S3-820965332,S2-621168475,S2-698031192,S2-993960432,S3-311469354,S2-587132126,S2-679904283,S2-657869073,S3-239920147,S2-92919301,S2-649925616,S2-211440621,S2-44724843,S2-429190741,S3-515091008,S2-568090676,S2-782350675,S3-456365102,S2-53957577,S3-201724763,S3-961373067,S2-737315655,S3-458410843,S3-151494061,S2-1258962,S2-809797879,S3-538917912,S2-400475670,S3-233794173,S2-83210015,S3-149737393,S2-970553438,S2-323044635,S3-209348382,S3-952821817,S3-67520421,S2-751910183,S3-371827903,S2-232801660,S3-366610971,S2-701995059,S3-394531996,S2-840964780,S3-80874403,S2-501039792,S3-429597771,S2-422335334,S3-3747953,S2-800479747,S3-178766535,S3-898773774,S3-190254221,S2-319187695,S3-524014243,S3-327899356,S3-977395304,S3-867314240,S2-920446948,S3-147316478,S2-222991976,S3-753179170,S3-902887227,S2-41798385,S2-223704338,S2-631640282,S2-260041686,S2-805444495,S2-587614313,S3-328022966,S2-624536077,S2-956279164,S2-882636372,S2-11474807,S3-351848971,S3-799858819,S2-882334469,S3-873320150,S2-277300530,S2-661485733,S3-579071298,S3-575815407,S2-810422,S3-650189986,S3-739649986,S2-396151865,S2-67698958,S2-744215958,S2-129500322,S2-238118051,S3-265046531,S3-424984446
S1-816918307	S2-629654694,S3-510277949,S2-189856948,S3-524210130,S3-138070131,S3-3747953,S3-54422741,S2-159583422,S3-722922678,S2-6374687,S3-75793043,S2-176219321,S2-247176678,S2-802150664,S2-301378946,S2-632093681,S3-964114735,S2-58767689,S2-145030081,S2-235808422,S2-475466510,S3-309140560,S3-82356047,S3-720731862,S2-899393050,S2-252062378,S2-535612524,S2-765975141,S2-418297862,S2-265692575,S2-333771957,S3-458017609,S2-899728197,S2-303037664,S3-92304206,S3-935646230,S2-769268513,S3-872308034,S3-246690251,S3-513478682,S3-591492307,S3-501167583,S2-389991378,S3-198282721,S2-367560858,S2-649103744,S2-983421828,S2-576796395,S3-153358110,S2-833957018,S2-243185232,S2-786394275,S2-161885479,S2-85764223,S2-195407315,S3-932495597,S2-247001889,S2-930705691,S2-17224182,S2-146765462,S3-444621941,S3-472685604,S2-806956628,S2-369666595,S2-569183399,S3-861092717,S2-114034216,S2-12987045,S2-420057394,S3-876191707,S2-843952537,S2-973619712,S2-410804005,S2-515611776,S2-575983569,S2-73032965,S2-852042207,S2-14075834,S2-42099762,S2-483274799,S2-938060710,S2-96465947,S2-274181567,S2-326504154,S2-412527378,S2-159856715,S2-905378431,S2-645458367,S2-829192964,S2-262707291,S2-777971512,S2-947112549,S2-203989370,S2-371817640,S2-249882471,S3-209797343,S2-312863538,S3-866786428,S2-196824171,S2-579150398,S2-987155618,S2-929305979,S2-322894222,S2-437254036,S2-702471485,S2-391663677,S3-927881041,S3-380454276,S3-117418878,S2-957958749,S2-723513824,S2-546397105,S2-378099609,S2-341455269,S3-446353128,S3-610759930,S2-876318578,S2-483346173,S2-266268258,S2-900800434,S2-716181575,S2-704180517,S2-864702076,S2-338667337,S2-926306741,S2-756768643,S2-295130212,S3-345683665,S3-622041274,S2-341240422,S2-234459440,S2-941720908,S3-34169870,S2-518679206,S2-125457218,S3-293863909,S2-304713900,S2-446219150,S2-399669447,S2-505281043,S2-518980735,S2-944804286,S2-440788806,S3-553502488,S2-241033694,S3-428370861,S3-135912001,S2-656182799,S3-948095170,S2-701729084,S3-201102300,S3-477355064,S2-500713201,S2-394968734,S2-344513307,S3-118705582,S2-492723441,S2-322550444,S3-915636784,S3-206951509,S2-823976661,S2-837340322,S3-355917700,S3-318003297,S2-705819974,S2-541282972,S2-553921087,S3-202659366,S2-314963865,S2-5009845,S2-55371613,S2-522004411,S2-733946572,S2-712300732,S2-342387202,S2-200620479,S2-369353988,S2-571549890,S2-113840302,S2-158865015
S1-52153457	S2-930010291,S2-499752072,S3-984869397,S3-556823884,S2-401536120,S2-978424631,S3-724330156,S3-261515576,S3-58604367,S2-738445050,S3-255150389,S2-269728634,S3-723755908,S2-452046323,S3-889694179,S2-717552019,S3-613991246,S2-61703692,S3-414790457,S2-631634014,S2-877133584,S2-16706628,S2-148622220,S2-335147570,S2-152714697,S3-732416048,S2-620532515,S2-779455668,S2-57425874,S2-438799394,S2-98214451,S3-330708781,S2-198108921,S3-472669814,S3-5287629,S3-643531990,S2-176842476,S2-133043449,S2-819612114,S3-874815801,S3-994591654,S2-207136581,S2-635292990,S2-529882230,S3-928922958,S3-676804287,S2-227859050,S2-883568105,S3-160467132,S2-233473683,S2-296057241,S2-998270212,S2-83962742,S2-835050720,S3-161518824,S3-493473857,S2-321672872,S2-398555313,S3-372513690,S2-578788567,S2-388594236,S2-107126638,S2-527436414,S2-736508424,S3-443929776,S2-433321114,S2-449813921,S2-138223465,S2-988974568,S2-932589145,S2-910940946,S2-673419052,S2-406270393,S3-750166159,S3-715148342,S2-257150310,S2-319107499,S3-425470682,S2-222623663,S3-254667676,S3-862146881,S3-533167973,S3-943285065,S3-731461709,S2-416755751,S3-408413212,S3-406000210,S2-846641626,S2-370724326,S3-944553625,S2-499556879,S3-850470014,S3-239374760,S3-272245831,S3-827224488,S2-516174026,S2-831488886,S2-463547523,S2-91467791,S2-590799047,S2-739997154,S3-328826414,S2-83896121,S3-517431260,S3-397401848,S2-819373836,S2-944804286,S3-912504688,S3-57675566,S2-228830917,S3-6180603,S2-615568475,S3-120893170,S2-897173190,S3-644442070,S3-898344342,S2-54976098,S3-393675543,S2-73643021,S3-532349169,S3-351848971,S2-156938247,S3-260697610,S3-325261411,S3-232783280,S3-3331620,S2-857086247,S3-894054651,S3-144316824,S3-399526928,S3-986601547,S2-106406167,S3-149138134,S2-394841853,S3-926772527,S3-10445894,S2-821620925,S3-781645425,S2-427698024,S2-623298671,S3-605864449,S3-893818826,S2-272653736,S3-297233957,S3-812853393,S3-999358771,S3-494273983,S3-722922678,S3-740556230,S3-417579311,S3-812705094,S2-860442914,S2-303037664,S3-612831858,S2-745197573,S3-565415624,S3-533215747,S3-237542653,S3-206378351,S3-460652623,S2-930372797,S3-423541227,S3-683881642,S3-104905044,S3-456730919,S3-939467801,S3-940030301,S2-436185882,S3-177391666,S3-568778412,S2-682359125,S3-528367030,S2-796753102,S3-200576464,S2-789254293,S3-729943632,S3-573721806,S2-496121735,S3-202539585,S2-505683382
S1-867332501	S2-223604666,S3-422351189,S2-845834254,S2-446447439,S3-588535179,S2-857515979,S2-305518448,S2-260909524,S2-910251810,S2-237795089,S2-326645415,S2-710254316,S2-3944482,S2-998179263,S3-144810130,S2-135743632,S3-577390146,S2-833273458,S2-147686039,S3-564371311,S2-948660637,S2-643440099,S2-321409161,S2-240363643,S2-380723057,S2-768072390,S2-84294594,S2-59125050,S2-550697952,S3-593500151,S2-590584376,S2-334438457,S3-355122519,S3-106524306,S2-236543422,S2-696023056,S2-253455324,S2-580975006,S3-331657116,S2-757960276,S2-391035386,S2-675283470,S3-934065775,S2-344823934,S2-797348450,S2-682093109,S2-837120038,S2-17724126,S2-3632893,S3-158901927,S2-620546593,S3-4737266,S2-275270455,S3-6482944,S2-342025542,S2-144522770,S2-90390544,S2-761740572,S3-208202822,S2-467419013,S2-919882082,S2-27727592,S2-576742243,S2-730055337,S3-343204237,S2-225330474,S2-905576737,S2-102506722,S2-653318397,S2-962967114,S2-106302105,S2-138013558,S2-247111633,S2-628990996,S2-60296334,S2-991613543,S2-939647243,S3-459393455,S2-931291627,S3-113013028,S3-805698078,S2-630672871,S3-559732464,S2-294737592,S2-655038949,S2-341324483,S2-456510542,S2-753945924,S2-709829962,S2-139506199,S2-424536100,S2-895605166,S2-305550866,S2-969405994,S2-35334046,S3-123489692,S2-374262617,S2-411697167,S2-464655979,S2-25405386,S2-670010245,S2-978468650,S3-114072012,S2-613340629,S3-889838319,S2-439528073,S2-690504228,S2-966087137,S2-324155627,S3-333310896,S3-668322084,S2-27053286,S2-685966414,S3-444451325,S3-442645189,S2-202569579,S2-194503924,S2-46334786,S2-621702363,S3-248466491,S2-413213841,S2-12321349,S2-138514116,S3-177994966,S2-155229927,S2-112591423,S2-227562885,S2-228547505,S2-386250934,S2-93350881,S2-97452535,S2-256848140,S2-418515039,S2-987126275,S2-966217193,S2-568557166,S2-748044229,S2-947767881,S2-401459353,S2-882172155,S2-120300748,S2-180634553,S2-540610550,S2-63184086,S2-395388944,S2-577684356,S2-652229553,S3-250093055,S2-172424089,S3-35728913,S2-6214076,S2-39916242,S2-865328212,S2-750472969,S2-35047235,S2-728554287,S3-700553850,S2-296857116,S2-299962727,S2-686046093,S2-19476634,S3-871044365,S2-307351456,S2-978885849,S2-888177320,S2-428512005,S2-993960432,S2-85084966,S2-446572169,S3-344876478,S2-384330132,S2-495813079,S2-538577063,S3-938198076,S2-43404118,S2-551024375,S2-420746018,S2-990965407,S2-137612962,S2-678019416
S1-969300060	S2-462781289,S2-38334586,S2-733014299,S3-413655374,S3-803043821,S3-871780423,S3-344746098,S2-652100491,S2-70822028,S3-685042046,S2-777256368,S3-6429189,S2-626785223,S3-992137102,S3-11517729,S2-486951802,S3-924754975,S2-1626921,S3-990630708,S2-767912318,S2-519204621,S3-273390177,S2-762310335,S3-638107571,S3-244006304,S3-384294912,S3-632920992,S3-994837131,S3-420754910,S3-36174880,S2-82530744,S3-501737551,S3-158517817,S3-715349594,S3-10971390,S3-655482194,S3-152643787,S2-132447434,S2-921322396,S3-996229603,S2-123243939,S2-385906219,S3-467797859,S3-123529200,S3-24193561,S3-542824123,S2-529420923,S3-635233959,S3-50316458,S3-851471320,S3-670310749,S2-500871474,S3-412307944,S3-191425566,S3-872555882,S2-68063245,S3-688013575,S3-137797686,S3-39709854,S2-673981985,S3-917443949,S2-514162097,S2-207780590,S2-38555282,S2-348744548,S2-549139532,S2-61727345,S3-746567199,S2-502620357,S2-294315780,S2-20798878,S2-205356961,S2-558799392,S2-302380669,S3-383120400,S3-334279665,S2-765834139,S3-566612737,S3-276253166,S2-622072090,S3-38148457,S3-107273061,S3-677162702,S2-884396375,S2-54935976,S2-110110097,S3-752003064,S3-691478522,S2-153306127,S2-10692696,S3-253975410,S3-398501371,S2-370059189,S2-381495092,S2-828080801,S3-102933237,S3-39962845,S2-401975713,S3-953042337,S3-61245170,S3-601957828,S3-742033698,S2-158681675,S3-945445902,S3-230174557,S3-326064191,S3-345261156,S2-804871649,S3-411872979,S2-306407759,S3-53794323,S2-839797789,S2-47713163,S3-144420950,S2-381420816,S3-552703624,S3-88677244,S2-440351839,S2-526735334,S2-82265292,S3-873113499,S3-764774108,S3-90924572,S2-164885954,S3-175446583,S3-328940207,S3-167188465,S2-300443218,S2-52624665,S2-991545286,S3-672963678,S3-688859974,S3-46391919,S3-156752988,S3-402540896,S2-659661475,S3-641768317,S3-233087378,S3-808651670,S2-400962208,S2-416049336,S3-425970770,S3-44778115,S2-370255592,S2-567469512,S2-633169784,S3-970024616,S3-929474627,S2-755011898,S2-229203598,S3-479862471,S2-942584049,S2-952556671,S3-721951487,S2-779143947,S3-758667721,S3-71255008,S3-303935657,S3-870932095,S3-584534802,S2-387588469,S2-114819826,S3-397549595,S3-153886846,S3-63244810,S3-214345180,S3-512021301,S3-561839301,S3-524457791,S3-459650342,S2-506757288,S3-699855249,S3-581397602,S3-293099804,S3-474867959,S2-218163632,S2-890178948,S3-430108463,S3-941254649,S2-886941185
S1-930501805	S3-586562997,S2-862046162,S2-644767878,S2-238876815,S2-471478004,S2-708551913,S2-224452834,S3-669914233,S2-978433569,S2-199851640,S2-458668894,S2-309846610,S2-568995392,S3-361629624,S3-225117491,S2-867168001,S2-577353022,S2-971784625,S2-547878739,S2-911429299,S2-876316392,S2-656634043,S2-655856580,S2-226111615,S2-959370057,S2-260264822,S2-144497184,S2-222993917,S2-114606055,S3-552287086,S2-316513361,S3-534668922,S2-374434323,S2-121341810,S2-256106360,S2-892498619,S3-299433115,S2-930986886,S3-843848530,S2-44915575,S3-72233512,S3-283331598,S3-26994665,S3-334864251,S2-669102874,S2-582385959,S3-961797494,S2-194154504,S2-263685101,S3-925887761,S2-330672564,S2-269480722,S2-949044369,S3-652379511,S3-500214791,S3-948414659,S3-283885986,S3-355814303,S3-31894767,S2-459359599,S2-236916605,S2-374709983,S2-527970077,S2-960341523,S3-856892486,S2-157574249,S2-820303565,S3-600722030,S3-688478655,S2-389243965,S3-329454651,S3-986228635,S3-221586001,S2-641643569,S3-250665742
S1-474452362	S2-4626408,S3-596909294,S3-746507879,S2-266592280,S3-971460215,S2-951932511,S2-405303215,S3-930549522,S2-351807884,S3-251522598,S2-478737337,S3-343479864,S3-238522304,S2-765599261,S2-739439378,S2-520658265,S3-268210987,S3-626229361,S2-219697445,S2-214746945,S2-316927869,S3-334857772,S3-237292178,S2-836202903,S2-799535785,S2-859991791,S2-85144335,S2-899058508,S3-230873926,S3-425566588,S2-481305964,S3-437690082,S2-607335711,S2-760387014,S2-332053988,S2-700195651,S2-291827529,S3-539513285,S3-689205987,S2-948419035,S2-737607060,S2-773800053,S2-609923135,S3-256147483,S3-432961713,S2-763844164,S3-938520257,S3-720032311,S2-944930958,S2-468126214,S3-889738335,S3-910297280,S2-312265722,S3-15560873,S2-7225733,S2-646202136,S3-238780379,S3-537932752,S2-969576108,S2-980256837,S2-846172522,S3-302818833,S2-447375514,S2-618328454,S2-199280788,S2-534980977,S3-277275384,S3-60511000,S2-263528180,S2-238297214,S3-420537443,S2-593862669,S3-674162274,S2-386686888,S3-749530185,S2-879587855,S2-30681866,S2-757534042,S2-948894912,S3-248953543,S3-389869304,S2-378353934,S3-64868920,S2-395256796,S2-719478968,S3-126518477,S3-663026748,S2-750024428,S3-125301343,S2-383902035,S2-335565564,S2-396572222,S2-842455465,S2-411773002,S3-620274055,S2-733805674,S2-51615186,S2-404117069,S2-686236213,S3-510137758,S3-664710868,S2-751202314,S2-485267967,S2-863684230,S3-313353878,S3-813639175,S3-163577820,S3-944976556,S2-249377934,S3-232673356,S3-384456289,S2-828441604,S2-431353385,S2-657007862,S2-906218141,S2-58857525,S2-143150991,S3-32596116,S2-535368070,S2-357180028,S2-499383307,S3-455517686,S2-693640404,S3-931009866,S2-463134710,S2-825925066,S3-365843087,S3-463326544,S2-913268296,S2-609571259,S3-445131048,S2-141279511,S3-310096351,S2-34215208,S3-793718263,S2-920961654,S3-628917408,S2-412384596,S3-461931434,S2-25484276,S3-389986568,S2-97367999,S2-89091547,S2-495555462,S3-5605653,S2-900732677,S3-329033682,S3-815184361,S2-443731996,S3-762609024,S3-676274168,S3-630156235,S3-498156461,S2-352669081,S3-630352424,S3-129639502,S3-304803000,S3-548474741,S2-275375188,S3-51420235,S2-400339315,S3-925928023,S2-298774133,S3-919291751,S3-570438076,S2-351003590,S2-756552190,S3-67750046,S3-879649459,S2-872953423,S3-178375366,S2-725612831,S2-857724735,S3-245675405,S2-996704148,S3-279908440,S2-448530389,S2-803090897,S2-551914381,S2-752642519
S1-802731895	S3-950906400,S2-897270738,S3-541818572,S3-94514179,S2-685165779,S3-845518080,S2-457681515,S2-882848533,S2-95770597,S2-54530462,S3-610183592,S2-1580600,S2-153590190,S3-460304682,S2-979096206,S2-599628293,S3-590158138,S3-979281349,S3-637383939,S2-380989948,S2-273871744,S3-59933893,S3-258295008,S2-180113952,S2-511490226,S2-921191764,S3-856075014,S3-21661343,S2-465255504,S2-778722505,S3-122352388,S2-903744231,S2-860102078,S3-896577132,S3-862146881,S2-644655973,S3-255150389,S2-668206975,S2-470182555,S2-433321114,S2-420574408,S2-259406265,S2-917161865,S2-465694455,S2-2641867,S3-395229350,S2-83198324,S2-546154473,S2-688639436,S2-547309630,S3-541896279,S2-463547523,S3-981206444,S3-441296361,S2-683642640,S2-892595209,S2-530481446,S3-756878289,S3-937415948,S3-310384847,S3-153358110,S2-681782072,S3-58604367,S3-440589045,S2-529882230,S3-563017662,S2-782550869,S3-644142812,S2-16706628,S2-663700902,S3-734704765,S2-982874098,S2-544571699,S3-244057525,S3-16147297,S3-330708781,S2-755763130,S2-819612114,S3-396374546,S2-148622220,S3-662753340,S3-110038745,S2-189805668,S2-445448688,S2-341257859,S3-578160751,S2-454684337,S3-612831858,S3-401637627,S3-326636338,S2-946072848,S2-823645386,S2-336821634,S2-634571997,S3-264729325,S3-511969513,S2-496826174,S2-156968585,S3-531197145,S2-85673195,S2-765806846,S3-31923665,S2-817424023,S3-553774195,S2-6184028,S2-288592732,S2-160390996,S3-704847108,S2-258013352,S3-676233177,S2-290481152,S2-559271677,S2-714951069,S2-561700565,S2-389013354,S2-110199306,S2-164454648,S3-692457070,S2-938060710,S3-232722224,S2-389963695,S2-698207989,S2-120876126,S2-226188917,S2-156945895,S2-523251697,S2-245650715,S3-964328776,S2-343311329,S2-250407423,S2-928046600,S3-576602764,S2-118314203,S2-655424467,S3-485370521,S2-411275632,S3-763584593,S2-842611061,S3-593908101,S2-110180281,S3-816521979,S3-964628585,S2-313021955,S2-236502124,S2-228048117,S2-853864509,S3-965737194,S2-291344129,S2-434184051,S3-869874869,S3-582886939,S2-306547398,S3-31572875,S2-250033269,S3-910449097,S3-894469033,S2-949044369,S2-853562443,S2-762147696,S2-702471485,S3-354410692,S2-227618431,S2-759764530,S3-714903191,S2-417884659,S3-810659024,S2-631563082,S2-561000812,S2-448687843,S3-684618391,S2-830877340,S2-198202218,S2-583423469,S3-760500280,S3-496522892,S2-581562220,S2-510635651,S2-436801310,S2-767453499,S2-184297263
S1-39733947	S2-394629152,S3-370968856,S2-885864673,S3-899298661,S2-865001212,S3-717952466,S2-357878922,S3-593556662,S2-842812948,S3-415590668,S2-201751671,S3-13529206,S3-328218942,S3-813532744,S3-980219084,S2-308903994,S3-294863500,S2-7225733,S3-776065082,S3-664667824,S2-849315090,S2-707635059,S2-673044788,S2-652135125,S2-425950408,S2-16765931,S2-770430129,S3-802856137,S3-436377445,S2-576881303,S3-46157443,S2-887992542,S3-733365012,S2-374434323,S3-489470653,S2-910193453,S2-424328627,S2-696199996,S2-413377899,S2-805337361,S3-822130810,S3-862103721,S3-142369964,S3-456371207,S3-861726056,S3-104594844,S2-837086705,S2-198216347,S2-709310019,S2-698453540,S3-142231549,S2-913687598,S2-186611636,S2-302143413,S3-54849170,S3-276084112,S2-36096107,S2-195469849,S2-4626408,S2-248233059,S2-766079823,S3-557563735,S3-267270268,S2-865618736,S3-788075081,S2-706648023,S3-21214040,S3-302761793,S2-796817182,S2-609548133,S3-386819320,S2-156292022,S3-250567945,S2-657666901,S2-179727257,S2-813365169,S2-138317827,S2-565522479,S2-663394361,S3-311100124,S3-316189691,S2-654913764,S3-410392259,S2-499462334,S2-430361587,S3-915330451,S3-298600271,S3-970721521
S1-807424751	S3-875921981,S2-622339061,S2-454065981,S2-427637832,S3-94808889,S3-78738331,S2-46688604,S2-474475305,S2-530603237,S2-406545673,S2-735616289,S3-752580222,S3-109415205,S2-691517420,S2-355656005,S2-236077202,S3-319055279,S2-81791890,S2-649925616,S3-700545098,S2-579586126,S2-743560781,S2-102139482,S2-36593555,S2-355352021,S3-146786928,S3-501608952,S2-415670470,S3-775255715,S2-448687843,S2-57286236,S2-902964115,S2-665119342,S2-467692533,S3-47771899,S2-698502526,S2-968004629,S2-792898152,S2-103221007,S2-887959244,S3-511611491,S2-49939044,S2-823976661,S2-906143380,S3-243621880,S3-121932069,S3-142443254,S3-265046531,S3-537068132,S3-79872336,S2-842591531,S3-723550099,S2-817424023,S3-134959390,S2-197062539,S3-555830574,S2-211048574,S3-7040103,S2-404317391,S3-189524457,S3-11243164,S3-388728969,S3-700556554,S2-267064623,S2-776373903,S3-726988253,S3-982489229,S3-851191725,S3-267122848,S2-758894611,S2-767931668,S3-510958232,S3-506949622,S3-585697465,S2-376252876,S3-936796478,S3-59718617,S3-862879820,S2-960341523,S2-748301307,S2-210314492,S3-327433341,S3-718446746,S3-529508487,S3-975084483,S2-726204950,S2-255117457,S3-928584875,S2-543051367,S2-964338893,S2-878210601,S3-2202261,S3-695591310,S3-329140084,S3-404825213,S3-585724487,S3-676826832,S2-143004935,S3-388981527,S2-266499977,S3-676233177,S2-585685802,S2-823448172,S3-44106607,S3-230196038,S2-777779817,S2-535679954,S3-75504376,S2-208306199,S2-463148509,S2-941985225,S3-752453182,S3-227755451,S3-717850458,S3-949571882,S3-866741477,S3-531724372,S3-803970290,S2-818243239,S3-456745373,S3-861000929,S2-963557416,S2-629412492,S3-248069857,S2-300623136,S3-980617970,S3-219828189,S3-400638464,S2-565689912,S2-415897985,S3-117092600,S3-304042663,S2-620867050,S3-706081406,S2-816384353,S3-597425555,S2-344390896,S3-864359294,S3-396374546,S3-559885234,S3-552457558,S3-898978073,S3-216745957,S2-63273126,S3-637383939,S3-142604605,S3-221039811,S3-182255980,S3-651954141,S2-420303113,S3-421871068,S3-585911220,S3-723736397,S2-338375951,S2-546154473,S2-117604558,S3-52817413,S3-501236006,S3-709743023,S2-178387107,S3-878582479,S3-222409983,S2-776170602,S3-161461861,S3-913001162,S3-424876693,S2-446393422,S3-521615609,S2-540769419,S3-973665746,S3-144784336,S2-951961479,S3-686323886,S3-292727361,S2-878033398,S3-838416743,S3-64680692,S2-617399739,S3-704152307,S3-47729253
S1-269499779	S2-148622220,S2-921191764,S3-152024948,S2-638650888,S3-712330432,S2-547919532,S3-714024418,S2-857645804,S2-210791875,S2-236502124,S2-941338685,S2-221883099,S3-865444005,S2-857167023,S2-661994790,S2-167998065,S3-309891012,S2-276155359,S2-665077110,S2-326481594,S2-911642902,S2-264720049,S3-721801189,S3-154487990,S2-303486472,S2-213540384,S2-434261899,S2-511490226,S2-283264445,S2-905533869,S2-6556535,S2-106341849,S2-710199345,S3-297233957,S3-403157704,S2-849447071,S2-951564019,S3-965556032,S2-205674278,S2-435584508,S2-259272566,S2-184662529,S3-611038334,S2-55225145,S2-465255504,S2-755645360,S2-491277475,S2-372511111,S2-936122535,S2-110180281,S2-630585756,S3-840076704,S2-383443818,S2-892099405,S2-479154694,S2-786671109,S2-358819874,S2-95770597,S2-699913908,S2-156968585,S3-48317841,S2-193182845,S3-205036304,S2-213110901,S3-467561722,S3-220614352,S2-644655973,S3-613991246,S2-668025282,S2-10844142,S2-751326812,S2-844837162,S2-892453924,S3-707975752,S2-744215958,S2-24986701,S2-939972778,S2-97561703,S2-144034060,S3-273067178,S3-610536355,S2-457681515,S2-470182555,S3-585065280,S2-460240086,S3-430389424,S2-668206975,S2-982874098,S3-764042806,S2-557865140,S2-685165779,S2-433321114,S3-441296361,S2-476721040,S2-853864509,S2-688639436,S2-529882230,S2-564886018,S2-486457812,S2-16706628,S2-58929129,S2-198202218,S2-830877340,S2-882848533,S3-791942362,S2-54530462,S2-138036393,S2-632076124,S2-553510214,S3-98685182,S2-601173803,S2-2606132,S2-162556105,S2-887830305,S2-634910168,S2-336821634,S2-189048601,S2-682351923,S2-917161865,S2-862624075,S2-192666276,S2-788628222,S3-652252594,S3-212472514,S3-219682406,S3-882509848,S3-435832741,S3-643589416,S2-235808422,S2-627809306,S2-488977283,S2-152000251,S2-344162889,S2-615089280,S3-922550338,S2-322874543,S2-938060710,S2-705186542,S2-819612114,S2-357515538,S3-694938290,S2-732700346,S2-293464038,S2-420574408,S2-867917626,S3-515551240,S2-223276547,S2-450236654,S2-83832910,S2-133960791,S3-325382677,S2-83198324,S2-205874870,S3-339023462,S2-153590190,S2-610716894,S2-429314182,S2-953315150,S3-487529713,S2-443753104,S3-460520036,S2-164454648,S2-789711646,S3-151987264,S2-697787819,S2-386611611,S3-266018996,S3-941278198,S2-267535144,S2-917616907,S3-634432014,S2-245612075,S2-839245549,S2-895906111,S2-606224920,S3-577819796,S3-661531396,S3-580559062,S2-251426537,S3-335582092
S1-574528784	S2-146965209,S2-6675537,S2-337906283,S2-695113213,S2-721481811,S2-794279080,S2-342746037,S2-746474032,S2-108854653,S2-332163699,S2-58274982,S2-540772225,S3-957768361,S2-93650816,S2-103626594,S2-549723454,S3-474091906,S2-682139452,S2-302538230,S2-695784416,S2-657666901,S2-498589580,S3-251365914,S2-970876570,S3-279166220,S3-746039513,S2-409352582,S2-789135323,S3-294231709,S2-416493275,S3-869538951,S3-615985599,S3-472484301,S2-782078221,S2-551914381,S2-642929424,S2-801869379,S2-332185888,S2-288267004,S3-126518477,S3-648465031,S2-967008601,S2-623503570,S2-741112525,S2-277768454,S2-750756998,S2-319701386,S3-678512201,S2-627397346,S3-346165418,S2-304215388,S2-838235395,S2-549421368,S2-616265562,S2-317181902,S2-298607333,S2-243864603,S3-106648022,S3-131558246,S2-551108561,S2-351003590,S2-969576108,S2-497315327,S2-99572113,S2-474182304,S2-750760369,S2-525662290,S2-772439642,S2-351869951,S2-252986419,S2-803517694,S2-41003189,S2-66062632,S2-579386975,S2-242643000,S2-170714258,S2-427649642,S2-224171675,S2-255716908,S2-257362411,S2-888120580,S2-131735629,S2-177873237,S2-598544923,S2-161134111,S2-520322872,S2-415246580,S2-205655615,S2-161896481,S2-754689434,S2-150445731
S1-402621048	S2-119602706,S3-439340109,S3-630962187,S3-961378102,S3-617929805,S2-308418230,S3-364316022,S2-387721602,S2-347002201,S2-536755993,S3-141521276,S3-965590195,S3-400687465,S3-447917469,S3-814932838,S3-899876708,S3-1550693,S3-261841399,S2-946427412,S3-234917126,S3-937969250,S3-425715498,S2-967069431,S3-339023462,S3-133070924,S3-942840748,S3-466227033,S3-381303531,S2-772019937,S2-343176645,S3-628982800,S3-74694705,S3-676667152,S2-353387,S3-816404328,S3-174489741,S3-478455105,S3-317334742,S3-401177033,S3-930538478,S3-883419752,S3-193338334,S3-760457356,S3-469990421,S2-351547586,S3-937156876,S3-962607637,S3-719628565,S3-236958663,S3-43287379,S3-776755674,S3-371820718,S3-908148625,S3-909019765,S3-994447612,S2-654562074,S3-954817338,S3-926772527,S3-98946891,S3-67648842,S2-587461132,S2-771382366,S3-770575300,S3-898784979,S3-619363059,S2-286926428,S3-459504061,S2-505763014,S3-541289258,S2-361052115,S3-801842685,S3-506899431,S3-385744286,S3-594161503,S3-963734875,S3-930064442,S3-246690251,S3-364797912,S2-486238304,S3-50374457,S3-672582225,S2-916146502,S3-297969883,S3-796017641,S3-458701040,S2-977428548,S3-452650129,S3-674131138,S3-149737393,S3-575904198,S3-511151090,S2-646078621,S2-196109970,S3-626553939,S3-993545809,S3-444056552,S3-827520485,S3-958239506,S3-327899356,S3-42105685,S3-434252808,S3-28487348,S3-150248827,S2-235791189,S3-552397185,S2-330734323,S2-418677977,S2-577857669,S3-101230823,S3-97698225,S3-539879357,S2-821877114,S2-647059994,S3-23747762,S3-714054761,S2-821717552,S3-434813305,S2-18378136,S2-91604777,S3-654741812,S2-82257662,S2-342370932,S3-180500346,S3-292794271,S3-572712288,S3-413363791,S3-251636808,S3-337448006,S3-560657213,S2-93013962,S2-909111431,S3-250324284,S3-720731862,S3-653123971,S2-493487266,S3-373473804,S3-840497128,S2-693858727,S3-951347403,S2-804855809,S3-113338559,S3-422541972,S3-434285941,S3-218814752,S3-610738880,S3-411702382,S3-945582619,S2-971367727,S3-222258008,S2-243893257,S3-255076619,S3-611646105,S3-198973907,S3-959051139,S2-571772028,S2-132128369,S2-681986262,S3-834979159,S2-860662083,S3-207721934,S3-684477515,S2-613875840,S2-332459557,S3-306223540,S3-86046848,S3-109116795,S3-507817466,S3-929445100,S3-8949186,S2-786373833,S2-150838195,S2-96212459,S3-807441851,S3-497440727,S3-3747953,S3-459022256,S2-700426501,S3-242008621,S2-390191968,S3-669671521
S1-684202485	S2-470182555,S3-258295008,S2-683642640,S2-425724860,S2-465255504,S2-529882230,S2-688639436,S2-765806846,S2-336821634,S2-227618431,S2-420574408,S2-561700565,S2-488977283,S2-676902773,S2-153590190,S2-389013354,S3-869874869,S2-644655973,S2-250407423,S2-907900549,S2-288592732,S2-611086251,S2-982874098,S2-892595209,S2-245650715,S2-445448688,S2-433321114,S2-482081238,S2-511490226,S2-367282992,S2-669641587,S2-92424777,S2-921191764,S2-217504875,S2-411275632,S2-195598385,S2-853864509,S2-830877340,S3-628511370,S2-510635651,S2-236502124,S2-523251697,S3-829620416,S2-702744922,S2-6184028,S2-735227071,S2-313021955,S2-465694455,S2-202662079,S2-457681515,S2-705186542,S2-470109102,S2-85673195,S2-54530462,S2-668206975,S2-495179311,S2-606224920,S2-110180281,S2-150977604,S2-106341849,S2-335659628,S2-10844142,S2-751326812,S2-887117561,S2-92929203,S2-596261092,S2-857167023,S2-582315390,S2-68504680,S3-576602764,S2-917161865,S2-844918657,S2-792603765,S2-788628222,S2-83198324,S2-476721040,S2-42312843,S2-380815845,S2-97561703,S2-656780981,S2-805444495,S2-237453164,S3-894371411,S2-685165779,S2-819612114,S2-55225145,S2-874074111,S2-599932595,S2-205874870,S2-562046488,S2-81791890,S2-16706628,S2-591052054,S2-739820760,S2-264434474,S2-120876126,S2-869078815,S2-978100588,S2-64798871,S2-858498846,S2-627809306,S2-732700346,S2-490452225,S2-664560679,S3-244057525,S2-979096206,S2-705921678,S2-83832910,S2-193182845,S2-203702674,S2-882848533,S2-658661467,S2-615089280,S2-849447071,S2-549867529,S2-577972441,S2-755645360,S2-426121095,S2-960666794,S2-668025282,S2-302945493,S2-706640273,S2-786671109,S2-752369607,S2-223276547,S2-98982738,S2-654324281,S2-555716915,S2-697505073,S2-276155359,S2-939972778,S2-997222879,S2-214939320,S2-547919532,S2-406825129,S3-721801189,S2-386611611,S2-245612075,S2-479154694,S2-491277475,S2-644330720,S2-148622220,S2-446751168,S2-357515538,S2-121933134,S2-701120434,S2-897270738,S2-402714269,S2-589215826,S2-480421778,S2-710199345,S2-95770597,S2-409984645,S2-810422,S2-946764664,S2-565474831,S2-361614898,S2-434261899,S2-937149003,S2-697016349,S2-884739308,S2-326481594,S2-2641867,S2-419491073,S2-272560848,S2-235808422,S2-322874543,S2-372511111,S2-867917626,S2-306547398,S3-729900346,S2-396711531,S2-852298556,S2-892453924,S2-262398612,S2-221883099,S2-951564019,S2-213110901,S2-592630143,S2-210791875
S1-85238196	S2-84473557,S3-711599508,S2-440969597,S2-722792812,S2-400417494,S2-975566337,S2-213232996,S2-245655643,S2-770505164,S2-102153716,S2-617896363,S2-619044353,S2-345310984,S2-150175673,S2-361555234,S2-896722725,S2-653227866,S3-443484480,S2-530656051,S2-74859473,S2-909860651,S2-502739509,S2-407384748,S3-457365115,S2-769370756,S3-570432298,S2-258426119,S3-479654564,S2-37796004,S3-750331531,S2-558499791,S2-500783784,S3-422815078,S3-492185480,S2-477394939,S3-991519299,S2-219895754,S2-862761062,S2-320979191,S3-108163173,S2-283521978,S2-164086915,S3-156912933,S3-309561237,S3-765497419,S3-195472790,S3-762314581,S3-273844906,S3-203012296,S3-212407473,S2-702077449,S2-799992604,S3-807167891,S2-751332397,S3-138246490,S2-32987651,S3-921940475,S3-130513062,S2-597634181,S2-686679308,S3-483397745,S2-355741990,S2-326273316,S2-104917275,S2-932569098,S2-621473365,S2-489876714,S2-477073381,S2-51246152,S2-444111695,S2-86010362,S2-243808682,S2-878414602,S2-162571160,S2-680347191,S2-57263723,S2-733842611,S2-268353900,S2-457025924,S2-919874812,S2-457902512,S2-112317893,S2-99164149,S2-18357220,S2-175905260,S2-845107728,S2-821717867,S2-904354448,S2-11418174,S2-348179146,S2-246257965,S2-667572823,S2-41390641,S2-984607720,S2-887992542,S2-451932282,S2-208360768,S3-387058070,S2-878310544,S2-200880557,S2-274899707,S2-721023618,S2-106352233,S2-270156403,S2-585589926,S2-866058022,S2-103646900,S2-286973338
S1-569369299	S2-862491071,S3-177647762,S2-490347285,S2-715963433,S3-812938645,S2-283233683,S2-985778818,S3-909389379,S2-539156926,S2-757054231,S2-980221946,S2-21088887,S2-838333419,S2-283276878,S2-613415193,S2-878606752,S2-760650160,S2-618328454,S2-746274419,S3-548474741,S3-574587263,S3-267317871,S2-3894923,S2-545545731,S3-243816994,S3-689849573,S3-530084934,S3-666444338,S2-485623357,S2-153497472,S3-441136867,S2-862367208,S3-436118689,S2-323412980,S3-693720077,S2-976134566,S3-553331918,S3-849169045,S2-778206248,S3-89416308,S2-143610967,S3-907527186,S2-936163128,S3-940083800,S2-299343656,S2-810632526,S2-730602022,S3-25003552,S2-994654970,S2-244769817,S2-493655095,S2-274301198,S2-373947868,S2-797238349,S2-974769151,S2-11497933,S2-306547398,S2-440277559,S2-761095478,S2-110979820,S2-716351720,S2-405810669,S2-738338325,S2-249107607,S2-205670092,S2-701877493,S2-479192671,S2-4583532,S2-343566512,S3-354489724,S2-70578260,S2-515465879,S2-228026967,S2-645452316,S2-273040338,S2-779910674,S2-250632510,S2-719864134
S1-559615219	S3-693054587,S3-270265415,S2-845830690,S2-177051208,S2-366769977,S2-265210885,S2-592872038,S2-201022517,S2-874896372,S2-451112267,S3-327315714,S2-37293909,S3-404627301,S3-720092624,S2-592287673,S2-745287169,S2-209375436,S2-383460515,S2-946677182,S2-612725343,S2-846582814,S2-787935627,S2-410386990,S3-707258096,S2-278808978,S3-851445073,S3-706944390,S2-129699032,S2-582561366,S2-257040260,S3-110716107,S3-720045234,S3-879086926,S3-605637697,S3-55752036,S2-212086001,S3-565843276,S2-340420883,S3-68293760,S3-414311022,S3-167580191,S3-259364685,S2-155745917,S3-416584251,S2-456514313,S3-367160245,S3-623184532,S3-138192687,S3-257459966,S2-825823361,S3-748980991,S2-956316553,S3-172474411,S2-858067581,S3-623721955,S3-916418023,S3-838628841,S3-39736750,S2-521369090,S3-129370434,S3-831439417,S2-990176332,S3-415561307,S3-871387741,S3-613501955,S3-672969398,S3-93145397,S2-187744236,S3-129328008,S3-24058412,S3-710490604,S2-218278286,S3-145606203,S3-967504921,S3-635001181,S3-758344841,S2-196920047,S3-443822499,S3-444241004,S3-592276667,S3-653292346,S3-626087419,S2-601147209,S3-925696584,S3-935354109,S3-18982697,S3-131325535,S3-797337068,S3-849863248,S3-345222257,S3-240741645,S3-989418853,S3-406354298,S2-157970919,S3-859706175,S3-31989319,S3-147795588,S3-463105299,S3-655653146,S3-409239294,S3-79441941,S3-628988476,S2-747996032,S3-925442843,S3-694329796,S2-999160338,S3-44266062,S3-342006777,S3-691294985,S3-329164609,S3-549861416,S3-485638423,S2-930797634,S3-892528125,S3-733871528,S2-230614579,S3-616281314,S3-455747228,S3-821465954,S3-82272455,S3-831800661,S3-283930201,S3-913954464,S3-534886849,S3-764852050,S3-470022967,S2-702484988,S2-834112614,S3-221408798,S3-144817867,S3-186695986,S3-363098675,S3-62670661,S3-896032795,S3-80367663,S3-74506391,S3-771782515,S3-445482340,S3-792967316,S3-631466617,S2-11497933,S3-438383878,S3-49599669,S3-581615225,S3-590170963,S3-464516975,S3-365591047,S3-306482949,S3-461114140,S3-89277467,S3-710379683,S3-168641872,S3-628080098,S3-547934555,S3-451245772,S3-176019746,S3-855873197,S3-568445343,S2-801869379,S3-365545709,S2-475339542,S3-28124018,S3-4052247,S3-670976574,S2-204964383,S3-344771550,S3-123693308,S3-500218629,S3-876721377,S3-612089474,S3-626229361,S3-477330409,S3-21360081,S3-789674037,S3-766479512,S3-739832194,S3-184174096,S3-242049877,S3-13644754,S3-959929909
S1-684318101	S3-479259215,S3-707502882,S2-244253799,S3-653990373,S3-107784995,S3-130876792,S3-689371331,S2-327292904,S2-651671642,S3-972996570,S3-526324268,S3-878782457,S3-743202514,S3-486297806,S2-209932975,S3-541263624,S2-790554646,S3-661158200,S2-675957363,S3-132553935,S3-217427762,S3-60718083,S2-905352404,S3-54105148,S2-997094088,S3-978855715,S2-16940726,S3-636001365,S2-259771458,S3-472484301,S3-175650663,S3-872205830,S3-986947265,S3-534622973,S3-56236399,S2-448052196,S3-328876380,S3-240294111,S2-973152754,S2-205836707,S2-660971916,S3-136630477,S3-614898515,S2-553541002,S3-886126790,S3-740490133,S3-436094562,S3-986056455,S3-194953308,S3-330507123,S3-662956244,S3-326317952,S3-860232672,S3-29601257,S3-324792015,S3-812279338,S3-467616579,S3-512882718,S3-982331095,S3-74427391,S3-579723113,S3-197817648,S3-843848530,S3-776296790,S3-868876808,S3-200739789,S3-413091594,S3-631548123,S3-22424402,S3-897082296,S3-746116324,S3-847333126,S3-746345646,S2-526926528,S3-320561991,S3-747205629,S3-290934052,S3-36041261,S3-928740336,S2-219895754,S2-454149306,S2-258890831,S3-703016751,S3-808325548,S3-279166220,S3-634208605,S3-92048969,S3-952162166,S3-174824793,S3-585584755,S3-73658331,S3-245669549,S3-940611620,S3-442452127,S3-20582460,S3-895523392,S3-861554347,S3-602297320,S3-440722055,S3-352808478,S3-971389096,S2-599320719,S3-284891286,S3-239229801,S2-172226065,S2-741250223,S3-496635700,S2-540194268,S3-776140153,S3-251270986,S2-264625655,S3-953248083,S2-670600484,S2-803517694,S2-157970919,S3-226853807,S3-575522215,S3-790734025,S2-66702858,S2-765201479,S2-505474207,S2-595327057,S2-450930798,S2-449452467,S2-641777383,S3-940386896,S2-269222583,S3-94534025,S3-671647744,S2-989645657,S2-674785636,S2-696527839,S3-689602357,S2-431749471,S2-702471485,S2-26523309,S3-567015333,S3-449899475,S2-579096696,S2-381760959,S3-347044703,S3-843924721,S3-942003393,S2-836451563,S2-566083944,S3-532080170,S3-280906406,S3-961061490,S2-905827553,S2-586760902,S3-487239874,S2-834382585,S2-693717587,S3-145868808,S3-958507365,S3-637938488,S3-142722160,S3-463203315,S3-186811577,S3-720463467,S2-571553747,S2-191617647,S3-752267976,S2-183597752,S3-550185218,S3-732495340,S2-178717847,S3-133873026,S3-205961818,S2-249355784,S3-291436981,S2-816948200,S2-386701753,S3-597151098,S3-869401113,S2-929911816,S3-316307606,S3-332977820,S2-973459618,S2-777072767
S1-503487168	S3-780746209,S2-556291706,S3-33135216,S2-434232591,S2-829331049,S2-780643260,S3-430409783,S3-272927956,S3-364894317,S3-255183781,S2-532012363,S2-427450932,S2-456604136,S2-397101308,S3-201326665,S2-825567227,S2-49027669,S2-577275392,S2-153968942,S3-416808872,S2-706041339,S2-340880073,S2-256371728,S2-392558832,S2-922770028,S2-169727784,S2-934442612,S2-83832910,S3-537516589,S3-938198076,S2-161687312,S2-741586016,S2-875724478,S2-434184051,S3-711728433,S2-321000940,S2-42557818,S2-249272168,S3-841438346,S3-630495372,S2-305089827,S2-208617837,S2-233626843,S2-794447748,S3-523546096,S3-996126411,S3-427686932,S2-993887622,S2-223976872,S3-805698078
S1-967139755	S3-705293778,S3-23882359,S3-732988629,S2-818484858,S3-250324284,S2-484988571,S3-918214418,S2-341257859,S2-46251183,S2-808873293,S2-94146326,S2-26310330,S2-564890687,S3-951668539,S2-993960432,S3-752580222,S3-643314366,S2-831488886,S2-519746166,S2-260629268,S3-179920378,S3-945684412,S2-959875371,S2-176460599,S2-587812193,S2-776999904,S2-41744253,S3-692457070,S3-456745373,S2-813365169,S3-960177122,S2-694283742,S2-690303634,S2-585685802,S2-307886331,S2-769710367,S2-918095988,S2-609548133,S2-467031506,S2-917596066,S2-882619688,S2-332459557,S3-349827691,S2-752087230,S2-732505504,S3-803282140,S3-6739865,S2-250632510,S3-562966157,S3-600418036,S2-611780835,S2-420861320,S2-707032607,S2-907177166,S2-777556386,S3-686467773,S2-647731155,S3-522722729,S2-592630143,S2-278186236,S2-481775373,S2-826034253,S2-639237773,S3-260727184,S3-628046578,S3-211765941,S3-451896329,S3-138514872,S2-565522479,S3-825792423,S3-994099841,S3-227755451,S2-799457326,S3-667577595,S2-164671896,S3-141650544,S2-579930082,S3-946325287,S2-240293785,S2-223276547,S2-553018601,S3-974539195,S3-212379372,S2-607466429,S2-443193800,S3-118892490,S3-169159253,S3-447032205,S2-303989305,S2-415670470,S2-230913336,S2-16016604,S2-343162857,S2-902964115,S2-328922214,S3-164714075,S3-521291246,S2-606859896,S3-805053403,S2-248427739,S2-170422404,S3-855205222,S3-878582479,S2-585680211,S2-829878729,S3-417579311,S2-34971961,S2-644146285,S3-943647207,S2-260839023,S3-488838453,S2-523697702,S2-333281190,S3-718446746,S2-59125050,S2-540769419,S2-941985225,S3-937274827,S3-594590523,S2-830859966,S2-20839428,S3-359433677,S2-857086247,S3-59571619,S2-150783646,S2-159856715,S2-330734323,S3-378358364,S2-998604773,S2-269177273,S2-43040568,S2-991671297,S2-592803907,S2-676119483,S3-654501883,S3-97664864,S2-982484759,S2-867974324,S2-557746563,S3-705038879,S3-388582058,S3-942003393,S3-568778412,S3-374391328,S3-453404850,S2-741094905,S3-291219749,S3-65588814,S3-706088587,S2-522321446,S2-114707044,S3-53099174,S2-940918151,S2-789516288,S2-853340368,S3-142033659,S3-740246017,S2-978424631,S3-555830574,S2-898076393,S2-641374867,S2-659882694,S3-507960000,S2-751910183,S3-573797000,S3-961421742,S3-502443905,S2-573926166,S3-519379294,S3-329012794,S2-830645124,S3-869059972,S2-759735369,S2-569329313,S2-673679322,S2-888312086,S3-901784305,S2-715299488,S3-784451810,S2-657163367
S1-983819279	S3-356817222,S3-834917442,S3-805088337,S3-936457764,S3-293343648,S2-692533662,S3-719300067,S2-164498834,S3-569223417,S3-736257060,S3-341608004,S3-390936221,S2-667838369,S2-401440468,S2-899058508,S2-275830945,S3-21565900,S2-122111530,S2-961615370,S2-847911491,S3-212809372,S2-431749471,S2-542125792,S2-245878292,S3-808157320,S2-784943448,S3-286512684,S2-747996032,S2-155229927,S3-827494158,S2-722510752,S2-490425594,S2-606560091,S2-383487924,S2-177166041,S2-278456968,S2-663973826,S3-24286835,S3-169085241,S3-100227129,S2-683333618,S2-507233461,S2-701777161,S3-955333345,S3-308389620,S2-146021424,S3-821915918,S2-379356714,S3-518825638,S2-939852036,S2-707932659,S2-347685480,S2-576201028,S2-712374344,S3-547105577,S2-947516083,S3-521539344,S2-237808599,S2-570502883,S2-583114929,S2-787861634,S2-947273350,S2-627682672,S2-860947028,S3-393194228,S2-956952534,S2-718480121,S2-894301935,S2-388594236,S2-918973885,S2-508590881,S2-672191745,S2-749392034,S2-906594195,S2-752481543
S1-577269922	S3-253705785,S2-460240086,S2-305513447,S2-482661389,S2-874074111,S2-425252195,S2-506746490,S2-606224920,S2-942825819,S2-488977283,S2-857167023,S3-193324646,S2-288592732,S2-210791875,S2-688639436,S2-589215826,S2-979096206,S2-960666794,S2-601173803,S2-638650888,S2-561700565,S2-892595209,S2-81791890,S3-394082629,S3-576602764,S2-706640273,S2-221883099,S2-55225145,S2-751326812,S2-335659628,S3-541818572,S2-705186542,S2-10844142,S2-153590190,S2-386611611,S2-577972441,S2-788628222,S2-945812837,S2-29982663,S2-792603765,S2-615089280,S2-227618431,S2-2641867,S3-336741979,S2-24986701,S2-83198324,S2-193182845,S2-897270738,S2-106341849,S2-849447071,S2-529882230,S2-683642640,S2-470182555,S2-120876126,S2-336821634,S2-892099405,S2-656780981,S3-586973921,S2-858498846,S2-420574408,S2-867917626,S2-547919532,S3-505766547,S2-16706628,S2-426121095,S2-810422,S2-786671109,S2-446751168,S2-465255504,S2-83832910,S2-830877340,S2-907900549,S2-245612075,S2-237453164,S2-482081238,S3-591790934,S3-452270399,S2-710199345,S2-959592834,S2-476721040,S2-685165779,S2-755645360,S2-505028951,S2-668025282,S2-152000251,S2-496121735,S2-697505073,S2-457681515,S3-981206444,S2-917161865,S2-565474831,S3-244057525,S2-982874098,S3-862146881,S2-491277475,S2-951564019,S2-819612114,S2-235808422,S2-644655973,S2-313021955,S2-242588199,S2-521416591,S3-328729045,S2-939972778,S2-97561703,S2-811529948,S2-463547523,S2-511490226,S2-555716915,S2-592630143,S2-765806846,S3-831125986,S2-644330720,S2-557865140,S2-326481594,S2-857515979,S2-852298556,S2-705921678,S2-95770597,S3-202659366,S2-223276547,S2-695812164,S2-42312843,S2-916383925,S2-269753859,S2-882848533,S2-50810479,S2-114577372,S2-319187695,S2-375680966,S2-759387708,S2-6184028,S2-195598385,S2-251426537,S2-433321114,S2-549867529,S2-376728042,S2-287849452,S3-592114339,S2-627809306,S2-895906111,S3-910148238,S3-163500213,S2-523251697,S2-654658873,S2-996940195,S2-480421778,S2-361614898,S2-861216758,S2-892453924,S2-306547398,S3-955554835,S2-213110901,S2-735227071,S2-946764664,S2-844837162,S2-85673195,S2-274570145,S2-994698399,S3-644676548,S2-789287093,S3-752263490,S2-164454648,S2-784046963,S2-118314203,S2-396711531,S2-127170526,S3-469612141,S2-58929129,S2-397528344,S2-510635651,S2-406825129,S2-91814834,S2-465694455,S3-838137074,S3-898544362,S2-389013354,S2-906992094,S2-205874870,S2-917444010
S1-87832748	S2-477525337,S2-375151053,S2-936064379,S3-806145434,S2-208512643,S2-561886106,S3-61254473,S2-516816591,S2-193013091,S3-755522664,S3-222237909,S3-47877671,S3-778592118,S2-848752313,S2-844472086,S2-744271440,S3-409273241,S2-41494952,S2-231256061,S2-947914580,S2-463662417,S3-23464546,S2-280607105,S2-309995876,S2-500742070,S2-383315744,S2-790354406,S3-33038817,S3-490472859,S2-837086705,S2-489972415,S2-730530508,S2-409491038,S2-471712099,S2-112176830,S2-118220890,S3-977131787,S2-829767976,S3-886053303,S2-712294921,S2-704764500,S3-433377070,S2-264055037,S3-682649779,S2-84843728,S3-710194416,S3-884672427,S3-583976846,S3-915085468,S2-69776466,S3-617023108,S3-769945587,S3-389830698,S3-165731171,S2-220629993,S3-34043394,S3-323362814,S2-892330224,S3-575219002
S1-295346696	S2-774664132,S3-55634045,S2-357973381,S2-584739653,S2-828902755,S3-801458660,S3-584028612,S2-142919569,S2-11399040,S3-227274147,S2-518518982,S3-274269512,S3-214967767,S2-346969873,S2-464881130,S2-652100491,S2-642379815,S2-110518311,S2-614804837,S3-449787572,S3-507859838,S3-253568336,S2-287553406,S3-163965662,S2-937999261,S3-813037581,S2-799342669,S2-883799231,S3-25281609,S3-89010063,S2-602331422,S2-892637813,S2-386555546,S3-314845318,S2-919675684,S3-809083820,S3-872197884,S3-511350495,S3-419982870,S2-408202043,S3-69003773,S3-566162301,S3-400227868,S3-81009378,S2-818434951,S2-657674303,S3-64316370,S3-436224263,S3-922753681,S2-835925705,S3-325291268,S2-390533432,S3-320676528,S2-547317455,S3-618870695,S3-33630525,S3-960049027,S3-909287402,S3-545749841,S3-640765698,S2-404007568,S3-804922519,S3-660838032,S3-352588206,S3-912712169,S3-273272215,S2-698489713,S2-453316944,S3-54470773,S2-521485245,S3-563838302,S2-580884489,S2-65702873,S2-865296385,S3-170093050,S3-475503985,S3-697660906,S2-105100065,S2-877613262,S2-704945364,S3-66630390,S3-155934845,S3-421264795,S2-8335395,S2-311792054,S3-251422207,S2-71850350,S3-582976942,S2-148202605,S3-730893343,S3-582077735,S2-757965845,S3-48797858,S2-514477715,S2-750731046,S2-713264333,S3-82266746,S3-997697927,S2-805312676,S2-77706610,S2-46302793,S3-504729320,S2-478700155,S3-943916703,S3-220831214,S2-65732994,S2-72650353,S2-374741531,S2-982792981,S3-818348994,S3-180258776,S2-420814161,S2-964463489,S2-96360254,S3-77257430,S3-644215870,S3-50392946,S3-819655104,S3-679244020,S3-557590556,S3-78893783,S3-687471713,S3-927866807,S2-396175329,S3-988261331,S3-963214197,S3-394918230,S2-687464505,S2-647945622,S3-812052015,S2-206375685,S2-776064612,S3-168712025,S3-726938417,S2-849705833,S2-646218526,S3-300102996,S3-911144781,S2-755626247,S3-674057468,S3-91199590,S3-17625050,S2-978117935,S2-205139630,S3-163003008,S3-302542023,S2-288787823,S2-689319970,S3-609002634,S3-886284228,S2-879573885,S2-990799112,S3-379167296,S2-383030202,S3-999335994,S2-384976557,S3-108478336,S2-412246544,S3-57867301,S3-753068254,S3-852035874,S2-672367090,S3-399373667,S2-566025912,S3-745381024,S2-493735561,S3-892330054,S3-668183569,S2-470144907,S2-841604447,S3-430431212,S2-375101252,S2-844189091,S3-292813020,S3-459700094,S2-956099874,S3-156174783,S3-308621614,S3-591772690,S3-785126381
S1-252468250	S2-126425595,S3-157902210,S3-115737972,S3-709629289,S2-898849110,S2-116390537,S2-503620985,S2-693633433,S2-553971690,S2-923755234,S2-225798504,S2-437136287,S3-402496481,S3-948354428,S2-723518012,S2-437267325,S2-415479390,S2-792467805,S2-416878413,S2-951998320,S2-828853188,S2-714868741,S2-837092653,S3-561486942,S3-205961818,S3-55948637,S2-307685063,S2-772806454,S2-202615365,S2-351586681,S2-246760623,S3-131048561,S2-128136930,S3-497407516,S3-487529713,S2-172931117,S2-569681566,S2-847601546,S2-991842499,S3-791006834,S2-310754463,S2-236543422,S2-910940946,S2-788223086,S3-195401221,S3-938734485,S2-239469513,S2-883785499,S2-461623009,S2-34433329,S2-494227665,S3-33135216,S3-111854299,S3-602156126,S2-245634569,S2-197846147,S3-940726148,S2-657995058,S2-895103617,S2-570328388,S2-532515474,S3-623774631,S3-642292681,S2-530744031,S2-883556842,S2-294766157,S2-555793148,S2-117267519,S3-338207412,S3-466864256,S2-165898626,S2-430858827,S3-735150035,S2-238705629,S3-825010858,S3-121237277,S2-162568649,S3-385275144,S3-471270249,S3-228134423,S3-415590169,S2-698207989,S3-790115877,S3-537516589,S3-376829862,S2-328994531,S3-319333823,S3-604318779,S2-270848867,S2-971092647,S3-407317435,S3-812853393,S2-836691288,S3-784044542,S3-932516512,S2-591519148,S2-906091321,S3-662221368,S2-753618829,S2-367421262,S3-360985107,S2-512747049,S3-320558843,S3-894109506,S2-711782291,S2-271439012,S3-228664279,S3-713513435,S2-993071707,S3-198313511,S3-382858106,S2-63184086,S2-869015498,S3-490538771,S2-440916264,S2-24824093,S2-892097632,S3-152938043,S3-648591342,S2-219066070,S2-60869404,S2-210314492,S3-87910892,S2-745454674,S3-101904473,S3-555124628,S2-692619586,S2-182175113,S2-485471128,S2-258043694,S2-77795814,S2-555024120,S3-84513983,S2-687826763,S2-371301714,S2-937785155,S2-429797969,S3-485442650,S3-644835672,S2-835946562,S2-541694475,S2-627930224,S2-276569893,S2-307665843,S2-644663956,S3-90794080,S2-299309149,S3-397929792,S3-370033439,S3-175439831,S2-950077998,S2-164012387,S3-602960033,S2-630413009,S2-854348240,S3-746624217,S2-902964115,S3-487880418,S3-280079740,S3-631679743,S2-850760806,S3-170336704,S3-333109954,S2-955417771,S3-732188207,S3-153268906,S2-840373534,S2-726819490,S2-345443624,S2-701496773,S2-689098862,S2-66095072,S3-466001052,S2-729311287,S2-869996613,S3-421814155,S3-650921621,S3-299595965,S2-904962932,S2-910490822
S1-781801397	S3-288578496,S3-999358771,S2-192191241,S2-346638713,S3-688194826,S2-974278418,S2-167032048,S2-573016689,S2-889918513,S3-387145228,S2-589103485,S3-135912001,S3-192679481,S3-474993429,S3-314476048,S2-84952005,S3-371820718,S3-54950780,S2-287157379,S2-880643357,S2-126608465,S2-856979001,S2-422099112,S2-739001878,S3-724330156,S2-876628765,S3-832695553,S2-286926428,S2-871779147,S2-224703642,S3-393675543,S3-400848835,S3-434252808,S2-541282972,S2-220387614,S3-599479755,S2-22541885,S3-503541384,S2-204135404,S3-954817338,S2-605162695,S2-396608240,S2-772184038,S3-941335653,S3-106294093,S2-586191372,S3-508498213,S2-393378258,S2-852376738,S3-428243874,S3-236958663,S2-243893257,S2-900800434,S2-1658297,S3-714453823,S3-760457356,S2-997134826,S3-984869397,S3-216482370,S2-410804005,S2-499752072,S3-453576408,S3-144730959,S3-643531990,S3-71174119,S2-849447071,S3-480853264,S2-876424009,S3-380454276,S3-517431260,S3-796316024,S2-950221059,S2-780643260,S2-380045723,S3-748588813,S2-553921087,S3-67648842,S3-234917126,S3-400687465,S2-33556559,S3-944904174,S3-457939445,S2-363137231,S3-417579311,S2-692313839,S3-935110911,S2-636514738,S2-627809306,S3-878582479,S2-806073616,S2-789516288,S2-349816622,S2-926593422,S3-239374760,S3-659139386,S2-660568756,S2-389529206,S3-957503508,S3-497981703,S3-594161503,S3-958955314,S2-788342534,S3-335582092,S3-942307371,S3-592645237,S2-14075834,S2-796614766,S3-461525971,S2-821620925,S3-715746803,S2-119463027,S3-149737393,S2-17853482,S3-44710305,S2-700426501,S2-662613483,S3-575904198,S2-590159758,S3-447801008,S2-344513307,S3-211580303,S2-450022889,S2-79627178,S2-645458367,S2-941985225,S3-292794271,S2-292356297,S3-23747762,S2-740495186,S2-821717552,S2-85749858,S2-869133262,S3-723736397,S2-641933377,S3-82566363,S2-867590973,S3-531321291,S3-307004005,S3-336741979,S2-608424279,S2-945687659,S3-467050341,S3-445030076,S3-902593794,S2-717552019,S2-75523586,S2-721944962,S3-348467710,S2-903583158,S2-230476750,S3-777821211,S2-991925682,S2-129998399,S2-867974324,S3-586621922,S3-7525865,S2-904962932,S2-722571254,S3-728858959,S2-505763014,S2-888312086,S2-322894222,S3-568778412,S2-156968585,S2-898655795,S3-967583275,S3-54422741,S2-119602706,S2-722220055,S3-310384847,S2-223604666,S3-117575529,S3-75147306,S2-442077020,S3-643341816,S3-417647514,S2-854348240,S3-460520036,S2-591458591,S2-200620479
S1-669434847	S2-142528141,S3-86457942,S2-160949684,S3-760966064,S3-333715645,S3-133034843,S2-745343993,S3-315584644,S2-505281043,S2-799201738,S2-202109904,S2-579777488,S3-603943478,S2-580457434,S2-91313595,S2-891155479,S2-260783727,S3-689850048,S3-16622452,S2-959731145,S3-483042277,S3-895652249,S3-673792027,S2-406149845,S3-151987264,S3-400566176,S2-460796334,S3-708801054,S3-91622820,S3-845334811,S3-94821688,S3-725969729,S3-624204619,S3-780416222,S2-742207065,S3-384645877,S3-790981249,S3-77919636,S2-308808035,S3-744282262,S2-473427722,S2-450930798,S3-366504618,S3-906409447,S2-851169378,S3-225943335,S3-821998947,S2-181493926,S2-200620479,S2-893106573,S2-253736055,S3-914122777,S2-212476792,S3-890733304,S3-650107966,S3-571021273,S2-679793703,S3-958232744,S2-706954273,S3-154855145,S3-867048965,S3-17678176,S2-68884258,S3-196711095,S3-714209281,S2-73196616,S3-79054528,S3-49444522,S2-262707291,S3-515747426,S3-109305255,S2-886007943,S2-53600006,S2-732602678,S2-620164197,S2-986820545,S3-308820204,S2-873269194,S3-710930278,S3-535073922,S2-488645517,S3-920700113,S3-917290953,S2-86678370,S3-449583171,S3-936475521,S2-750099771,S2-598961812,S2-702471485,S2-903812424,S2-892595209,S3-37782693,S2-777696351,S3-885974812,S3-838840863,S2-632076124,S2-322550444,S2-94963167,S2-887190292,S2-159856715,S3-248055063,S3-109460719,S2-222623663,S2-773064412,S3-665839916,S2-500713201,S2-52587820,S2-753400298,S2-538599452,S2-79919892,S3-511774152,S2-4011791,S2-134830088,S2-113653299,S2-180794574,S2-391588088,S2-258201185,S2-992249487,S3-521291246,S2-58767689,S2-249882471,S2-957958749,S2-625822830,S3-621267647,S2-282814499,S2-765975141,S2-86010362,S2-703640552,S2-148060600,S2-226194314,S2-619042771,S2-939764847,S2-553921087,S3-745853069,S2-389963695,S2-333771957,S2-41998724,S2-411971892,S2-252241796,S3-786338743,S2-854872394,S2-325960122,S2-930705691,S2-930127878,S2-811041605,S2-264951839,S2-427649642,S2-195564008,S2-409062448,S2-274181567,S2-944804286,S2-110050312,S2-303037664,S2-743487746,S3-399101364,S2-324335779,S2-218396425,S2-55371613,S2-735945462,S2-482188735,S2-795335462,S2-623316095,S2-431834266,S2-310203673,S2-25603252,S2-973619712,S2-919703139,S2-606087329,S2-446219150,S2-283613100,S2-777971512,S2-790080617,S2-844512989,S3-446548920,S2-806956628,S2-544571699,S2-839110260,S2-613875840,S2-536401840,S2-14075834
S1-570053103	S3-329981915,S2-643358718,S3-412892449,S2-987744816,S2-993595929,S2-290104362,S2-618613065,S2-27053286,S3-14562505,S3-805835057,S3-308820204,S3-708722675,S2-328922214,S2-975313515,S3-382973049,S2-201920029,S3-517979318,S2-664643368,S2-59125050,S2-299958103,S2-551806587,S2-682093109,S2-84294594,S2-41601116,S3-205846054,S3-720150706,S2-303227904,S3-701384495,S2-857515979,S2-653318397,S2-212287689,S2-719499928,S2-225330474,S2-978468650,S3-147778699,S2-200051878,S2-882172155,S2-351055128,S2-647232146,S3-841860782,S2-748044229,S2-947767881,S2-948660637,S2-205258802,S2-813561134,S3-247019718,S2-203927789,S3-125274890,S3-889838319,S2-969405994,S3-442645189,S2-16978805,S2-768072390,S2-43404118,S3-720452393,S3-333748960,S2-106302105,S3-690494839,S2-275270455,S2-386250934,S2-469942778,S3-181087122,S2-124599563,S2-39916242,S3-150310753,S3-908448290,S2-294737592,S2-335644017,S3-398496487,S2-655038949,S2-155229927,S2-457402455,S2-844675977,S2-757960276,S2-3944482,S2-750472969,S2-307351456,S2-2290894,S3-21511926,S2-987126275,S2-418515039,S3-328654080,S2-37235087,S2-124584141,S3-229973595,S2-324155627,S2-685966414,S2-374391672,S2-580975006,S2-690504228,S2-568557166,S2-678019416,S3-325472450,S2-652229553,S2-193329761,S3-384216847,S2-194503924,S2-97452535,S3-593753099,S2-930382947,S2-630672871,S3-28894650,S2-851474756,S3-150860631,S3-114072012,S2-296857116,S3-830758507,S2-384330132,S2-407931344,S2-896862916,S2-172424089,S2-942797293,S2-495634655,S3-633262951,S2-401459353,S3-269690794,S3-665839916,S2-43535556,S2-495813079,S2-138013558,S3-187199361,S2-710254316,S2-139506199,S2-613340629,S2-25405386,S2-299962727,S3-177994966,S3-731096130,S3-396351747,S2-621702363,S3-333310896,S2-628990996,S2-247111633,S3-35728913,S3-920580854,S3-186962564,S3-531277614,S2-380723057,S3-4737266,S3-546300597,S2-763493972,S2-751909739,S3-481758921,S2-577684356,S2-413110201,S3-232932185,S3-803818793,S3-866266523,S2-308665105,S2-138514116,S2-456510542,S3-722084081,S3-671647744,S3-803492,S2-909319470,S2-785863261,S3-607752074,S2-998179263,S3-954923805,S3-820010113,S3-604972115,S2-326645415,S3-407999834,S2-614681363,S2-464655979,S3-472452073,S3-250253484,S3-283353905,S2-814834602,S2-202569579,S3-526011719,S3-622147609,S3-197139847,S3-987541245,S2-102506722,S3-416808872,S2-171106432,S2-978547486,S2-998526315,S2-431807226
S1-736469556	S2-983421828,S2-495395238,S2-367560858,S3-701641546,S3-927881041,S2-649103744,S2-145030081,S3-768477629,S3-264729325,S2-802150664,S3-135912001,S2-39832293,S2-538599452,S3-553464840,S2-722548684,S2-335147570,S2-723513824,S2-676390111,S2-790080617,S2-672457193,S2-865346964,S3-743729368,S3-472685604,S2-531262492,S2-403270821,S2-93944014,S2-518679206,S2-342387202,S2-839110260,S2-806956628,S2-345109638,S2-125457218,S3-990105007,S2-614146034,S2-264746180,S2-14075834,S2-444259301,S2-359498,S2-930127878,S3-591492307,S2-662724974,S2-168693544,S3-538186103,S3-785560465,S2-608963132,S2-211680515,S3-322285697,S2-303037664,S2-312863538,S2-418297862,S2-284797430,S2-988725816,S3-477355064,S2-55371613,S3-841697956,S2-2907580,S2-304719869,S2-885143036,S2-410804005,S2-601113320,S3-463203315,S3-193164754,S2-483346173,S2-7134548,S2-365338688,S2-858333831,S2-323205883,S2-521137694,S3-479320850,S2-522004411,S2-722700267,S3-557495509,S2-322894222,S3-542174661,S3-95522602,S3-115223735,S2-286092318,S3-172826012,S3-921468859,S2-235789105,S3-118705582,S2-374753079,S3-988193270,S2-196824171,S2-629654694,S3-635511582,S2-843654433,S3-100977482,S2-422993819,S2-440788806,S3-10891585,S2-733379415,S3-290225853,S3-443929776,S3-114658296,S3-856075014,S3-236344840,S2-701496773,S3-7525865,S2-333771957,S3-513478682,S2-64310140,S3-615688314,S3-16147297,S3-323904182,S3-200739789,S2-427649642,S2-789750249,S3-760520749,S2-113653299,S2-29165633,S2-504765147,S2-992249487,S2-462810789,S3-10497575,S2-619042771,S3-167249043,S2-476465262,S3-120208241,S2-530481446,S2-295130212,S2-499949518,S2-769268513,S3-138070131,S3-401637627,S2-304713900,S2-988974568,S3-21511926,S3-77004161,S2-200620479,S2-399669447,S2-778722505,S3-666767016,S2-795335462,S2-528371982,S2-83962742,S2-122317204,S2-158865015,S2-258201185,S2-513049531,S2-541239977,S3-847768849,S2-412527378,S3-448378941,S2-394968734,S2-733946572,S3-643154035,S3-657983769,S2-834419088,S2-791288340,S3-625112657,S3-465657469,S3-453840096,S2-274181567,S2-844512989,S3-715389618,S2-843952537,S2-25603252,S2-601032627,S2-301759252,S3-840365372,S2-621212069,S2-442099802,S2-337736101,S3-493795189,S3-677084096,S3-431726820,S2-85764223,S2-483274799,S2-454637476,S3-437359926,S3-485370521,S3-167258292,S2-378099609,S2-647747433,S2-640031357,S3-505028609,S2-569183399,S2-745343993,S2-682359125
S1-483126440	S2-565578979,S2-16371592,S2-536401840,S3-5049219,S2-291314069,S2-265013845,S2-505281043,S2-943852279,S2-708184195,S2-601113320,S2-312863538,S2-46251183,S2-481946162,S3-851673454,S2-518679206,S2-427649642,S2-813647989,S2-391588088,S2-335147570,S2-531262492,S2-55371613,S2-839110260,S2-303037664,S2-93944014,S2-601032627,S2-538599452,S2-992249487,S2-722700267,S2-595199108,S2-437267325,S3-591492307,S2-7134548,S2-885143036,S2-25603252,S2-399669447,S2-483346173,S2-412527378,S2-522004411,S2-588085625,S2-988725816,S2-434115864,S2-930127878,S2-614146034,S2-284797430,S2-723513824,S2-323205883,S2-342387202,S2-211680515,S2-515585165,S2-200620479,S2-274181567,S2-359498,S2-818243239,S2-410804005,S2-343112703,S2-394968734,S2-337736101,S2-345109638,S2-304713900,S3-940386896,S3-837061209,S2-278186236,S3-951876123,S2-14075834,S2-440788806,S3-507474950,S2-147686039,S2-374753079,S2-250985878,S2-701496773,S2-905753107,S2-428885362,S2-527436414,S2-462810789,S2-733946572,S2-795335462,S3-292794271,S2-58767689,S2-301759252,S2-2907580,S2-951998320,S2-858333831,S2-303791329,S3-999993917,S2-790080617,S2-517800889,S2-322894222,S2-64310140,S2-544571699,S2-672457193,S2-92717447,S2-295130212,S2-163865475,S2-789750249,S2-745343993,S2-640031357,S2-649103744,S2-608963132,S2-622177531,S2-158865015,S3-109415205,S3-477355064,S2-528371982,S2-509966472,S2-196824171,S2-553921087,S2-12269522,S3-59623594,S2-559271677,S2-476465262,S3-425154261,S3-293863909,S2-286092318,S2-619042771,S2-166204215,S2-418297862,S3-991348616,S2-629654694,S2-829581724,S3-886266632,S2-367560858,S3-514511622,S3-299502490,S2-304719869,S2-778722505,S2-504765147,S2-785659578,S2-707170527,S3-307115933,S2-621212069,S3-62772223,S2-365338688,S2-234459440,S2-446219150,S2-101777891,S2-646065485,S3-347371187,S2-662724974,S2-873269194,S2-53757306,S3-147240704,S2-125457218,S2-64327670,S3-563690738,S2-673540283,S2-500142970,S3-369240610,S2-806956628,S2-495395238,S2-258201185,S2-85764223,S3-779007929,S2-83962742,S2-676390111,S2-138154935,S2-591480430,S3-639721472,S2-411971892,S3-708801054,S2-324335779,S2-530481446,S2-437254036,S2-239469513,S2-480897317,S2-603448716,S2-409062448,S2-647747433,S2-143755487,S2-389963695,S2-706954273,S3-648591342,S2-544744703,S2-29165633,S3-864436832,S2-682359125,S2-37907319,S2-844512989,S2-579777488,S2-406270393,S2-643635527
S1-270951405	S2-311498543,S2-669641587,S3-336355575,S2-577766410,S2-562133786,S3-708694176,S2-993717881,S2-251677157,S3-364140123,S2-562299673,S2-817424023,S2-710346048,S3-73703196,S2-262813749,S3-71506334,S2-606859896,S2-315871594,S3-623045511,S3-284180332,S3-213681480,S2-532012363,S2-108746514,S2-390142514,S2-852042207,S3-223761795,S2-15576704,S3-682231532,S3-380865889,S2-229656817,S2-519393781,S2-351805720,S3-475744975,S2-889918513,S2-430488711,S2-180113952,S3-426826665,S2-770081906,S2-643393193,S2-750152511,S2-424595462,S3-556448436,S2-537577036,S2-501036746,S2-98148007,S2-437831187,S2-549522617,S2-223604666,S2-828739074,S2-560801662,S2-321000940,S2-56051253,S2-708352519,S2-960258531,S3-192889875,S2-527652973,S2-706041339,S2-553225617,S3-994812009,S2-155646280,S3-102882344,S3-898541620,S3-880824964,S3-821915918,S2-31544111,S2-705838505,S2-922770028,S2-895728859,S2-932589145,S2-465366653,S2-861422809,S3-638111379,S2-617790108,S2-669957816,S3-167176942,S2-730055337,S3-987464583,S3-467251258,S2-198322712,S3-651397246,S3-453377653,S3-247333344,S2-886732759,S3-352850582,S3-992983561,S2-978100588,S2-64719085,S2-56432415,S2-296621473,S2-939842188,S2-294384748,S3-799263023,S2-260821412,S2-150191211,S2-806864654,S2-528243076,S2-598036698,S2-790160706,S3-248811013,S2-409260231,S2-72216975,S2-689666527,S2-138896427,S2-469678494,S2-706640273,S3-739895897,S2-442549744,S3-827247792,S3-915479204,S2-638294362,S2-97260598,S2-700368085,S2-971269948,S3-619570495,S3-508997180,S2-578052997,S2-779718587,S2-310967848,S3-255586436,S3-547907242,S2-450182726,S2-247001889,S2-590364803,S2-544674535,S3-793265659,S2-840070502,S3-552163432,S2-880221471,S3-59493597,S2-276198859,S2-164900068,S2-94145774,S2-793383474,S2-585814609,S2-484622675,S2-236321150,S2-530403107,S3-936796478,S2-400899419,S3-326412885,S2-442251246,S2-520712953,S2-130395055,S2-327583199,S2-213066512,S3-681266328,S2-822377315,S3-310673644,S3-859090810,S3-386500136,S2-276149034,S2-589549611,S3-244227733,S3-754130391,S2-763658374,S3-460206531,S2-420617297,S2-30931575,S2-50524803,S3-577196016,S2-509761421,S2-151230817,S2-536939129,S2-229422432,S2-555290506,S2-681468189,S3-529090004,S2-57703042,S2-697969720,S3-143405656,S2-117120610,S2-947816982,S2-855989772,S2-427698024,S2-765824316,S2-375288089,S2-896007056,S2-671019678,S3-256697494,S2-367933519,S3-954411465
S1-520799361	S2-451766122,S2-351524653,S2-725894842,S2-753889931,S2-147011040,S2-343318732,S2-306910909,S3-794432184,S2-334516291,S2-243650020,S3-225890229,S2-780364055,S2-8415538,S2-754522704,S3-416523489,S3-659174374,S3-27965581,S2-46349999,S3-412984840,S3-332758132,S2-334006623,S2-677453227,S3-391142358,S2-640120139,S2-247452793,S3-207823676,S2-51698332,S2-40000338,S2-817029992,S2-93937019,S3-72453444,S2-857275799,S2-402131518,S2-594388053,S2-140796098,S3-296453004,S2-616038866,S3-585584755,S3-824382897,S2-315784092,S2-838593171,S2-44035259,S2-108197339,S2-677560540,S2-148589274,S2-610731885,S3-244937340,S2-706106619,S2-358836213,S3-935407211,S3-47331926,S2-938622109,S3-181508463,S2-516299707,S2-157096009,S2-911327888,S3-576147302,S2-158076477,S2-169479793,S2-295827882,S3-995098687,S3-701595061,S2-119858935,S2-668782216,S3-334116543,S2-117191419,S3-593981074,S2-966381947,S3-47471580,S2-885493859,S3-47877671,S3-472244894,S3-773911112,S2-89579707,S2-360791504,S2-392006198,S2-727111603,S2-328590325,S3-549298,S2-908389841,S2-154165045,S2-663705718
S1-81033582	S3-662175430,S3-319322627,S2-783648666,S3-214737749,S2-59604091,S2-294998398,S3-742091948,S3-676927086,S3-889777255,S3-165765562,S3-967707800,S3-451380040,S2-841604447,S3-988961148,S3-328984561,S2-93749685,S3-287521867,S2-410801265,S2-647945622,S2-506155991,S3-358729746,S2-629431053,S3-258552232,S3-541707690,S3-525968369,S2-262646344,S2-54070460,S3-695929806,S2-920587005,S2-11737014,S3-660838032,S2-502078035,S2-46302793,S2-730816075,S3-77766630,S2-660792558,S2-549064643,S3-680187578,S3-207370127,S3-878039786,S3-141432285,S2-396661958,S2-813841226,S3-124884606,S3-504729320,S3-960049027,S2-877613262,S2-127425839,S2-660795723,S2-48879393,S2-383030202,S3-799420878,S3-634918658,S3-995315197,S3-675446230,S3-120979804,S2-708317762,S3-421264795,S3-912712169,S2-453119217,S3-78013040,S2-175110533,S2-499252487,S3-476382537,S3-305215419,S2-77706610,S2-65702873,S2-72650353,S3-187929272,S3-677028172,S2-868266996,S2-185389152,S2-454483999,S2-672367090,S3-430431212,S3-424943129,S3-697660906,S3-959743474,S2-493735561,S2-583114929,S2-225835857,S3-673612212,S3-156174783,S2-580853997,S2-838089392,S3-492635654,S3-715060299,S3-785126381,S3-71943791,S3-911144781,S2-112550664,S3-849499846,S2-754075332,S3-682610611,S2-99438370,S2-462428237,S2-238848449,S2-653042915,S3-33630525,S3-898958292,S3-598041925,S3-766141107,S3-533950000,S2-880426787,S3-89846531,S2-818434951,S3-777326326,S3-1148001,S3-496513676,S3-523932436,S3-435398491,S2-782671757,S2-164531605,S3-730405898,S3-469361546,S3-585130700,S2-190162920,S2-840906265,S2-652202457,S2-433954722,S3-270340972,S3-582077735,S3-16768563,S3-453025706,S3-33319226,S3-489730864,S3-319092992,S3-732045847,S3-390440571,S2-596503094,S2-341168532,S2-573848201,S2-272351032,S3-914210944,S3-426099075,S2-799342669,S2-414029769,S2-412246544,S2-15975240,S3-771777105,S2-518518982,S2-303995574,S3-213502299,S2-6254086,S3-398254055,S2-403526225,S3-274269512,S2-849705833,S3-114469445,S3-254393046,S3-621306900,S2-689319970,S2-682939593,S2-206375685,S2-422634406,S2-210128326,S2-109747337,S2-736753207,S2-690426266,S2-212302559,S2-828305448,S3-837079914,S2-135243872,S2-71850350,S3-858211998,S3-665164579,S2-379470628,S3-181146459,S2-780499094,S2-373593345,S2-192205825,S3-636249405,S2-588358069,S3-331972603,S3-909287402,S2-311974636,S2-527367932,S3-257431531,S2-982792981,S3-306313196
S1-56410032	S2-959015092,S3-273689707,S2-581549782,S2-655877016,S2-584760377,S3-918975851,S2-523707559,S3-784367931,S2-749189466,S3-893696149,S2-348551415,S3-195050151,S2-79047557,S2-342720491,S2-577525890,S2-654219805,S2-764916381,S2-311381500,S3-787628165,S3-813088837,S3-749849526,S2-78545560,S2-59167736,S3-496270016,S2-645552896,S2-366769977,S3-328445860,S2-332503571,S3-927021655,S2-947488596,S2-498001172,S3-594606930,S3-97732517,S2-414037284,S2-465849879,S2-24275407,S2-803040824,S2-845981082,S2-530971213,S3-154284796,S2-919907266,S2-178420510,S3-366124704,S3-791510022,S2-431807230,S3-403748952,S3-982456503,S2-870061051,S2-864810673,S2-595735456,S2-373250181,S2-155616834,S2-8422686,S3-925986913,S3-912469730,S2-462866226,S3-521317798,S3-797061179,S2-191737075,S2-740240559,S2-318663006,S2-992757697,S3-280041814,S2-528686133,S3-155084556,S3-625789104,S3-878364612,S3-763752744,S3-115352309,S2-441687641,S3-855873197,S2-214746945,S3-506312119,S3-740972676,S3-502010675,S3-212206275,S2-521349456,S3-607953728,S2-692582005,S2-76793383,S3-764097128,S2-249425502,S3-642991553,S3-934378613,S2-879106147,S3-615021504,S2-61855318,S2-920046,S2-512956545,S2-155745917,S3-439524676,S3-411394332,S2-199559681,S2-610064974,S3-288116610,S2-110329682,S3-718801714,S3-220516595,S2-601855030,S2-96896941,S3-778698182,S2-594538657,S3-869538951,S2-439140764,S2-477429690,S3-330507123,S2-279347296,S2-322570051,S3-75769522,S3-783237056,S2-762026941,S2-331857862,S3-760913723,S2-354255542,S2-378765319,S3-970349508,S3-625268624,S2-985176518,S3-509957303,S3-31882713,S2-76164443,S2-710531014,S3-10645551,S3-507220996,S2-92479381,S3-176207975,S3-220988582,S2-705338110,S3-628080098,S2-437575479,S2-102151775,S3-419408060,S3-820083235,S2-841786122,S2-328555084,S3-708150560,S2-627555144,S3-102928187,S2-593565156,S2-793244479,S2-845875537,S3-414125276,S2-669423251,S2-592872038,S3-706944390,S2-188157420,S3-937845223,S3-1201385,S2-477073381,S2-257040260,S3-913148143,S2-419291038,S2-398811719,S3-333330364,S3-141188678,S2-302642764,S2-377865304,S3-785426334,S2-329688165,S3-715388148,S2-320393946,S3-371033990,S2-20928654,S3-723112655,S2-705876293,S2-328567236,S2-946675133,S2-858378115,S3-420100657,S3-389257610,S3-152153600,S3-190233639,S3-189159408,S3-711599508,S2-299343656,S3-794060318,S2-875243761,S2-983651104,S2-735860655,S3-664670747
S1-518847572	S2-240657119,S3-723733549,S2-700289591,S2-168908097,S3-929002441,S2-131201623,S3-356347371,S2-831809006,S2-1734121,S2-145249345,S2-329191912,S2-41168629,S2-218962874,S2-870670768,S2-886429100,S2-619289579,S2-87830401,S2-308151671,S2-198807425,S3-906885791,S2-444045793,S3-762858573,S3-676274168,S3-417628497,S3-876988958,S2-795371733,S2-332053988,S3-768464294,S3-674161039,S2-581955114,S3-372346297,S3-221392550,S3-162815052,S3-198019066,S3-882581569,S2-781973860,S3-283772757,S3-157112453,S3-938042086,S2-21645518,S3-220925592,S2-615009478,S3-572130571,S3-505997632,S3-370979680,S3-13639697,S2-269699057,S2-948894912,S2-379203700,S3-996303827,S2-557113101,S2-61166243,S3-36753388,S3-150322987,S2-557722246,S2-686236213,S2-607335711,S2-499505081,S2-969337377,S2-988029522,S3-568766821,S2-489090621,S3-53466868,S2-142313940,S2-984286189,S2-126555429,S2-209534431,S2-386686888,S2-637049107,S3-563137754,S3-416247723,S3-815184361,S3-500214791,S3-555465629,S3-501965992,S3-34766123,S3-824593571,S3-477576886,S2-408268142,S2-809690243,S3-764229107,S2-571755639,S2-103626594,S2-463134710,S2-621663546,S2-768679434,S2-872953423,S2-694073194,S3-42776329,S2-99059673,S2-30681866,S2-923305420,S2-551914381,S3-987884808,S3-930549522,S2-634828042,S2-677424766,S2-944704355,S2-367152592,S2-728082085,S2-751202314,S2-784038027,S2-378353934,S2-708416992,S2-323337217,S2-51615186,S3-175304282,S3-956529663,S3-451369141,S3-303418827,S3-553340278,S3-903359756,S2-939202117,S2-872099735,S2-227540736,S2-224820418,S2-646202136,S2-426704259,S2-258360599,S3-296601627,S3-174593595,S2-511302328,S3-687245749,S3-477375109,S2-342081407,S2-839421642,S3-121879323,S3-976849016,S2-31840237,S3-302818833,S3-534066918,S2-547594988,S2-701170872,S2-280811393,S3-718504937,S3-668629842,S2-940690414,S3-830129258,S2-172339003,S2-84337110,S2-944941126,S2-642938176,S3-231860842,S2-568389938,S3-755180834,S2-58857525,S3-700904983,S2-85144335,S2-782351755,S3-556275729,S2-411236658,S2-913170244,S2-844003614,S2-925094654,S2-668050281,S2-790354406,S2-426007255,S2-688943467,S2-757534042,S3-87164932,S2-495555462,S2-447375514,S2-809665812,S2-256407354,S2-501556734,S3-718577904,S2-289373702,S2-11748354,S3-578011415,S2-218337544,S2-766716297,S2-713637360,S2-693901543,S3-65254576,S3-694625837,S3-663026748,S2-238702934,S2-788202392,S3-371049914,S2-887783351
S1-776267063	S2-466691175,S3-331972603,S3-240145962,S2-588358069,S3-785126381,S2-454466628,S3-491264868,S2-844660399,S2-137175898,S2-91222116,S3-605507587,S3-459700094,S3-156174783,S3-48797858,S3-777326326,S3-511325718,S2-72650353,S2-647945622,S3-912712169,S2-45380311,S3-168712025,S2-358396633,S2-355190041,S3-543902884,S3-354818630,S2-920587005,S3-682610611,S3-492369834,S3-187929272,S2-274721885,S3-55199864,S2-389273331,S2-59604091,S3-876425841,S3-967707800,S3-258552232,S2-783648666,S3-742091948,S2-493735561,S3-436201384,S3-928634282,S2-660795723,S2-652202457,S2-713264333,S3-789445280,S3-557590556,S3-89846531,S2-736753207,S2-685540290,S3-697660906,S2-687464505,S2-238848449,S3-22266838,S3-745381024,S3-276048911,S2-726539574,S3-677028172,S2-529420923,S2-982792981,S3-621306900,S2-453119217,S2-111438775,S2-877613262,S3-319322627,S3-504729320,S3-636249405,S2-689319970,S2-341168532,S3-988961148,S3-82266746,S2-375101252,S2-127425839,S3-453025706,S2-34563072,S2-463286962,S2-570950731,S3-463960582,S3-171786414,S2-932883950,S3-258887002,S2-46302793,S3-78013040,S3-180899848,S3-561619614,S3-735492773,S3-404861973,S2-31275344,S2-268265302,S2-682939593,S3-551960298,S3-662175430,S2-404007568,S2-841604447,S3-1148001,S3-328984561,S3-356844799,S3-444029947,S2-54070460,S2-880426787,S3-520326237,S3-426099075,S2-379470628,S3-220903435,S2-257820483,S3-306653140,S2-566025912,S3-582077735,S2-65702873,S2-580173238,S3-120443833,S2-547317455,S2-935662283,S3-254393046,S3-29782137,S3-33630525,S3-17625050,S2-262646344,S3-629924937,S2-98036361,S2-849705833,S3-170093050,S2-109747337,S3-305215419,S2-660792558,S3-182512145,S3-675446230,S2-489173239,S3-358729746,S3-730405898,S2-108984077,S3-293163847,S2-641290779,S3-453960501,S3-780090761,S3-960049027,S2-613465591,S2-49455096,S3-54470773,S3-165765562,S2-630508432,S3-253865524,S3-959743474,S3-681977972,S2-596503094,S3-652520759,S2-634410066,S3-314843333,S3-909287402,S3-175732102,S3-214737749,S3-50392946,S2-194482594,S3-295531735,S3-943916703,S2-583114929,S2-649414925,S3-939668668,S3-309200311,S2-303995574,S2-506155991,S2-301073018,S3-673612212,S2-527367932,S3-197008620,S3-809535079,S2-757965845,S3-585130700,S3-818348994,S3-2624129,S2-782671757,S3-525968369,S2-410801265,S2-503234423,S2-272351032,S2-152523406,S3-945074510,S2-455200410,S3-38298918,S2-294998398,S3-251422207
S1-35309228	S2-802693248,S2-531840771,S3-530534207,S3-891937399,S2-454149306,S2-334946317,S2-144384317,S2-440277559,S3-325621631,S2-349524060,S2-590052534,S3-772851894,S3-220229787,S2-81791890,S2-737024848,S2-936229850,S3-365591047,S2-730609218,S2-52362424,S2-436835746,S3-284914705,S3-147795588,S3-857392225,S2-973405019,S2-699503655,S3-138514872,S2-79644984,S2-902707815,S3-662628026,S3-935354109,S3-364518554,S2-967168217,S3-500218629,S2-898536195,S3-881619715,S2-920871115,S3-379256054,S2-861422809,S2-28901364,S2-530771670,S2-484033885,S2-109092801,S2-692698181,S3-513834371,S2-230765756,S3-678338467,S3-824629661,S3-739868848,S3-938812449,S2-597419769,S2-559077785,S2-513741285,S2-930372797,S2-252115955,S2-63531653,S3-265740546,S3-575815407,S2-539746540,S3-277767984,S3-641605338,S2-407660670,S2-956253307,S2-278570858,S2-388906840,S2-778552991,S3-125799078,S3-27773734,S2-592250864,S3-253760122,S2-999327647,S2-966780876,S3-545034937,S2-660638311,S2-884040388,S2-964866802,S2-750470469,S2-827108193,S2-592415323,S2-187743820,S2-103781604,S2-595265518,S2-480897317,S3-752580222,S2-315514001,S2-257887414,S2-436599584,S2-735308622,S2-499299724,S3-115386020,S2-761681350,S3-142033659,S2-484964808,S3-531282694,S2-100405043,S2-954571253,S2-48526941,S3-521291246,S2-327792907,S2-483626311,S3-325595597,S2-834028716,S2-977428548,S2-913569884,S2-573454754,S2-404436919,S2-499556879,S2-676064797,S3-923155535,S2-927626095,S2-170422404,S3-500389439,S2-588569107,S3-688197948,S2-319794999,S2-240293785,S3-31791125,S2-23109519,S3-718446746,S2-333794572,S3-130513062,S3-596526465,S3-826779323,S2-176460599,S3-159576600,S2-657163367,S3-724566014,S2-702152091,S3-53099174,S2-724516860,S2-543051367,S2-982484759,S2-107059684,S2-484993653,S3-447032205,S2-440077511,S3-360380843,S2-333281190,S2-468314434,S3-70175275,S3-189507547,S3-141650544,S2-941985225,S3-453404850,S3-855205222,S2-46251183,S2-641374867,S2-853340368,S3-536236212,S2-707032607,S3-581339241,S2-43040568,S3-17584470,S3-678296075,S3-878582479,S3-739856028,S3-946325287,S3-793008679,S2-751910183,S2-962619150,S2-831164041,S3-670269431,S2-258798045,S2-497001827,S2-939735565,S2-469696634,S2-199830292,S2-609548133,S2-665327731,S2-993453986,S2-685136329,S3-524210130,S3-211765941,S3-363656238,S2-587812193,S3-687068579,S3-482832674,S3-65588814,S2-540769419,S2-784739110,S2-240698360
S1-493139457	S3-734115683,S2-818243239,S2-946072848,S3-975084483,S3-821203308,S2-910351373,S3-688197948,S2-637238292,S2-823448172,S3-913715058,S2-267778262,S3-53099174,S2-996261447,S3-272632210,S3-690692586,S2-317887701,S2-224128566,S3-739068530,S2-796606339,S3-561069460,S3-511611491,S2-437254036,S2-77970392,S2-242342539,S3-319411378,S3-128208950,S3-325146751,S3-546131845,S3-397794428,S2-117604558,S3-682338619,S2-644272645,S3-461525971,S3-62772223,S3-44710305,S3-613266481,S3-838687414,S2-978307502,S2-806073616,S3-299502490,S3-961421742,S3-705293778,S3-75504376,S2-977522459,S3-688194826,S2-18558428,S2-382331983,S2-25603252,S3-625069348,S3-162242768,S2-374185952,S3-296383140,S2-601113320,S3-539896631,S3-942403169,S3-773008196,S3-993908492,S3-964328776,S3-918214418,S2-340676113,S3-951876123,S3-239578169,S2-805771573,S3-232381585,S2-748301307,S3-277798848,S3-224178632,S3-203217377,S3-29698559,S3-26521508,S3-889694179,S2-835588115,S3-991348616,S3-197976801,S3-927491453,S3-427567218,S2-606618303,S2-229523864,S3-6341900,S2-239469513,S2-735966612,S3-910633079,S3-466899604,S3-113632009,S3-737988809,S2-537075356,S2-942279217,S2-651500640,S3-600456061,S3-497981703,S3-290116763,S2-891051808,S3-409936847,S3-511969513,S3-451384208,S3-278759204,S2-621470581,S2-620443141,S3-230566288,S3-793008679,S2-249561098,S3-30808005,S3-972343990,S2-163865475,S3-777720867,S3-94085931,S2-70578260,S3-845342470,S2-603448716,S2-595199108,S3-203033437,S2-154961257,S3-648591342,S2-697965360,S3-676501297,S3-869619159,S2-174072300,S3-535577570,S2-902964115,S3-29791337,S3-541896279,S3-767638937,S2-487296565,S3-726988253,S2-532059378,S3-804922226,S3-944904174,S3-260481606,S3-145729614,S3-99690969,S2-415246580,S3-134159572,S3-745387726,S3-332529388,S2-434115864,S2-488801817,S2-817037405,S3-197139847,S2-451419670,S2-328536686,S2-55566458,S2-395171961,S3-578547855,S2-448293762,S2-449452467,S2-446219150,S3-536236212,S2-546154473,S2-449395841,S3-630098930,S2-962641255,S3-453404850,S3-532080170,S2-763082515,S3-488045551,S3-600253677,S3-354410692,S3-428101653,S3-776946883,S3-413937197,S2-226192457,S3-991693492,S3-251039453,S3-723984211,S3-77655688,S3-420770645,S2-110224106,S3-366413508,S3-515551054,S3-331325444,S3-814751250,S3-89599735,S3-445676444,S2-489623463,S2-43040568,S2-676319783,S3-22525913,S3-920208922,S2-905827553,S2-585916654
S1-895087526	S2-765689508,S2-500795314,S2-619262991,S2-938565795,S2-370580248,S2-159767476,S3-802075980,S3-812873966,S2-9185162,S3-208758268,S2-972427766,S2-377032895,S3-764584652,S2-708101560,S3-609998941,S2-290874610,S2-834382585,S2-342184546,S3-69466543,S2-588105316,S2-538358423,S3-986739557,S3-351490610,S3-406642337,S2-85673195,S2-608471433,S3-490274047,S2-798904240,S2-590996822,S3-316189691,S2-99453247,S3-306223540,S2-424031278,S2-48203994,S3-453576408,S2-357867653,S2-977032580,S2-900139841,S2-625996612,S3-867248206,S2-350512005,S2-766857167,S2-169864272,S3-343204237,S3-803365358,S2-497130986,S2-93393917,S2-278964643,S3-546300597,S2-605162695,S3-414790457,S2-964998414,S2-748299563,S3-431963481,S2-468668883,S2-697965360,S3-629372498,S2-4375172,S2-849512498,S3-177336223,S3-427332303,S3-541896279,S3-667416946,S2-26310330,S3-187268784,S2-178843096,S2-907042967,S3-819791476,S2-839245549,S2-959823673,S2-754042431,S3-511969513,S3-796063681,S3-622002966,S3-51920641,S2-167574210,S3-505699333,S3-983361181,S2-843372369,S3-119633205,S3-700534009,S2-615769956,S3-38122446,S2-487296565,S2-964318302,S2-680690204,S2-17853482,S2-181210769,S2-281818265,S3-533188670,S2-649104793,S2-836345135,S2-412583689,S2-302195199,S2-912935867,S2-242342539,S2-709829962,S2-582941382,S3-313426888,S2-892930325,S2-631787070,S3-175439831,S2-491216315,S2-100444556,S2-837145800,S2-406131322,S2-7897884,S2-248990703,S2-169339199,S2-248427739,S2-185241768,S2-518359538,S3-239715647,S3-363417372,S2-957475471,S2-866219722,S2-357874611,S2-305550866,S3-548023998,S2-260623660,S2-416816246,S3-402393036,S2-114880041,S2-555667631,S3-380664680,S3-6341900,S3-104836296,S3-814371332,S3-703074347,S2-812323962,S3-241306976,S2-400453463,S2-742129110,S2-549390171,S3-96071896,S3-577972146,S3-352825217,S2-549608004,S2-860947028,S3-286031388,S2-149615437,S2-671150310,S2-185531373,S3-833434815,S3-347087196,S2-662218899,S2-460230722,S2-870248513,S2-67667020,S3-438375497,S3-991531257,S2-796595878,S2-670692574,S2-695175095,S3-754898813,S2-672303575,S3-695474225,S2-856755171,S3-903366531,S2-430858827,S2-288751363,S3-810417995,S2-211440621,S2-773345204,S3-25655399,S2-803775063,S2-787022205,S2-181638750,S2-223948769,S2-15917727,S2-497110054,S2-690789382,S3-475814681,S2-835343544,S3-656686413,S2-207375893,S2-900169821,S3-187812551,S3-926900487,S3-45478179
S1-829126727	S3-244674085,S2-635214615,S2-805068624,S2-829581724,S3-542190832,S2-512816304,S2-129206832,S2-497418184,S2-352477093,S2-226039585,S2-407777610,S2-842964322,S2-579828239,S3-280760682,S3-92012215,S3-596567281,S2-437607834,S2-198108921,S3-701646835,S2-346638713,S2-119260996,S3-119633205,S3-643341816,S3-100967220,S3-680633920,S2-879859195,S2-95604680,S2-397868406,S2-380626272,S2-754579364,S2-257465062,S3-307115933,S2-461853888,S2-273301211,S3-864359294,S3-635482758,S2-140047656,S3-708562078,S3-141650544,S2-451216326,S2-962619150,S3-423974499,S2-306589586,S3-667577595,S3-483958914,S3-878582479,S3-182640390,S2-240293785,S2-94146326,S2-584667943,S2-449452467,S2-198652427,S2-520672036,S2-969604325,S3-683968402,S3-887819018,S3-153358110,S3-332300293,S2-310010668,S3-98195526,S2-319794999,S2-377292134,S2-382659433,S2-76009452,S2-450150470,S2-43040568,S3-750451382,S3-930168298,S3-902640883,S3-974442672,S3-138514872,S2-555724152,S2-722747955,S2-739997154,S2-19476634,S2-218631475,S3-794835871,S2-982484759,S3-711825208,S2-341257859,S2-670413956,S3-199595932,S2-484483494,S2-617351435,S3-284167307,S2-185168440,S2-296057241,S2-972427766,S3-267931635,S3-53099174,S2-522330910,S3-943715839,S2-567005056,S3-388582058,S3-581339241,S2-978100588,S2-517795580,S3-451049931,S3-779226886,S3-28467325,S2-302140384,S2-499556879,S3-720099512,S2-479558638,S3-574934313,S2-154693153,S3-864302896,S2-332323044,S2-995144997,S2-445303476,S2-125788932,S2-775651663,S2-225055385,S2-900139841,S2-576706082,S3-757889129,S2-540769419,S2-24193308,S2-632955033,S2-782550869,S3-113459657,S3-155137912,S3-793008679,S3-547613965,S3-10304122,S2-191677005,S3-693715525,S3-558652409,S2-935775701,S2-846945459,S2-44209004,S2-253455324,S2-161061110,S2-317734667,S2-753778749,S2-885402171,S2-996307891,S2-796876628,S2-721215346,S3-753251495,S2-673763285,S2-712050188,S2-926810921,S2-248427739,S2-72495135,S3-454363465,S2-554712560,S2-867974324,S2-79289231,S2-501276867,S2-506830401,S2-505443158,S3-554666034,S2-27691538,S2-499299724,S2-933038235,S3-218954127,S3-261054764,S2-523697702,S3-250665742,S2-785659578,S3-627516178,S2-589943481,S2-156376060,S2-889243203,S3-895329946,S3-731796650,S3-262960805,S2-368346570,S2-175987742,S2-799076887,S3-606692320,S2-22541885,S3-193036878,S2-59125050,S2-309129827,S2-837145800,S2-496001356,S2-174198674,S3-555285092
S1-457973373	S2-660795723,S2-682939593,S2-880426787,S2-326224715,S3-987493603,S2-743986971,S2-59604091,S2-470144907,S2-412180114,S2-592812932,S2-261149262,S2-652202457,S2-885184685,S3-458511516,S3-662175430,S2-163603408,S3-89846531,S3-167399967,S3-912712169,S2-28207614,S3-141487639,S3-427071576,S2-489173239,S2-403604478,S2-315025793,S3-621306900,S2-547317455,S3-22266838,S2-953827909,S2-874226414,S3-398254055,S3-687471713,S3-960692719,S2-791497609,S3-96658915,S2-379470628,S2-570950731,S2-689319970,S3-331972603,S2-260824873,S3-180899848,S3-293163847,S2-566025912,S3-855282751,S2-588358069,S2-406934249,S3-38298918,S3-240145962,S2-934950140,S2-457676952,S2-862989474,S3-1148001,S2-844816252,S3-156174783,S3-319322627,S2-72650353,S3-809535079,S3-577927061,S2-687464505,S3-187929272,S2-868266996,S3-29782137,S3-780090761,S3-818348994,S3-777326326,S3-282222572,S2-725035991,S3-789445280,S3-745381024,S2-127425839,S3-242923759,S2-375101252,S3-276048911,S3-110193234,S3-301622173,S2-507839076,S2-276156732,S3-682610611,S2-453119217,S2-274721885,S3-251422207,S2-58995303,S2-554757276,S2-726539574,S3-967707800,S2-783648666,S3-680187578,S3-6742502,S3-504729320,S2-710830158,S2-6254086,S2-109747337,S2-404007568,S2-111438775,S2-835681531,S3-945074510,S3-886284228,S2-766721844,S3-943916703,S2-736753207,S2-982792981,S2-641290779,S2-920587005,S3-681977972,S3-175732102,S3-207370127,S3-892330054,S2-646218526,S3-55199864,S3-300102996,S3-54470773,S3-253865524,S3-436201384,S2-108984077,S2-54070460,S2-649414925,S2-743777502,S3-717591222,S2-112287031,S3-281368926,S3-78013040,S2-841604447,S2-879573885,S2-864706656,S2-713264333,S2-849330463,S3-139596957,S3-872197884,S2-454466628,S3-453711158,S3-944594559,S2-135243872,S3-882416744,S2-262646344,S3-416595074,S2-243350640,S3-92755938,S3-50392946,S3-635482461,S3-665747340,S2-338638004,S2-46302793,S2-77706610,S3-306653140,S2-238848449,S3-511350495,S2-14976599,S2-169701692,S3-551625275,S3-6822167,S3-636249405,S3-263720388,S3-451380040,S2-647945622,S2-268265302,S3-82266746,S3-742091948,S3-697660906,S3-77766630,S3-999335994,S3-695241825,S2-502078035,S2-333148428,S3-17625050,S3-453960501,S2-486727830,S3-837079914,S2-410801265,S3-666410059,S2-56332059,S2-235711711,S3-799420878,S2-51358072,S2-527367932,S3-735492773,S3-258552232,S2-420814161,S3-520326237,S3-444029947,S2-207439352
S1-74852342	S2-508252114,S3-433245057,S2-823497950,S3-760433788,S2-966519378,S2-575432786,S2-143610967,S3-383369798,S3-668629842,S2-335565564,S2-636275568,S3-906176808,S2-679959219,S3-354726222,S3-375363933,S2-266592280,S3-684013034,S2-700356863,S3-984455002,S2-11748354,S3-311404174,S3-433821912,S2-951217085,S2-857724735,S2-969149183,S2-706548751,S2-695784416,S2-149852320,S2-859991791,S3-844468139,S3-65312811,S2-445104472,S3-987884808,S3-867591193,S3-925928023,S3-129365768,S3-254258571,S3-213826636,S3-562188415,S2-630111107,S2-134189268,S2-400186470,S2-280811393,S3-977507533,S3-214593864,S2-757534042,S3-81819814,S3-970249085,S3-32596116,S3-764685422,S2-999959283,S2-476027171,S2-126555429,S2-751202314,S3-537932752,S3-690230714,S2-863684230,S3-804099744,S3-201635373,S3-239247619,S2-799159831,S2-972467267,S3-663026748,S3-419871308,S3-611550719,S3-880532265,S3-408208490,S2-532708976,S3-526636272,S3-5605653,S3-9588560,S3-114263714,S2-240825627,S3-965174376,S3-276815716,S3-350145046,S2-703516110,S2-775786467,S3-676467238,S2-967688074,S2-379203700,S3-801127901,S2-354060049,S3-407347257,S3-615862145,S3-900274247,S2-609112356,S3-379982885,S3-429388037,S3-495716237,S3-342752882,S3-716805174,S2-447375514,S3-833798995,S2-402723648,S3-951874330,S3-352043222,S2-230745574,S3-557766150,S3-969268047,S3-914643002,S3-243506706,S2-636553802,S3-628844727,S3-488779488,S3-355308377,S2-144304702,S3-242422060,S3-61254473,S2-818299765,S3-794514709,S2-829314901,S3-455517686,S2-263528180,S2-501556734,S2-615009478,S3-573737584,S3-895524409,S3-861851872,S3-794385300,S2-603137073,S3-937377640,S3-706962501,S2-900732677,S2-251853502,S3-185456191,S2-693901543,S2-664828053,S3-467282506,S3-336024369,S2-198931605,S3-472244894,S3-317800467,S2-407675341,S2-746474032,S2-713637360,S2-995219531,S3-760455352,S3-949844678,S3-805116804,S3-595491750,S3-554447021,S3-679529253,S2-701170872,S2-534980977,S3-189159408,S3-598167227,S3-227496445,S3-101707804,S2-940494273,S2-30681866,S2-516652544,S3-689205987,S2-562185797,S3-616092059,S3-530031272,S3-247632454,S3-597923085,S2-283233683,S3-461065109,S3-15007298,S2-708416992,S2-316412535,S3-103114129,S3-554479884,S3-876422612,S3-646236694,S3-136882713,S2-686236213,S3-354772939,S2-984286189,S2-911061406,S2-936264037,S2-350020248,S2-917859734,S2-45956246,S3-867543555,S2-447240357,S3-115570384,S3-476845641
S1-280936763	S3-28487348,S3-718425010,S2-967069431,S3-963734875,S3-439340109,S3-364316022,S2-353387,S3-929445100,S3-669671521,S3-198973907,S3-649473760,S3-288818284,S3-239715647,S3-959051139,S3-506899431,S3-186982633,S2-980600568,S3-322347011,S2-723815577,S3-659757660,S3-222258008,S3-425715498,S2-82580731,S2-316222697,S3-98946891,S3-114197309,S3-993545809,S3-937156876,S3-261841399,S3-193338334,S3-909019765,S2-946427412,S3-133070924,S3-840497128,S2-907099595,S3-207721934,S3-401177033,S3-458701040,S3-101230823,S3-620599156,S3-411702382,S2-646078621,S3-447917469,S3-827520485,S3-930538478,S3-434813305,S3-760457356,S3-626553939,S3-150248827,S3-556816396,S3-552397185,S3-337448006,S3-628982800,S3-539879357,S3-619363059,S3-1550693,S2-772019937,S3-292794271,S3-961378102,S3-306223540,S3-937969250,S3-714054761,S3-434285941,S3-507817466,S3-594161503,S2-343176645,S3-50374457,S3-385744286,S2-536755993,S3-113338559,S2-158525866,S3-23747762,S3-949147781,S3-327899356,S3-141521276,S3-807441851,S3-541289258,S3-452650129,S3-434252808,S2-601304168,S3-684477515,S3-459504061,S3-478455105,S3-962607637,S3-255076619,S3-459022256,S3-898784979,S3-444056552,S3-796017641,S3-343757570,S2-445511473,S2-13242466,S3-400687465,S3-174489741,S3-610738880,S3-899876708,S3-814932838,S3-720731862,S3-994447612,S3-381303531,S3-373473804,S3-672582225,S3-776755674,S3-469990421,S3-958239506,S3-930064442,S3-893874239,S3-507437264,S3-530325424,S3-201236459,S3-74694705,S3-499767241,S3-364797912,S2-91604777,S3-719628565,S2-82257662,S3-246690251,S3-180500346,S3-653123971,S3-8949186,S3-149737393,S3-801842685,S2-18378136,S2-347002201,S3-497440727,S3-511151090,S3-408725023,S3-654741812,S3-965590195,S2-342370932,S2-797485496,S3-630962187,S3-250324284,S3-422541972,S3-942840748,S3-1998393,S2-493487266,S3-560657213,S2-418677977,S3-242008621,S3-572712288,S3-674131138,S2-954956934,S3-466227033,S3-945582619,S3-236958663,S3-834979159,S3-676667152,S3-611646105,S3-460721009,S2-846448141,S3-540399440,S2-804855809,S2-809485267,S2-69907701,S2-361052115,S3-926772527,S3-502323617,S3-363224355,S3-86046848,S2-760176544,S3-218814752,S2-693858727,S3-3747953,S3-617929805,S3-97698225,S3-251636808,S2-96212459,S2-971367727,S3-43287379,S3-109116795,S2-93013962,S3-611509514,S3-150182233,S2-857553273,S2-599002630,S3-339637043,S3-226239325,S3-681709375,S3-269302662
S1-999165514	S2-472995428,S2-42099762,S2-283647554,S2-553881990,S2-693952408,S2-574865421,S2-504074442,S2-703677045,S2-213810992,S3-954817338,S2-252609435,S2-587461132,S3-883419752,S2-256163416,S3-643531990,S2-286926428,S2-982892032,S2-867640379,S3-434252808,S2-6556535,S2-342468058,S3-371820718,S3-739856028,S3-343757570,S2-498902084,S2-577857669,S3-457939445,S2-508631608,S2-528549541,S3-762503099,S3-307004005,S3-666251648,S3-383920910,S2-852376738,S2-92919301,S2-965256482,S3-329806371,S3-23747762,S3-508142082,S3-413363791,S3-760457356,S2-110979820,S3-476427224,S3-561303212,S3-317334742,S3-724330156,S3-829528904,S2-298820466,S3-228616515,S2-939735565,S3-748588813,S2-632263059,S2-586191372,S2-292356297,S2-235791189,S3-246690251,S3-814932838,S3-202659366,S3-413455931,S3-43789980,S3-548981760,S3-837460123,S3-957503508,S3-243272870,S2-450022889,S2-221740113,S3-71174119,S3-355917700,S2-660568756,S2-740495186,S2-787585526,S2-739001878,S2-515611776,S3-832695553,S2-871779147,S3-345683665,S3-459504061,S3-508498213,S2-846945459,S3-990274560,S3-606815816,S2-938060710,S3-339191081,S3-443267774,S2-782532258,S2-452429340,S2-876424009,S3-159499744,S3-318003297,S3-164768925,S3-371771999,S2-950121078,S2-420350455,S3-984869397,S3-871943542,S2-604193919,S3-920293868,S2-662613483,S2-85749858,S3-975646540,S2-862826015,S2-765975141,S3-580669606,S2-900800434,S3-294977400,S2-46192313,S3-179099570,S3-460520036,S3-780891148,S2-401756825,S2-899393050,S2-63238861,S3-776276317,S2-826034253,S3-968929646,S2-336098059,S3-142033659,S3-86046848,S2-269480722,S3-592645237,S3-524210130,S3-221586001,S3-712584778,S3-108111278,S3-946325287,S2-386176405,S2-396608240,S3-157952784,S2-829192964,S3-216482370,S3-325472450,S3-35031835,S2-460822211,S3-417579311,S2-830645124,S2-260757931,S3-510277949,S3-245411021,S2-626709174,S2-788342534,S3-861092717,S3-453576408,S2-224703642,S2-480897317,S3-344240201,S2-114477802,S2-712300732,S2-676593745,S3-227725397,S2-398758623,S2-75523586,S3-288578496,S2-391668744,S3-149737393,S3-796316024,S3-777821211,S2-341240422,S2-469696634,S3-220850190,S2-576809570,S3-599479755,S3-225544436,S3-502760536,S2-441420701,S3-986310751,S3-433112717,S3-739324560,S2-380045723,S2-794133523,S3-944904174,S3-714453823,S3-242222414,S3-395622166,S2-856979001,S3-51985641,S3-745685997,S2-981194132,S2-67577631,S3-469853000,S2-433321114
S1-395055615	S2-325622601,S2-437001277,S3-615493175,S3-559013133,S3-69437409,S2-279171380,S3-581552514,S2-770505164,S3-664158078,S2-381370467,S2-702887315,S3-415561307,S3-840876421,S2-679602234,S2-857645804,S3-895857078,S2-916166370,S2-809060165,S3-726724118,S3-997560570,S2-186906745,S2-98889665,S2-682012487,S3-757716024,S3-286012397,S3-292727361,S2-134952939,S3-345222257,S3-465215896,S2-735844659,S2-753889931,S3-580618434,S3-611986684,S2-292412484,S3-149378749,S3-649109731,S3-341411456,S3-530476205,S2-548166557,S3-844752420,S2-486015236,S3-567028294,S2-969329391,S2-434394765,S2-817629946,S2-170268811,S3-662952146,S2-716548632,S2-784411243,S3-602115807,S3-946713564,S3-295650302,S2-638893019,S2-599320719,S3-923763721,S3-407958670,S3-257961902,S2-275408088,S3-755605215,S3-14337225,S3-907814248,S3-720316185,S2-813647989,S2-148999454,S2-24315382,S2-64076813,S2-67455305,S2-761261467,S3-520234142,S2-332052465
S1-862701045	S2-238307347,S2-676936328,S2-135743632,S2-375849614,S2-424031278,S2-693603365,S2-875757850,S2-136985970,S2-978424631,S2-135271882,S2-268194953,S2-642722927,S2-782413763,S2-544739595,S2-955617265,S2-795080120,S2-442549744,S2-8383595,S2-872599903,S2-115402855,S2-459359599,S2-287130510,S3-874040365,S2-783885195,S2-230442295,S2-511679446,S2-916383925,S2-129122193,S2-209153801,S2-5273595,S2-48617158,S2-257362411,S2-87727429,S2-187514254,S2-369175747,S2-379254028,S2-589445977,S2-249830141,S2-874855092,S2-527970077,S2-362079222,S2-160739863,S2-675366569,S2-638878423,S2-348360933,S2-659875620,S2-900169821,S2-821717552,S2-300023280,S2-998270212,S2-247694529,S2-338780324,S2-442169767,S2-47970510,S2-606618303,S2-55766081,S2-778393754,S2-23793150,S2-212821777,S2-806762820,S2-858647400,S2-138223465,S2-767825344,S2-711321945,S2-526730352,S2-817276686,S2-288138359,S2-187871077,S2-695175095,S3-750624184,S2-807900067,S2-811776364,S2-862470165,S2-707240310,S2-883942265,S2-108048828,S2-220610151,S2-739507689,S3-568299876,S2-717080929,S2-813647989,S2-181210769,S2-675585401,S2-964318302,S2-537181883,S2-995182122,S2-354497129,S2-977575325,S2-779171736,S2-370493667,S2-681782072,S2-45821884,S2-257150310,S2-630817745,S2-983100169,S2-736508424,S2-262925857,S2-588398787,S2-853467313,S2-619674297,S2-630787123,S2-302816833,S2-621473365,S2-205698526,S3-31923665,S2-218219339,S2-929651351,S2-30366554,S2-350512005,S2-73896819,S2-71566087,S2-84098381,S3-735521771,S2-489942216,S2-369939707,S2-899043918,S3-755685121,S2-211614390,S3-248127593,S2-841642984,S2-415794690,S2-497130986,S2-822536212,S3-886324671,S2-419919116,S2-605162695,S2-103058563,S2-303486472,S2-610372922,S2-33467562,S2-952135311,S2-411184767,S2-908389841,S2-625514403,S2-268091491,S2-673956339,S2-397551252,S2-124520124,S2-661236223,S2-860947028,S2-61770009,S2-191831400,S3-736466127,S2-430387936,S2-271425217,S3-844267169,S3-239214616,S3-560297494,S2-394168165,S2-511949204,S2-671405201,S2-940820936,S2-627682672,S2-756551313,S2-247261802,S2-20488727,S3-484528589,S3-722332764,S2-321922953,S2-140047656,S2-837182380,S2-797238349,S2-688975544,S2-933685201,S2-449813921,S2-389130360,S2-410777778,S2-344178680,S2-945489187,S2-258798045,S2-689222703,S2-657406768,S3-185580229,S2-178843096,S2-14666342,S3-110476416,S2-958931757,S2-440964085,S2-602892620,S2-551281247
S1-674871004	S2-947522161,S3-30551231,S3-186380338,S3-397794428,S2-195049104,S3-26521508,S2-424158769,S2-858553604,S3-688194826,S2-282566601,S2-305550866,S3-134660813,S2-69072943,S3-653575386,S3-619302515,S3-838675036,S3-548034981,S2-422099112,S2-9410084,S2-114584465,S3-559832475,S2-412039206,S3-434325619,S2-244584740,S3-793996369,S2-810544429,S3-28060121,S2-483966601,S3-384351869,S2-654324281,S2-978160506,S2-65052195,S3-859858914,S3-904619728,S2-226192457,S2-431691221,S2-977522459,S3-351490610,S2-996261447,S2-342366219,S2-676319783,S2-344513307,S2-85218259,S2-955015303,S3-526770474,S2-499637573,S3-203217377,S3-33335263,S2-840284616,S3-728196517,S2-336053234,S3-676501297,S2-333613490,S3-574652175,S2-411967947,S2-174072300,S2-374185952,S2-287402090,S2-240325608,S2-372401984,S2-896560595,S2-805771573,S3-26441553,S2-746828821,S3-820190456,S2-980090702,S3-336429253,S2-528124146,S3-68525910,S2-489623463,S3-30677504,S3-869619159,S2-43040568,S3-580026970,S3-580618434,S3-600456061,S2-488801817,S3-820831639,S3-17081506,S2-891051808,S2-60662588,S2-651500640,S2-401250332,S2-652058261,S2-942279217,S2-479203488,S3-283239571,S3-630098930,S2-263665657,S2-615338256,S3-793008679,S3-497981703,S2-259504978,S2-524447033,S3-115833624,S2-249561098,S2-198990873,S3-145729614,S3-734115683,S2-665406711,S2-213810992,S3-739068530,S2-487296565,S2-593087219,S3-837339481,S2-595038676,S3-134159572,S2-257150310,S3-128208950,S2-153590190,S2-794180281,S3-851121897,S3-72149779,S3-738747099,S2-229523864,S2-39832293,S2-964338893,S2-959823673,S3-804922226,S2-795585882,S3-821925805,S2-18558428,S3-393601740,S3-735003338,S3-29698559,S2-829878729,S2-55566458,S3-290116763,S2-957516988,S3-578547855,S2-910835933,S2-319107499,S2-284564865,S2-657163367,S3-539864014,S3-524525140,S3-296651603,S3-366413508,S2-729169487,S3-913715058,S3-964328776,S2-883905333,S2-221643753,S2-154961257,S3-764744632,S3-325146751,S2-111344703,S2-267778262,S3-201634079,S2-644272645,S2-620443141,S2-507916216,S3-461525971,S2-284038382,S2-539118899,S3-682338619,S2-982484759,S3-272632210,S2-902239948,S2-73643021,S3-99690969,S3-737988809,S3-794801739,S3-974539195,S2-638893019,S3-197976801,S2-242342539,S2-111650442,S3-230566288,S3-232381585,S2-532059378,S2-185531373,S3-329454651,S2-842497322,S2-68431572,S3-688197948,S2-587812193,S2-148999454,S2-832431900,S3-319411378
S1-287307821	S2-754042431,S2-78357284,S2-225305521,S3-635252436,S3-612831858,S3-131591751,S2-53117643,S2-398555313,S2-973405019,S3-456867771,S2-438799394,S2-631634014,S2-227859050,S2-770062007,S3-888324594,S2-416755751,S2-73643021,S3-424876693,S2-843372369,S2-538776411,S2-107126638,S2-516174026,S2-877133584,S2-943442836,S2-470109102,S2-401536120,S2-152714697,S3-269283294,S3-387006871,S2-578788567,S3-397401848,S2-774637834,S2-319107499,S2-73818001,S2-759398822,S2-226981902,S3-61440600,S3-644442070,S2-779455668,S2-36651565,S2-5273595,S3-260697610,S2-449813921,S3-673954765,S2-988974568,S3-493473857,S3-984869397,S3-723755908,S3-940030301,S2-499556879,S2-883568105,S2-321700740,S3-318830911,S3-874815801,S2-537153484,S2-786415860,S2-930372797,S2-738445050,S2-394841853,S3-372513690,S2-846641626,S2-262707291,S3-750166159,S2-944804286,S3-273925251,S2-756606388,S2-864702076,S3-533167973,S2-739997154,S3-994591654,S2-198108921,S2-819612114,S2-736508424,S2-217312677,S2-427698024,S2-433321114,S2-525621964,S3-889694179,S2-269728634,S2-16706628,S2-272653736,S2-221302335,S2-388594236,S3-6180603,S3-715148342,S2-233149760,S3-985302341,S2-83896121,S2-335147570,S2-233473683,S2-207136581,S3-144316824,S3-297233957,S2-61703692,S2-839696755,S3-5287629,S2-635292990,S2-527436414,S2-620532515,S2-569562212,S2-406270393,S2-255481825,S2-176842476,S3-724330156,S2-409544847,S2-436075143,S2-469305953,S2-506746490,S2-819373836,S2-138223465,S2-505683382,S2-98214451,S3-261515576,S3-139693286,S3-610759930,S2-682359125,S3-465857994,S2-932589145,S3-713147715,S3-161518824,S2-463547523,S3-23464546,S3-213220069,S2-623252560,S3-613991246,S2-314125375,S2-148622220,S3-725172826,S3-944553625,S3-460652623,S2-897173190,S2-998270212,S2-321672872,S2-707240310,S2-903985964,S3-120012649,S3-351848971,S2-529882230,S2-930010291,S3-419640490,S3-88962579,S3-200576464,S2-589718163,S2-225055385,S2-786394275,S2-247746340,S2-156938247,S2-978424631,S2-835050720,S3-255150389,S3-443929776,S2-537111308,S3-138017441,S3-160467132,S2-378871757,S3-528662306,S2-83962742,S2-452046323,S3-328826414,S2-228830917,S3-414790457,S3-676804287,S3-330708781,S3-617929805,S3-928922958,S3-472669814,S2-296057241,S2-412778710,S2-910940946,S3-425470682,S3-186730884,S2-926306741,S3-935646230,S2-133043449,S2-860442914,S3-850470014,S3-532349169,S2-214232922,S2-645759792,S3-762042342
S1-273768056	S3-170193764,S2-293277210,S2-484060555,S3-809535079,S3-548625741,S2-274721885,S2-506155991,S2-303478609,S3-664174575,S2-885184685,S3-699502700,S3-541272233,S2-467142440,S3-543902884,S3-721177640,S2-839529,S2-276156732,S2-187774246,S2-99438370,S3-679244020,S3-626293954,S2-681505388,S2-705585429,S2-464881130,S3-106211025,S3-352588206,S2-912186357,S3-713098135,S3-892330054,S2-651901182,S2-556607509,S2-641757866,S3-437998749,S3-960692719,S2-522562820,S3-29782137,S2-521485245,S3-492635654,S3-385268643,S2-489219738,S3-470172449,S2-228547722,S2-884695449,S3-681977972,S2-58995303,S2-540565178,S3-93363345,S2-260630112,S3-96658915,S3-665164579,S3-38298918,S3-900758695,S3-394918230,S3-321086293,S2-169701692,S3-186670324,S3-745381024,S3-799534637,S2-375101252,S2-879573885,S3-944594559,S2-900509141,S2-725035991,S3-913032953,S3-544920274,S3-771777105,S2-863913658,S2-612591290,S3-220903435,S2-365209194,S3-17354610,S2-641290779,S3-993813871,S2-482591332,S3-475503985,S3-205220467,S2-111438775,S2-259093522,S2-503202602,S3-523932436,S2-865296385,S2-480006522,S2-340843905,S3-986363077,S2-225538585,S3-226830681,S3-548170297,S3-281307367,S2-974838439,S2-849705833,S3-761354474,S3-560450875,S2-649106539,S2-56332059,S3-164316109,S3-276048911,S2-508053426,S3-496261830,S3-967707800,S2-574233987,S2-726236764,S2-844816252,S3-598041925,S3-36390219,S3-469361546,S2-404007568,S3-511350495,S3-374930036,S2-315025793,S2-298589120,S3-902200356,S2-503234423,S3-26659013,S2-554899730,S3-273272215,S3-872197884,S2-440311893,S2-580853997,S2-21923784,S3-240145962,S2-239605693,S3-92755938,S3-390440571,S3-175732102,S2-112287031,S2-726853688,S2-379470628,S3-585130700,S3-572556907,S3-33319226,S2-463286962,S3-789445280,S2-868266996,S3-242923759,S2-163603408,S2-184941906,S3-541707690,S2-190162920,S2-400498714,S2-326224715,S2-268265302,S3-818722089,S2-776064612,S3-764290751,S3-282222572,S2-505302528,S3-293163847,S3-67703873,S3-459592939,S3-304960308,S2-202993756,S2-687464505,S3-919926420,S3-165763338,S2-185850141,S2-959151553,S3-342039463,S3-194198777,S2-72650353,S2-956099874,S2-717661679,S2-670917034,S3-682610611,S2-109747337,S2-329215619,S2-947518533,S3-534155511,S2-98036361,S3-582077735,S3-385261724,S2-864706656,S2-710830158,S2-881540912,S2-672367090,S3-248002675,S3-641028078,S3-698766542,S3-545749841,S2-708317762,S3-492683621
S1-323395452	S2-501211852,S2-889883466,S3-278902358,S2-618329833,S2-918973885,S2-195840093,S2-780910748,S2-941004388,S3-581295737,S3-297969883,S2-672191745,S2-890290909,S3-825193037,S3-654341428,S2-260494879,S3-896577132,S3-250223854,S3-654225494,S3-871534944,S3-516583973,S2-725361973,S2-61372543,S2-990787030,S2-418861086,S2-372194901,S3-410764289,S2-545005001,S2-113129592,S2-521739469,S2-480685367,S2-337194824,S3-345872670,S2-520089106,S2-307581333,S2-552878160,S2-490413303,S3-531321291,S2-770588074,S2-207875527,S3-988495405,S2-513577693,S2-501282473,S2-343452452,S2-701285656,S2-333365468,S2-893653501,S2-263434387,S2-964296464,S3-611954606,S3-378445777,S2-145772427,S3-780695221,S2-461473974,S3-455375274,S2-486457812,S2-777097274,S2-576080264,S2-771719189,S2-675955548,S2-287732160,S2-397939055,S2-9239069,S3-29690205,S2-270221388,S2-958627837,S3-179012918,S2-891477386,S2-122293852,S2-241386385,S3-367727512,S2-601268574,S2-380989948,S3-232163998,S2-588330548,S2-205655615,S2-49069229,S3-51136306,S3-62355979,S2-980147149,S3-991423693,S2-384407233,S2-495179311,S2-591540353,S2-686803202,S3-231195525,S2-224100536,S3-205955981,S2-196065955,S3-196744268,S3-137931626,S2-21336310,S2-712179394,S3-462383491,S3-159494953,S2-759972274,S3-300820527,S2-684535262,S2-834028716,S3-288558089,S2-937397598,S3-10157948,S2-892040046,S3-107976059,S2-752481543,S2-399815856,S3-467251258,S2-485456571,S2-30048306,S2-155547755,S3-404840947,S2-472964087,S3-765673778,S3-340942343,S2-228717952,S3-954670293,S3-449196818,S2-594115095,S2-440077511,S2-114860360,S2-156292022,S2-229984535,S3-326636338,S3-924280981,S2-67455305,S2-988697979,S2-774736197,S2-397288702,S2-122078334,S2-903744231,S3-460160365,S2-902776237,S3-508737588,S3-194911266,S3-383639864,S2-193151395,S2-25844522,S2-986646969,S2-150838195,S3-110038745,S2-297983449,S3-699474112,S2-341257859,S3-848311785,S2-855114258,S3-676615790,S3-728858959,S2-468314434,S3-346814313,S3-780645225,S2-749836922,S3-596281486,S2-43009798,S2-150304161,S3-870867359,S2-388958281,S3-293352282,S2-803379088,S2-733558769,S3-302516864,S3-628679355,S2-383355616,S3-83977131,S2-321308609,S3-475870330,S3-954470998,S3-385323615,S2-666401964,S2-809901111,S2-321100261,S3-425235174,S3-705451366,S2-298152489,S2-913930320,S3-195835430,S3-196384705,S3-705864726,S2-495547562,S3-494603003,S3-219041197,S3-684056240
S1-4144001	S2-741133761,S2-879745998,S2-162571160,S3-379013464,S2-862367208,S3-989283048,S3-317183225,S2-303998062,S2-682586639,S2-111239459,S2-755028632,S3-523432340,S2-617290440,S3-580448397,S2-348099732,S2-958874877,S2-884712700,S2-263540257,S2-619827825,S3-756282620,S3-789783062,S3-524431347,S3-363129209,S2-975562215,S3-971460215,S2-269617422,S2-170490363,S2-207294577,S2-574958526,S2-797876474,S3-309218994,S2-8642823,S2-88291232,S3-907544030,S2-955029768,S2-947116767,S3-863992050,S3-712171019,S3-982827473,S3-505247186,S3-931485837,S2-976952946,S3-333132531,S2-724674452,S2-840963972,S2-903113935,S2-368470121,S2-304000957,S2-475248315,S3-698006651,S3-311017815,S3-712420996,S3-376378561,S2-287776873,S2-670181184,S2-668646500,S2-593468085,S2-943394104,S2-847365498,S3-717115590,S3-38115899,S2-600018995,S2-220512313,S2-453422522,S2-104213278,S2-611364564,S3-687245749,S2-840686664,S2-347374310,S3-820540559,S2-543632868,S3-290011831,S2-412672407,S3-799842158,S3-90377402,S3-466899604
S1-512210875	S2-149981942,S3-324330285,S2-160986084,S2-225669942,S2-562854091,S2-638377361,S3-255739917,S2-616265562,S2-493277368,S2-426389003,S2-679511832,S2-312784,S2-838395782,S2-995702946,S3-133569925,S2-753883852,S2-539982999,S2-675007475,S2-51221002,S3-605923847,S2-365532266,S3-122937689,S3-660173531,S2-76164443,S3-112611088,S3-785350205,S3-165648305,S3-518978010,S2-664580821,S3-210286509,S3-754341174,S3-832379188,S3-210279455,S3-354398066,S3-886126790,S2-848549366,S3-686219526
S1-143287441	S2-588898157,S2-979987152,S3-957191648,S3-395622166,S3-924326168,S2-962601675,S3-298424749,S3-632373455,S3-621019792,S2-101737789,S3-327634855,S2-519063220,S3-494274569,S3-286512684,S3-183456504,S3-675515768,S3-602156126,S3-370642320,S3-575904198,S3-533167973,S3-461180913,S2-749754768,S3-816404328,S2-344397151,S3-347905583,S3-577578952,S2-202615365,S3-272927956,S3-23295928,S3-272805897,S3-428101653,S3-12512529,S2-953965038,S3-42105685,S2-79627178,S3-930886186,S2-314125375,S3-641758179,S3-962422235,S3-777821211,S3-267833484,S3-407317435,S3-948983945,S2-149856530,S3-94514179,S3-540076328,S3-234192726,S2-635010957,S3-51310032,S3-424465372,S2-99502048,S3-485350669,S2-920590085,S3-303357574,S3-676667152,S2-138013558,S3-518971181,S2-572250288,S3-173398261,S2-907177166,S2-683333618,S3-359258691,S2-190332188,S2-738564262,S2-507359339,S2-689351576,S2-303037664,S2-979096206,S3-560102185,S3-56295844,S2-155229927,S3-281024625,S3-35031835,S3-468772188,S3-998309289,S2-225292775,S3-962549175,S2-274278575,S2-622039170,S3-584685670,S2-795826038,S3-947130259,S2-231093985,S3-898541620,S3-38878462,S3-703086048,S3-975820781,S2-720441414,S3-7072951,S2-114707044,S2-214721534,S2-156733443,S3-836706363,S3-941369644,S2-681986262,S3-722332764,S3-543073000,S3-714903191,S3-621202322,S3-382147274,S3-496220329,S3-810888025,S3-789680995,S3-378433940,S2-622177531,S2-3632893,S3-286670435,S3-329601613,S2-478810808,S2-987222700,S3-759627968,S3-534316412,S2-150636307,S2-678800239,S2-295007131,S2-17667673,S3-178184218,S2-571772028,S3-562581160,S3-979303987,S2-330908951,S2-265242099,S3-524662725,S2-529996698,S2-940730427,S3-405990217,S2-699527052,S2-431749471,S2-516628262,S3-426988163,S3-733416620,S2-199899057,S3-954328827,S3-422397477,S3-925061722,S2-150541616,S3-470086355,S2-122111530,S2-637713478,S3-193372139,S3-931983193,S2-969828247,S3-800538244,S3-278226483,S2-756683937,S2-940899340,S2-372717695,S2-545300037,S3-264110656,S3-428739063,S2-401727700,S3-328992385,S3-127092681,S3-390936221,S3-681379246,S2-215337544,S2-124922967,S3-157471097,S3-936457764,S2-273574509,S2-152788669,S2-583374327,S2-670293415,S2-93393917,S3-997608955,S2-255009584,S2-91969961,S2-780571485,S2-778119223,S3-262995563,S2-667838369,S3-389986568,S2-966199289,S3-341608004,S3-736257060,S3-724869974,S2-822536212,S3-328876380,S2-435351865,S3-913032953
S1-351656683	S3-721043834,S3-609100325,S3-810060615,S3-754769050,S2-36796117,S3-441881659,S2-90993540,S2-285549357,S3-59547065,S3-21680515,S2-185013334,S3-740366073,S3-409513890,S3-38070179,S3-326258542,S2-405661531,S2-87998108,S2-509829201,S3-30496819,S2-367703621,S3-267510270,S2-6528231,S2-541984172,S3-591095582,S2-567940802,S2-61732760,S3-262422193,S3-802206571,S3-592261344,S2-415673284,S3-805849381,S2-697209928,S3-213182866,S3-992362711,S2-952541063,S2-576745524,S2-621225139,S2-822681145,S3-489730864,S2-380877204,S2-706146364,S2-818742137,S3-793953302,S3-983812890,S2-742285186,S3-5269429,S2-425334082,S3-400356542,S3-968953815,S3-602420532,S2-364330651,S2-77530297,S3-333600887,S2-884142428,S3-255657902,S3-304215038,S3-940298374,S3-931704031,S2-707825867,S2-222971625,S2-772985419,S2-906190563,S2-105902821,S3-767992797,S2-861455586,S2-617186571,S3-852869350,S3-64079929,S2-782958098,S2-367870951,S2-297283507,S3-369486428,S3-802377974,S3-490822535,S3-436995426,S3-74863948,S2-956952534,S2-753435932,S3-549187954,S3-244946176,S3-311837639,S2-45041964,S2-481207244,S2-287647663,S2-648693678,S2-216928439,S2-612609637,S3-710323041,S2-869919762,S3-328840802,S2-292845680,S3-492635654,S3-362438995,S2-979771884,S2-967309356,S3-637890622,S2-412280451,S2-129397759,S2-809443008,S3-908658568,S2-841480505,S3-616747941,S2-56119349,S3-885399159,S2-742868674,S2-82693962,S2-196961560,S2-572509666,S3-488775705,S2-828050039,S2-314290114,S3-902572777,S3-59221790,S2-744736880,S2-305100591,S3-530250452,S2-356913283,S2-329388918,S3-171920830,S2-548973387,S2-913706007,S2-467501398,S3-170134173,S3-683971772,S2-786869781,S3-639740468,S3-455362063,S2-24859255,S2-492340099,S3-372792768,S2-460308813,S3-502258413,S3-960612880,S2-643692461,S3-498927268,S2-623567631,S3-576069189,S2-286530945,S2-83965706,S2-883108268,S3-236721116,S3-699574986,S3-295968491,S3-192534763,S2-659790455,S3-192263409,S3-113294326,S3-581912770,S2-762766956,S3-476358537,S3-151967478,S3-156569736,S3-739285212,S3-678654237,S2-153275752,S3-262723171,S2-538196235,S2-734060241,S3-367677565,S2-862717457,S3-21356594,S2-419385758,S3-348252178,S2-274922433,S2-791580552,S2-356235629,S2-278976022,S2-414318892,S3-28391425,S3-963370231,S3-693121811,S3-788116288,S2-99645873,S3-124470912,S2-917903845,S2-657421605,S2-785912089,S3-618351506,S3-992933777,S3-478690867
S1-83258310	S2-885184685,S2-705585429,S2-464881130,S3-523932436,S2-420814161,S3-967715484,S3-789166582,S3-494387037,S3-435694250,S3-152571144,S3-154628206,S3-26659013,S2-689319970,S3-40300698,S3-664174575,S2-212302559,S3-274269512,S3-967707800,S3-548625741,S2-190162920,S3-213502299,S2-480006522,S3-208520456,S2-835681531,S2-175110533,S2-506155991,S2-326985182,S3-892330054,S2-185389152,S3-721177640,S3-882709267,S3-845981747,S2-708317762,S3-444029947,S3-660838032,S2-653042915,S2-383030202,S2-726853688,S2-164531605,S3-713098135,S2-514476323,S3-858211998,S3-473739447,S2-868266996,S3-959743474,S3-44511047,S2-499252487,S2-412246544,S3-989718615,S2-239605693,S3-352588206,S2-518518982,S3-922753681,S3-421264795,S3-71943791,S2-135243872,S3-290421893,S3-96658915,S3-240145962,S3-496513676,S2-6254086,S2-573848201,S3-857937906,S2-51358072,S3-305215419,S3-292813020,S2-975502236,S3-896302565,S2-512860425,S3-395523050,S3-104368779,S3-430431212,S3-492369834,S2-641290779,S3-681977972,S3-395706087,S2-657674303,S3-124884606,S3-127572839,S2-82513978,S3-370735604,S3-424943129,S2-877613262,S2-783392194,S3-995315197,S3-367614197,S3-29782137,S2-352931738,S3-54470773,S2-414029769,S2-840577815,S2-111438775,S3-676294317,S3-220842618,S3-960692719,S3-944594559,S2-261149262,S3-802883757,S2-433954722,S3-558060384,S3-785126381,S2-99438370,S3-139458449,S2-105100065,S3-325291268,S2-276156732,S3-545749841,S3-818722089,S2-108012128,S3-745381024,S3-585887933,S2-365209194,S3-290011831,S3-282222572,S2-225835857,S3-789896027,S2-429776897,S3-898958292,S2-865296385,S3-525968369,S2-112550664,S3-582077735,S3-304960308,S2-502078035,S2-730816075,S2-672367090,S3-544920274,S3-852035874,S2-754075332,S3-552613213,S2-850195083,S3-533950000,S2-15975240,S2-805312676,S3-527414788,S3-108478336,S3-541707690,S2-554899730,S3-687471713,S3-293163847,S2-799342669,S2-11737014,S2-521485245,S2-77217992,S2-127622422,S3-860251749,S3-165765562,S2-884695449,S3-809535079,S2-879573885,S3-494441152,S2-649106539,S3-676927086,S2-780499094,S3-475217030,S3-226830681,S3-343491131,S2-840906265,S2-776064612,S2-379470628,S2-422204530,S2-739546465,S3-57867301,S3-653838580,S3-253568336,S3-876425841,S3-163003008,S3-443258412,S2-6110033,S2-257820483,S3-909287402,S3-715060299,S3-214737749,S3-342039463,S3-17625050,S2-849705833,S3-358729746,S3-849499846,S3-178297483,S3-563838302
S1-126274111	S2-775330636,S3-464637790,S3-386151861,S3-543565278,S3-29733754,S3-925315489,S3-128268117,S3-241083303,S2-870204959,S2-779691746,S3-506288967,S3-155611732,S2-237983272,S2-928703176,S2-386961372,S2-987123781,S2-999683538,S2-705708442,S2-63997984,S3-430937321,S3-814620080,S3-277871237,S3-478560056,S2-219000671,S2-979989344,S2-36973049,S2-317636270,S2-864588945,S3-892528125,S3-764266218,S2-589171726,S2-580599447,S3-610270095,S2-957880956,S3-521374106,S3-812047194,S2-890815313,S3-664930211,S2-357545523,S3-651842016,S3-586164835,S3-918055462,S2-243787642,S2-95948115,S2-715669813,S2-738845766,S2-265254100,S2-399750231,S3-962623720,S3-106599462,S3-401031185,S2-496771746,S3-445482340,S2-580615251,S2-405965999,S3-982916620,S3-849960506,S3-435078343,S2-194236856,S2-712294921,S2-652580859,S2-216295125,S3-412229266,S3-807166499,S2-228736232,S2-482371631,S3-283453094,S3-749393473,S3-4402421,S2-498800847,S2-400190057,S3-863992050,S2-565774108,S3-377060072,S3-757028366,S2-440419245,S2-166886907,S2-337833685,S2-59909553,S3-235436647,S2-896465381,S2-360549470,S3-303206162,S3-331588542,S3-469132181,S2-933845077,S2-679824068,S3-999145116,S3-137209638,S3-313746921,S2-189699599,S3-256444418,S2-498589580,S2-288355900,S2-879155825,S3-200179973,S3-474268011,S3-187873403,S2-908630501,S2-946675133,S2-177952394,S2-136853274,S2-385312142,S2-927940634,S2-444062123,S3-336899491,S2-802693248,S3-462685489,S3-764852050,S2-267116455,S2-69233383,S2-876114239,S2-931417905,S2-702887315,S2-470202940,S2-533218660,S3-680082767,S3-620366426,S3-595635287,S3-872668108,S3-224768215,S2-314606486,S2-606560091,S2-166582012,S3-598917557,S2-476719085,S3-446877362,S2-675627346,S2-680133409,S2-182824158,S2-573927194,S3-303511825,S2-430984136,S3-445051431,S2-164373218,S3-853704128,S2-799159831,S3-414627989,S3-790707845,S2-736116796,S3-394083549,S2-757755510,S3-525530432,S3-341411456,S3-387547796,S2-820744499,S3-627447307,S2-868833660,S3-324808989,S3-477455273,S3-828079326,S3-252133610,S2-720053282,S3-182435629,S3-210263077,S2-76898639,S3-265180639,S3-927198232,S3-514503792,S3-925442843,S2-570963942,S2-158898318,S3-964552018,S2-969379726,S3-150197054,S3-733074319,S3-271028819,S2-328937334,S3-131890394,S3-119405414,S3-538824498,S2-368776491,S3-141476573,S3-543088599,S2-148709971,S3-351147322,S2-701844869,S3-434050973,S2-505006977,S2-591415594
S1-991875825	S2-955226207,S2-651613970,S3-5023092,S2-765496791,S2-300898003,S2-506312279,S2-62150396,S3-284249071,S2-914338082,S2-809146167,S3-188534647,S2-245030141,S2-244208993,S3-449512754,S2-503462713,S2-880919078,S2-415723875,S2-897593500,S2-779489051,S2-849329177,S2-323098100,S2-283513686,S3-228965868,S2-367152592,S2-345851534,S3-59143176,S2-745799534,S2-96321309,S2-753125951,S3-295800341,S2-778357279,S2-399750231,S3-502010675,S2-147498899,S2-87684654,S3-958933674,S2-486691418,S3-910192346,S2-278569462,S2-87935400,S2-717364564,S2-582981170,S2-986494492,S3-643926722,S3-760959067,S3-557563735,S3-361212289,S2-304989017,S3-263600360,S2-574951813,S2-429226728,S2-699095763,S3-794713116,S3-154520356,S2-632440779,S3-28470008,S2-419069917
S1-219350089	S2-489411367,S2-519059543,S2-545470939,S2-903692594,S3-954295435,S2-842315656,S2-917859734,S2-231719166,S2-149274788,S2-827982690,S2-709909627,S2-155022715,S2-450192914,S2-168132027,S2-58857525,S3-279362937,S3-816244994,S2-755502561,S3-602403352,S2-751202314,S3-998435145,S2-943795406,S2-341861496,S2-665763594,S2-935321703,S2-844872649,S2-545182449,S2-584926436,S2-999120843,S3-820560367,S2-95174122,S2-179681005,S2-499505081,S2-172763926,S2-440086449,S2-499789919,S3-438938964,S2-314482661,S3-331873108,S3-654148754,S2-122768568,S2-204145464,S3-800785281,S2-887992542,S2-177250454,S3-238111539,S2-407447896,S3-216875938,S2-206138477,S3-174976435,S2-355741990,S2-739448139,S2-528905424,S2-761682492,S2-910030043,S3-257698168,S2-356094853,S2-816876366,S2-680803742,S3-852497833,S2-910193453,S2-444045793,S2-401266314,S2-826483371,S3-775422074,S2-655225446,S3-181410580,S3-192074497,S2-333677266,S2-52165657,S2-262333602,S2-779074464,S2-477753672,S2-515589139,S3-646347099,S2-781742520,S3-818617248,S3-194593889,S2-594538657,S3-661799435,S3-371464300,S2-676242905,S2-695429055,S2-588528841,S2-177239124,S3-670976574,S2-864197444,S3-341578031,S3-395776701,S2-587862982,S3-487790426,S3-153885777,S3-801673438,S2-852393794,S2-933449127,S2-235902072,S3-442452127,S2-21120998,S2-309846610,S3-742183561,S3-278868668,S3-348452745,S2-979989344,S2-225974496,S3-927904850,S3-80859162,S2-831114333,S2-367091727,S3-847009912,S2-14888282,S3-356347371,S2-415479390,S2-138374856,S2-401195970,S2-303122399,S3-906551580,S3-273459094,S2-631065124,S2-114050128,S2-774488654,S2-123059618,S3-533065578,S3-488074618,S2-513613584,S2-3931675,S2-429047871
S1-476026008	S2-121764179,S2-760373340,S2-820152143,S3-969007918,S3-105976124,S2-364111458,S2-889564900,S2-806272157,S3-211608846,S2-823489243,S3-319063462,S2-975741876,S2-579736034,S2-390946610,S3-99733471,S2-538380146,S2-750364918,S2-950354507,S3-211979601,S2-240492564,S2-427776899,S2-731064164,S2-304954843,S3-785426334,S3-31689253,S2-308903994,S3-742570614,S2-927888887,S2-912048344,S2-123769062,S2-969379726,S2-236581494,S3-633114392,S3-343479864,S2-136853274,S2-233586234,S3-155611732,S2-722937141,S2-926038372,S3-58268615,S2-218067258,S2-653906407,S2-400190057,S3-514503792,S3-572355679,S3-733074319,S2-369634827,S2-54070971,S3-760225064,S2-932569098,S2-684727310,S2-95948115,S2-829533261,S2-680133409,S3-15979596,S3-868379375,S2-307775125,S2-182824158,S2-523125777,S3-916685476,S3-856244664,S2-572309517,S2-444062123,S3-324808989,S2-357545523,S2-330632317,S3-201441610,S2-910691607,S3-351147322,S2-59909553,S2-237983272,S2-166886907,S3-687003969,S2-879155825,S2-898478551,S3-525530432,S3-468999370,S2-69233383,S3-679465045,S3-137209638,S2-482371631,S3-660173531,S3-807166499,S2-910295846,S2-715669813,S3-401031185,S2-979989344,S2-171037209,S2-83011570,S3-394083549,S3-118086022,S3-412229266,S3-698421786,S3-925442843,S2-999683538,S3-213578543,S2-219000671,S2-15571876,S3-543088599,S2-589171726,S3-762736295,S2-821030601,S2-118874856,S2-317636270,S3-377060072,S2-430984136,S2-317844913,S2-863409430,S3-257698168,S2-736116796,S3-317850686,S2-360549470,S2-440419245,S3-345096455,S3-627447307,S3-283453094,S2-452430272,S3-17766366,S3-400579923,S3-583496119,S2-399750231,S2-386961372,S3-337064812,S2-529359372,S3-764266218,S3-896032795,S3-730526549,S3-729273261,S3-863992050,S3-388722834,S3-352808478,S3-680082767,S2-671100864,S2-675627346,S3-418245470,S2-748973412,S2-314606486,S3-445051431,S2-148709971,S3-124827769,S2-810569289,S3-620366426,S2-580615251,S3-749393473,S2-158898318,S2-177952394,S2-53725511,S2-965365329,S2-243787642,S3-859778310,S3-814620080,S2-476719085,S3-757028366,S2-202328620,S3-265180639,S3-23548513,S3-404394789,S3-651842016,S2-189699599,S3-388736740,S3-358342064,S3-749514326,S2-288355900,S2-497714328,S2-779691746,S2-573927194,S3-430937321,S3-747107358,S3-267398314,S3-435078343,S2-972467243,S3-805729669,S2-931417905,S3-286750643,S2-876114239,S3-128268117,S2-511948417,S2-928703176,S3-758549169,S3-125776910
S1-595583207	S2-920871115,S2-141972025,S2-657209556,S2-636982797,S3-347519927,S2-363356875,S2-763230362,S2-614790032,S3-705900490,S2-578943842,S3-864402191,S2-565332493,S3-979877020,S3-931639328,S3-431488114,S2-884040388,S2-449087347,S2-176058042,S2-187743820,S2-980281177,S2-932996903,S2-355741990,S2-170479725,S2-538033064,S2-383337007,S2-852587233,S2-378166742,S3-953297898,S2-958710955,S2-892144402,S2-913895904,S2-477909395,S3-214416248,S2-112176830,S3-78587319,S3-764964905,S3-451547774,S2-662239839,S2-330429863,S2-765496791,S2-828867563,S2-413919071,S2-562745995,S3-763683219,S2-594478805,S2-777328717,S2-46349999,S3-938437273,S2-725612831,S3-758187216,S2-270105873,S3-120319456,S3-648936950,S2-384114445,S3-309207394,S2-341022152,S2-127145,S2-16665514,S3-611709270,S2-907998694,S3-515466422,S2-217212887,S3-299603866,S3-678338467,S3-330054533,S2-347130401,S3-636194845,S3-159838340,S3-604438242,S2-343762711,S3-110576858,S2-732674919,S2-730609218,S3-719684142,S2-774959621,S2-408401704,S2-338606966,S2-729376582,S2-477073381,S3-775639560,S2-237976616,S2-811142265,S3-523432340,S2-79644984,S3-513834371,S2-386113796,S3-699117402,S2-756483322,S2-318510425,S2-68759678,S2-712359876,S3-669913762,S3-891482481,S2-321209367,S3-600864845,S2-555777237,S3-976170494,S2-793082753,S3-961797494,S2-484033885,S2-978338906,S3-879903794,S2-956253307,S3-582536456,S2-525611852,S3-510837837,S2-152884904,S3-43492550,S2-818874693,S3-685308540,S2-427036882,S2-506312279,S3-711599508,S3-712474790,S2-456942765,S2-446761313,S3-692024084,S2-994705111,S3-226381435,S3-78346563,S2-271875776,S2-988099919,S3-265740546,S3-417230072,S3-418245470,S3-342820718,S3-124263632,S3-1173237,S3-660484540,S3-478560056,S3-499234511,S2-381614500,S3-960227281,S2-605748588,S2-748973412,S2-503641456,S3-868045523,S3-11465461,S3-101208990,S2-166310828,S2-559152757,S2-886117102,S3-664667824,S3-87994289,S3-857392225,S2-692698181,S3-628083423,S3-766817544,S2-341347539,S2-754529082,S3-246169538,S3-21945435,S2-816954568,S2-805044363,S2-997094088,S2-65284847,S3-364518554,S3-572678060,S3-45389531,S3-604550713,S2-99785869,S3-323753282,S2-855837260,S2-809385565,S3-772851894,S2-866564035,S2-52362424,S2-531840771,S2-714953620,S2-421873936,S2-560614389,S2-720648641,S3-339344708,S2-160166199,S3-475968547,S2-521820136,S3-518978010,S2-912261642,S3-699901669,S3-878389502
S1-660977005	S2-717813805,S2-365575093,S2-288285136,S2-276198613,S2-444178224,S2-101737789,S2-645838319,S2-549393453,S2-599106166,S2-333865760,S2-454288890,S2-647059994,S2-295646726,S2-455365283,S2-790695031,S2-772700123,S2-923247863,S2-100444556,S2-363906243,S2-78465009,S2-87473476,S2-779910674,S2-759355073,S2-685396460,S2-742307239,S2-871621372,S2-135244630,S3-139707823,S2-603765591,S3-155279112,S2-822263206,S2-267093366,S2-449953927,S2-988352114,S2-40757259,S2-69292456,S2-183965359,S2-429314182,S2-354971231,S2-86132595,S2-776933635,S3-568621279,S2-345648173,S2-887058391,S2-499299724,S2-727649817,S2-469081581,S2-260115985,S2-824282783,S2-290114593,S2-178779915,S2-182273804,S2-780643260,S2-285556917,S2-235325225,S3-58785412,S2-426933123,S2-994671947,S2-938846865,S3-332243977,S2-417275383,S2-950869462,S3-752032262,S3-388972379,S2-597694282,S2-343991836,S3-599404502,S3-150255606,S2-731051338,S2-409073014,S2-769979843,S2-575306289,S2-913169920,S2-908717602,S2-364729817,S2-898431581,S2-963803488,S2-267693953,S2-859686899,S2-387291567,S2-139613529,S2-199719349,S2-703085578,S2-905336963,S3-294917824,S2-689013563,S2-462414628,S2-225798504,S2-342366456,S2-998450705,S2-565744021,S2-518608113,S2-389662181,S2-120300748,S2-552344048,S2-765677324,S2-143783156,S2-340390872,S2-652903084,S2-62629761,S2-276949736,S2-434164436,S2-129998399,S2-829547526,S2-259272566,S2-225667164,S2-591876506,S2-382561902,S2-717773569,S2-411720838,S2-886729162,S3-528291616,S3-84513983,S2-731198634,S2-21994381,S2-211278332,S2-533913830,S3-337142950,S3-371496910,S3-805656406,S2-802395851,S2-796991793,S2-620783964,S2-819205378,S2-920364019,S2-453762798,S2-2366485,S3-30589892,S2-904055422,S2-428542220,S2-875547665,S3-958507365,S2-131651142,S2-786654549,S2-928635359,S2-618136856,S2-754779681,S2-49027669,S2-198589700,S2-268681926,S2-192191241,S2-275873069,S3-290293800,S3-309245988,S3-297587336,S3-709547160,S2-96155126,S2-374485588,S2-180233269,S3-900260370,S2-44243919,S2-669957816,S2-458748624,S2-42262601,S3-736798421,S3-133771072,S2-24811772,S3-833749338,S2-847590509,S2-626905689,S2-72437668,S2-276757029,S3-94192786,S2-828827277,S2-973884210,S2-987180214,S2-848179436,S2-480230562,S3-250523417,S2-710592252,S2-297320898,S2-850921702,S3-203080393,S3-649166684,S2-943827931,S2-72790142,S2-934199330,S2-2326543,S2-975826015,S3-575522215
S1-106130112	S3-293343648,S2-216295125,S2-270708506,S2-35835939,S2-148709971,S2-215852053,S2-29382278,S3-465686041,S2-343398466,S2-399750231,S2-650665046,S2-614226193,S2-910295846,S2-738029460,S2-265254100,S2-969379726,S3-916685476,S2-337833685,S2-355187739,S2-314606486,S3-828079326,S3-404394789,S2-219000671,S3-445482340,S2-932569098,S2-942688007,S2-795011774,S3-804343643,S3-992747557,S2-573927194,S2-59909553,S2-233586234,S2-965365329,S2-680133409,S3-747107358,S3-814620080,S3-301221082,S2-166582012,S2-405965999,S3-224768215,S2-74135034,S2-972467243,S3-388722834,S3-320593807,S3-547190825,S3-668488454,S3-918055462,S3-394083549,S3-30041210,S3-805729669,S3-762736295,S3-430937321,S3-99733471,S3-679465045,S3-164158212,S2-118874856,S2-701844869,S3-399887121,S3-287324543,S3-256444418,S2-738845766,S3-469132181,S3-210263077,S2-996572237,S3-30906587,S2-95948115,S2-164373218,S3-849960506,S2-957880956,S2-684727310,S2-511948417,S2-69233383,S3-376378561,S3-514503792,S3-170649826,S2-330632317,S3-155611732,S3-566624162,S2-53725511,S2-498800847,S3-221430625,S2-533218660,S2-805578818,S3-240068186,S2-898478551,S3-358342064,S2-931417905,S3-286750643,S2-652580859,S2-136853274,S3-618399680,S3-856244664,S2-450990494,S3-660173531,S2-821030601,S2-498589580,S3-844534312,S3-733074319,S3-147393291,S3-982916620,S2-488463193,S2-606560091,S3-324808989,S3-478490624,S2-580599447,S2-987123781,S2-870204959,S2-171037209,S3-68822292,S3-434050973,S2-249272168,S2-728600537,S2-163970016,S3-303206162,S3-387547796,S2-505006977,S2-440419245,S3-634681848,S3-337064812,S2-820744499,S2-865421412,S3-583496119,S3-205776925,S3-841875587,S2-158898318,S3-283453094,S3-543088599,S2-369634827,S3-182435629,S2-799159831,S3-435078343,S2-727980122,S3-506288967,S3-477455273,S2-779691746,S3-962623720,S3-331588542,S2-561605456,S3-445051431,S2-482371631,S2-182824158,S2-360549470,S2-368776491,S3-635163172,S3-285202361,S3-401031185,S2-868833660,S3-927198232,S3-925442843,S2-385312142,S2-999683538,S2-736116796,S3-125776910,S3-414627989,S2-702887315,S3-749393473,S2-755881218,S3-749514326,S2-720053282,S3-150197054,S3-853704128,S2-580615251,S3-654939501,S2-400190057,S2-177952394,S3-989093694,S2-738298889,S3-235436647,S2-63997984,S3-17766366,S3-21475662,S3-994420217,S3-58268615,S2-476719085,S2-288355900,S2-927888887,S3-386151861,S3-764852050,S3-521374106,S3-311100124
S1-383508132	S3-200685503,S2-566025912,S3-766141107,S3-50392946,S3-398254055,S3-682610611,S3-276048911,S2-139130984,S2-513893410,S2-107820820,S2-243350640,S3-436122265,S3-129182001,S2-840906265,S2-689319970,S3-152571144,S3-761354474,S3-598041925,S2-982792981,S2-350013887,S3-180899848,S3-314843333,S3-857937906,S3-585647861,S3-653838580,S2-378662414,S3-124254474,S3-29782137,S2-848460389,S2-386555546,S2-975502236,S3-420754910,S2-217459944,S3-54470773,S3-93747053,S3-141432285,S2-573848201,S3-430431212,S2-645071199,S2-725035991,S3-736975655,S2-328590325,S3-520326237,S2-673560645,S2-184031148,S3-427071576,S3-577927061,S2-641290779,S3-595763975,S2-205139630,S3-104368779,S3-421330397,S3-122143695,S2-109747337,S2-817518827,S2-404007568,S2-881386167,S2-713264333,S2-169701692,S3-997697927,S3-77766630,S3-95582833,S2-649414925,S3-463960582,S3-170193764,S3-876425841,S3-1714212,S3-81009378,S3-753068254,S3-560450875,S3-960692719,S3-735492773,S2-77706610,S3-379167296,S2-672367090,S2-518518982,S3-730405898,S3-258887002,S3-944594559,S3-987493603,S2-131407295,S2-459485143,S2-755626247,S2-710830158,S2-276156732,S2-577204741,S2-959151553,S3-163965662,S3-636249405,S3-197008620,S2-554757276,S2-766721844,S2-175110533,S3-96658915,S3-955464237,S2-257820483,S2-127622422,S2-850195083,S3-77257430,S2-717661679,S2-206617698,S2-433954722,S3-894774459,S2-99438370,S3-818722089,S3-139458449,S3-475217030,S3-171786414,S2-143780233,S3-899552369,S3-988261331,S2-660792558,S3-78013040,S3-911144781,S3-548625741,S3-386942813,S2-111438775,S3-165765562,S3-185120084,S2-440311893,S3-175732102,S2-117324792,S2-54070460,S2-112287031,S3-187211490,S3-525968369,S2-410801265,S2-514476323,S2-964463489,S3-323942209,S3-818348994,S3-679100232,S3-220903435,S2-920587005,S3-55329844,S3-662175430,S3-494441152,S3-254393046,S3-342875813,S3-293163847,S3-729283303,S3-687471713,S2-835681531,S3-282222572,S2-261124471,S3-17625050,S3-777326326,S3-902200356,S3-717526914,S2-726853688,S2-31275344,S2-584739653,S2-877613262,S3-468509415,S2-935678953,S2-821666773,S2-744397227,S3-89846531,S3-491264868,S3-300102996,S2-206375685,S3-982107894,S3-123022677,S3-16768563,S3-621306900,S2-862989474,S3-426099075,S3-234659501,S3-274750918,S2-527367932,S2-614804837,S3-687998587,S2-786237872,S3-373329119,S2-338638004,S3-912712169,S2-59604091,S3-901446926,S2-11737014,S3-585130700
S1-960747316	S3-187211490,S2-403526225,S3-170093050,S3-922753681,S3-267521146,S3-290011831,S3-320255402,S3-715117209,S3-95582833,S3-858211998,S2-235711711,S3-898958292,S2-698489713,S3-210738490,S3-618870695,S3-259455906,S2-507839076,S2-818434951,S2-206375685,S3-809535079,S3-352588206,S2-460992467,S3-674057468,S3-48797858,S2-624222622,S3-609002634,S2-921208766,S2-713264333,S3-207370127,S2-139130984,S2-111438775,S3-379167296,S2-202993756,S3-971476209,S2-294998398,S3-182512145,S3-596213041,S2-225835857,S2-311792054,S2-257820483,S3-108478336,S2-28207614,S3-463960582,S3-560440423,S3-251422207,S2-725035991,S3-197008620,S3-274750918,S3-337485611,S3-507859838,S3-629924937,S3-295531735,S2-82513978,S3-911111029,S2-99438370,S2-384960180,S3-799420878,S3-492683621,S3-96658915,S3-258887002,S2-776064612,S3-282164238,S2-396661958,S3-729283303,S2-884695449,S3-988261331,S2-454466628,S2-566025912,S3-787825768,S3-717591222,S2-59604091,S2-143780233,S3-652520759,S2-744397227,S2-11737014,S2-164531605,S2-580173238,S2-396175329,S3-6822167,S3-920670142,S3-818348994,S3-889777255,S3-944594559,S2-687464505,S3-373462158,S3-287521867,S3-882416744,S2-501391806,S3-598041925,S3-613959413,S2-411407927,S3-293163847,S2-31275344,S3-257431531,S3-812052015,S3-975833948,S3-653838580,S2-8335395,S2-789061297,S3-986363077,S3-38298918,S2-418140224,S2-844816252,S3-155934845,S2-326418288,S3-138738397,S2-239605693,S3-300102996,S3-552613213,S2-757965845,S3-697660906,S2-195567288,S2-450793976,S2-726539574,S3-387849839,S3-416595074,S3-737262941,S2-210004230,S3-314843333,S3-77257430,S2-378662414,S3-57867301,S3-943916703,S2-243350640,S2-835681531,S3-106632444,S3-438642846,S2-849330463,S2-793819516,S2-819895550,S2-272351032,S3-687998587,S2-743777502,S2-422634406,S3-681977972,S2-71850350,S2-877613262,S2-717661679,S3-459700094,S2-259463679,S3-904363558,S2-171968922,S3-301622173,S3-845714314,S2-782671757,S2-543173344,S3-520093980,S3-676744424,S2-135243872,S2-112550664,S3-913032953,S3-292813020,S2-879573885,S3-560450875,S2-204413257,S2-547317455,S3-492635654,S3-668183569,S3-960049027,S2-647945622,S2-577204741,S3-167399967,S3-872197884,S3-17625050,S3-59736918,S2-705585429,S3-354818630,S3-545749841,S2-563399625,S2-978342552,S3-960692719,S2-175110533,S3-804922519,S3-224477993,S2-651901182,S3-170838278,S3-279701984,S3-81009378,S3-89010063,S3-860251749
S1-78181547	S3-468731115,S3-910192346,S3-426331468,S2-319511139,S3-840386105,S3-826439882,S3-906571828,S3-767676371,S3-863960483,S3-682116738,S2-933283919,S2-566003861,S2-838395782,S3-467930647,S3-82860884,S3-31882713,S3-841090865,S3-467435512,S3-684007672,S3-323007511,S3-617542417,S3-128192838,S3-401754115,S2-719013321,S3-207823676,S2-471561326,S3-801222611,S2-719864134,S3-599485612,S2-436440977,S2-233273789,S3-547087386,S3-429813193,S3-811285616,S3-10360627,S3-150341788,S3-481390673,S2-235259222,S3-400505157,S3-953449018,S3-336793621,S3-478755386,S2-759290865,S3-267964256,S3-716701702,S3-583284096,S3-216253369,S3-630261020,S3-247099795,S3-286012397,S3-336665534,S3-779449503,S2-815721073,S3-832647831,S3-7270267,S2-111891681,S3-80503101,S3-680679374,S2-937946084,S3-998621012,S3-773343485,S3-42529132,S2-537366914,S3-897783832,S3-647753608,S3-599847356,S2-250004427,S3-696357239,S2-414485912,S3-926794995,S3-654650748,S3-576980251,S3-741768600,S3-298624111,S3-734071828,S3-154284796,S3-693182218,S3-354193409,S3-399194684,S3-530476205,S3-850776157,S3-341411456,S3-673656216,S3-742713788,S3-989283048,S3-740972676,S2-27053286,S2-57063876,S2-913895904,S3-734821598,S2-487584376,S3-822204163,S2-559930336,S2-143609583,S2-913256838,S2-234723828,S2-35121782,S2-433135390,S3-415590169,S2-575025324,S2-533213025,S2-502487055,S2-286938745,S2-299958103,S2-568370010,S2-428885362,S3-539506516,S2-503434250,S2-250985878,S3-836867383,S3-91488731,S3-547688322,S2-172142725,S2-61475515,S3-476845641,S2-67158439,S2-392578068,S2-35513730,S3-169383713,S3-716865471,S2-969242956,S2-28276513,S2-53757306,S2-623103529,S3-795959494,S3-307115933,S2-48472339,S2-509966472,S3-773906230,S2-79176894,S3-59623594,S2-194154504,S2-303791329,S2-343112703,S2-147686039,S2-832431900,S2-44724843,S2-540182433,S2-557796585,S3-558347545,S2-785659578,S2-288771595,S2-434336539,S2-680428647,S3-234483277,S2-220860399,S2-372401984,S2-673317537,S3-147240704,S2-225081152,S2-345109638,S2-579777488,S2-818243239,S2-301279397,S3-255183781,S2-951998320,S2-308357837,S2-484294877,S2-936130151,S2-643635527,S3-507474950,S2-757571005,S3-776500981,S2-379816909,S2-242438985,S3-109415205,S3-649484822,S2-143755487,S2-653382745,S2-530685908,S2-937189289,S3-971533008,S2-275830945,S2-517800889,S2-92717447,S2-481998615,S3-786486947,S2-752087230,S3-710497647,S3-749122311
S1-44674670	S2-626709174,S2-557969803,S2-357230253,S2-742129110,S2-18180119,S2-438102126,S2-288641724,S2-469873904,S2-893565406,S2-670692574,S2-521682474,S2-308331476,S2-919732103,S2-605345323,S2-159987691,S3-108111278,S2-767242243,S2-469942778,S3-294977400,S2-643772614,S3-593888215,S3-599479755,S2-414873797,S2-70475656,S2-78484059,S2-270159059,S3-159499744,S3-453576408,S3-434252808,S3-809925996,S3-224961320,S3-371771999,S3-413455931,S3-975646540,S3-227725397,S3-748588813,S3-142033659,S3-211580303,S3-363193469,S3-580669606,S3-628542272,S3-340417291,S3-124492648,S2-61344176,S2-401756825,S3-314476048,S2-787585526,S3-317334742,S3-994732474,S3-332309291,S3-388966040,S3-363437085,S2-144735965,S3-876350939,S3-37350352,S3-796316024,S3-643531990,S3-714453823,S3-72437882,S2-936916016,S3-871571117,S3-225347357,S3-929317672,S3-144730959,S2-599071002,S3-724330156,S2-475466510,S3-383920910,S3-984869397,S3-339191081,S2-698118591,S3-348467710,S3-307004005,S2-326921267,S3-753179170,S2-525991477,S3-51985641,S3-552638707,S2-310551193,S2-436033734,S3-668746495,S2-796956457,S2-496982621,S3-837460123,S3-310384847,S2-187280636,S3-40787780,S3-699367647,S2-645514116,S3-942307371,S2-652974515,S3-228616515,S3-152042001,S2-568029722,S3-981142977,S2-731898556,S3-349595053,S3-355917700,S2-172729913,S3-745685997,S2-486276480,S3-502760536,S2-255229609,S3-772145415,S2-874820639,S2-382221058,S3-53803598,S2-485372755,S3-863070168,S2-401046019,S3-220850190,S2-24824093,S3-317758970,S2-587461132,S3-425277767,S3-489723519,S2-221155152,S2-63238861,S3-27935907,S3-871943542,S3-288578496,S3-469853000,S3-225544436,S3-30480945,S3-443267774,S3-562805276,S3-508498213,S3-106294093,S2-566631118,S3-666251648,S3-86712625,S3-957503508,S2-263258896,S2-510587271,S3-433112717,S2-94378070,S3-825564213,S2-515207515,S2-221740113,S2-692492354,S3-482009942,S2-215460788,S2-341630794,S2-927486001,S3-679064348,S2-450022889,S3-149503028,S2-755350893,S2-236507762,S3-372754766,S3-495671727,S2-86523371,S3-581697848,S2-813092510,S3-216482370,S2-276331202,S2-853562443,S3-23747762,S2-717552019,S3-941335653,S2-948067102,S3-883419752,S2-819402155,S2-783885195,S2-560032829,S3-70973600,S2-104647725,S3-408182314,S2-226337233,S3-135434576,S2-291951292,S3-775255715,S2-669837803,S2-872591121,S2-583377505,S3-586672982,S3-242222414,S3-599066239,S3-360780165,S3-333641783
S1-712639027	S2-555109544,S3-711690143,S2-249672052,S2-685165779,S3-106837574,S3-403157704,S2-894177454,S2-767997013,S2-826034253,S2-439211137,S2-995933742,S3-573023849,S2-716718650,S2-92717447,S2-9239069,S2-887959244,S2-685396460,S3-296383140,S3-193324646,S2-549867529,S2-380626272,S3-328857929,S2-55225145,S3-599948863,S2-882848533,S2-384450374,S3-152632558,S2-69648403,S3-844179298,S3-427942676,S3-278759204,S3-958755935,S2-771017518,S2-367560858,S2-632838411,S3-900261473,S3-216482370,S3-553774195,S2-530603237,S2-603448716,S3-266018996,S3-508963678,S3-928753653,S2-362270885,S3-926900487,S2-940366297,S2-155547755,S2-167574210,S2-324335779,S2-635214615,S3-829620416,S2-837182380,S2-94145774,S2-213810992,S2-656847334,S3-208758268,S2-853340368,S3-655711266,S3-239945575,S2-149519174,S2-754579364,S2-557796585,S3-896331791,S2-777285682,S2-193151395,S2-821717552,S2-841642984,S2-270743332,S3-999358771,S3-936114747,S2-251426537,S2-965991123,S2-219223249,S2-965265670,S2-95770597,S3-661669815,S3-237873919,S3-628982800,S3-683568308,S2-143004935,S2-27727592,S2-796153176,S3-481951962,S2-166204215,S3-565921020,S3-692862857,S3-845445184,S2-187909971,S2-772019937,S2-46459212,S3-764744632,S3-273800636,S3-849319514,S2-147905665,S2-167404095,S2-245650715,S2-148502799,S2-126915805,S2-287693608,S2-696077581,S2-270327503,S2-443193800,S3-447440366,S3-790192866,S3-569970438,S2-647900601,S2-254800462,S3-650917881,S2-463148509,S2-708749034,S2-480897317,S2-71153173,S3-194882242,S2-211440621,S2-280566325,S3-352825217,S2-174362778,S3-583984779,S3-421871068,S2-970751118,S2-588345541,S3-848425722,S2-614545003,S3-362912785,S2-554383903,S3-173398261,S3-327098099,S3-894935424,S3-495269610,S2-164454648,S2-843477932,S3-515515030,S3-14337225,S2-52228927,S3-750596571,S3-177189137,S3-230196038,S2-125402464,S2-241386385,S2-961845990,S3-728560544,S2-785720605,S3-153415537,S3-986155738,S3-586312524,S2-683333618,S2-37613343,S2-735945462,S3-480162512,S3-927424644,S2-832431900,S3-709953728,S3-328729045,S2-656028799,S3-596342265,S3-564464453,S2-755291840,S2-959392634,S3-332300293,S2-221643753,S3-576536556,S2-226194314,S2-614677852,S2-524426429,S2-706271348,S3-440398099,S2-236736296,S3-908474471,S3-547795476,S3-435130814,S2-556208932,S2-211048574,S2-522132365,S2-92929203,S3-939036683,S2-190323285,S3-779064669,S3-907916662,S2-789516288,S2-423536344
S1-875777939	S2-516716998,S2-912906295,S2-802064296,S3-569106283,S3-273133357,S2-422375048,S2-196968646,S2-306738441,S2-903198863,S2-410109796,S2-570140504,S3-590170963,S2-283276878,S2-865500418,S2-666767550,S2-484033885,S2-200120917,S2-665332697,S2-238297214,S2-671297991,S2-931438930,S2-849315090,S2-880919078,S2-262172555,S2-218490316,S2-88977929,S2-144304702,S3-53599473,S2-72676917,S2-77012618,S2-144626367,S2-222871632,S3-753437892,S2-257178707,S2-992199113,S3-30041210,S2-171664139,S3-113465532,S2-55637946,S3-179939743,S2-40384887,S2-518244725,S2-359304353,S3-917514832,S2-613988796,S3-520847809,S2-495555462,S2-971983289,S2-299460698,S3-335433860,S2-487108785,S3-545765346,S2-995679693,S3-199518320,S2-581549782,S2-737499898,S3-635839248,S2-150268141,S2-587849824,S2-806209738,S2-606975084,S2-784720932,S3-94533853,S3-391823164,S3-215199655,S2-736747752,S2-407904246,S2-699446830,S3-725228112,S3-32603306,S3-91288689,S3-685461343,S3-720534545,S3-126695875,S3-930549522,S3-380960610,S3-247632454,S3-604715797,S3-919058692,S2-899058508,S2-394667090,S3-381164851,S3-815237558,S3-832492721,S3-563083804,S3-624838264,S3-883015350,S3-256195760,S2-336500242,S2-694702241,S3-590859225,S2-164134839,S2-234200980,S2-293852672,S2-478479001,S2-500438888,S2-864136348,S2-726058757,S2-368320826,S2-682012487,S2-170479725,S2-324292940,S2-657798806,S2-723544455,S2-601147209,S2-839472548,S3-605354562,S2-804968290,S2-268308856,S2-51638504,S3-977399629,S2-103592374,S2-874030683,S2-276787405,S2-962711907,S2-46254551,S2-34215208,S2-889718806,S2-69941568,S2-973884210,S2-991126031
S1-906720062	S3-360915051,S2-619042771,S2-778722505,S3-290225853,S3-135912001,S2-359498,S3-107051372,S3-453840096,S3-223178491,S3-338570212,S2-858333831,S2-538599452,S3-831804871,S2-676390111,S3-916858132,S2-7134548,S2-518679206,S2-335147570,S3-516840601,S2-374753079,S2-211680515,S2-14075834,S2-93944014,S2-345109638,S2-531262492,S2-303037664,S2-790080617,S2-614146034,S2-672457193,S3-772310206,S2-601113320,S2-504765147,S2-723513824,S2-621212069,S2-55371613,S2-304719869,S3-85566500,S2-930127878,S2-839110260,S2-936517897,S2-312863538,S2-365338688,S2-608963132,S2-483346173,S2-662724974,S2-113653299,S2-258201185,S2-495395238,S3-617343658,S2-640031357,S2-579565120,S3-167258292,S2-885143036,S3-69187269,S3-363885267,S3-743729368,S3-542421908,S3-704557471,S2-295130212,S2-440788806,S3-466073079,S3-643779851,S3-10891585,S2-410804005,S2-286092318,S3-883805136,S3-7525865,S2-64310140,S3-16147297,S3-81458328,S2-476465262,S2-323205883,S2-322894222,S2-530481446,S3-448378941,S2-274181567,S2-983421828,S3-16944263,S2-411971892,S3-322285697,S2-992249487,S2-125457218,S3-647738739,S3-990105007,S2-722700267,S3-715389618,S3-761559565,S2-337736101,S2-806956628,S3-671586945,S3-864436832,S2-544571699,S2-795335462,S2-412527378,S2-521137694,S2-37907319,S3-477355064,S2-673540283,S2-733946572,S2-649103744,S3-95522602,S3-538186103,S2-777696351,S2-284797430,S2-740640658,S2-25603252,S2-301759252,S3-200739789,S2-288319434,S3-841697956,S2-422993819,S3-767700296,S2-629654694,S3-635511582,S3-100977482,S2-462810789,S3-505028609,S2-2907580,S3-442104505,S2-789750249,S3-39329320,S2-304713900,S2-367560858,S2-844512989,S3-568715258,S2-522004411,S2-528371982,S2-237142721,S2-622177531,S2-745343993,S2-481946162,S3-502447681,S2-988725816,S2-204135404,S2-342387202,S2-399669447,S2-601032627,S3-10497575,S2-427649642,S3-95494892,S3-401637627,S2-887473202,S3-892787149,S2-682359125,S2-701496773,S3-80874403,S2-81038849,S2-85764223,S2-505281043,S2-988974568,S3-507870144,S3-829204749,S3-739324560,S3-988193270,S3-745853069,S3-379713185,S2-527436414,S3-437359926,S2-391588088,S3-293863909,S2-446159552,S2-122317204,S3-927881041,S2-791288340,S2-905753107,S3-793087271,S2-783711706,S3-173398261,S3-172826012,S3-254085432,S3-344436781,S3-244285,S3-779007929,S2-796153176,S2-645458367,S2-756606388,S2-553921087,S2-196824171,S2-394968734,S3-591492307
S1-868609391	S2-318510425,S2-36973049,S2-870204959,S2-95948115,S3-128268117,S2-317636270,S2-779691746,S3-925315489,S3-241083303,S3-814620080,S2-715669813,S3-962623720,S3-764266218,S2-775330636,S3-155611732,S2-104071494,S2-63997984,S3-586164835,S2-738845766,S2-987123781,S2-999683538,S3-435078343,S3-386151861,S3-401031185,S3-878685988,S2-357545523,S3-542370901,S3-430937321,S3-29733754,S2-386961372,S3-849960506,S2-928703176,S3-812047194,S2-219000671,S2-864588945,S3-106599462,S2-243787642,S2-606560091,S2-237983272,S2-898478551,S2-652580859,S3-277871237,S3-982916620,S2-701844869,S3-543565278,S3-651842016,S3-49250317,S2-399750231,S3-377060072,S2-166886907,S2-476719085,S2-216295125,S3-58268615,S2-83011570,S2-573927194,S2-148709971,S2-799159831,S3-446877362,S3-634681848,S2-755881218,S2-76898639,S3-30906587,S3-474091906,S3-521374106,S2-877804843,S3-445482340,S3-892528125,S2-111783485,S3-999145116,S3-477455273,S2-589171726,S2-817891344,S2-965365329,S2-876114239,S2-511948417,S3-141476573,S2-389198964,S2-932569098,S3-762736295,S2-712294921,S3-844534312,S2-337833685,S3-807166499,S3-394083549,S2-233586234,S3-182435629,S3-323007511,S2-565774108,S2-996572237,S3-207774842,S2-890815313,S2-444062123,S2-470202940,S3-349591121,S3-388722834,S3-594280982,S2-166582012,S3-478490624,S3-99733471,S2-440419245,S2-59909553,S3-287324543,S3-331588542,S3-137209638,S2-896465381,S2-795011774,S2-498589580,S3-210263077,S2-736116796,S2-56395691,S2-452430272,S3-313746921,S2-865421412,S2-957880956,S3-412229266,S2-757755510,S2-620956722,S3-285202361,S2-405965999,S2-330632317,S2-158898318,S2-498800847,S2-314606486,S2-728600537,S2-430984136,S3-620366426,S2-675627346,S2-821030601,S3-729273261,S2-892923204,S2-385312142,S2-933845077,S2-69233383,S2-267116455,S3-17766366,S2-979989344,S3-925442843,S2-931417905,S3-341411456,S2-136853274,S3-804343643,S3-654939501,S3-80717219,S3-573737584,S3-878936770,S2-722937141,S3-23548513,S3-680082767,S3-918055462,S3-445051431,S2-270708506,S2-927940634,S2-368776491,S3-610270095,S3-579384604,S2-532723422,S3-257698168,S3-68822292,S3-514503792,S3-119405414,S3-595635287,S3-859778310,S3-30041210,S2-702887315,S2-969379726,S2-141427011,S3-303511825,S3-265180639,S3-691051408,S3-627447307,S2-266077862,S2-671100864,S3-515050518,S2-482371631,S2-288355900,S2-328937334,S3-336899491,S3-283453094,S2-189699599,S2-580615251
S1-842551642	S2-744384640,S2-238182010,S2-753003743,S2-603561878,S2-171371026,S3-157577006,S3-205111330,S3-698064644,S3-612034571,S3-942910587,S2-973792760,S2-522377123,S2-599320719,S2-230765756,S2-122398080,S2-840144902,S3-678081167,S3-958825639,S3-224886259,S2-725430941,S2-867984472,S2-726942782,S3-652808257,S3-116091986,S2-218394251,S3-970529444,S2-735844659,S2-236951711,S2-237209707,S3-596575988,S3-337421231,S2-815252019,S2-825158584,S3-455333651,S3-112921665,S2-37140873,S3-196692472,S2-230121619,S3-408217441,S2-757903279,S3-418482731,S2-660693925,S3-140865666,S2-577258741,S2-461774711,S3-429396140,S3-704207971,S2-969149183,S3-380099431,S2-402525290,S2-221200965,S2-400339315,S2-633362485,S2-213784445,S2-737805067,S3-805102523,S2-982588724,S3-849863248,S2-396385004,S2-30242438,S3-721761087,S2-601677778,S3-104763969,S2-210702579,S3-312828113,S2-870855126,S2-834729,S3-744448609,S2-721023618,S3-5280433,S2-485171350,S3-919058692,S3-923180934,S2-900738223,S2-37796004,S3-405651007,S2-334006623,S2-365794383,S3-820410195,S3-412434453,S2-271505956,S3-604998334,S2-592287673,S3-568985509,S3-138302151,S3-775300772,S3-80503101,S3-187865546,S3-301092734,S2-645330149,S3-51526742,S2-84714475,S3-66672789,S3-419956827,S2-359212203,S3-423222028,S2-303854659,S2-826845923,S3-867307446,S3-981594981,S3-609474738,S3-25767934,S3-257311499,S3-822130810,S2-323071794,S3-563440300,S2-170219232,S2-311059422,S3-998016659,S3-214260171,S2-338960565,S2-517824552,S3-497407713,S2-665381868,S3-115587691,S2-905010895,S2-631009621,S3-669914233,S2-73638823,S3-909517796,S2-957334808,S2-814417353,S3-168727532,S3-221148613,S3-744350656,S3-40439793,S2-776855122,S2-43284984,S2-451601186,S3-838278070,S2-60538009,S2-745026058,S3-29619913,S3-215199655,S2-547904670,S3-46958936,S2-848860693,S3-220101506,S3-160167643,S3-469796782,S2-799541746,S2-299685676,S2-358654608,S3-634962015,S2-440570965,S3-225243377,S3-231385884,S2-837276645,S3-662628026,S3-603419184,S2-677020928,S2-393187202,S3-486402879,S3-349679455,S3-655514684,S2-772475174,S3-540353197,S2-726690994,S2-275369766,S3-104594844,S3-510945278,S3-573100021,S2-675190133,S3-876988958,S2-656512339,S3-636596525,S3-201837476,S3-715603814,S2-726853310,S2-546092629,S3-634734805,S3-869841551,S2-932092761,S2-133942856,S3-391962962,S2-459764544,S3-417223796,S3-896915594,S3-860555773,S2-577592963
S1-977549219	S2-189517820,S2-825445187,S2-104213278,S2-109020534,S2-827297664,S2-865847068,S2-317888759,S3-484994752,S2-878176855,S3-981722488,S2-620129805,S2-356116028,S2-237976616,S3-834517174,S2-154959406,S2-111431126,S2-670162547,S2-328207475,S2-623075578,S3-281837290,S2-699612111,S2-909237042,S3-66734074,S3-391962962,S3-115570384,S3-368280605,S3-475991679,S2-736431824,S3-506312119,S3-445620641,S2-493068716,S3-97732517,S2-523440058,S3-337168943,S3-756282620,S3-103517491,S3-894713170,S3-505366286,S3-783365826,S3-302761793,S2-808163576,S2-296064086,S2-6675537,S2-285116617,S2-42376148,S2-33330290,S2-308862519,S2-718616529,S2-982665487,S2-247717236,S3-111867863,S2-419789388,S2-437394328,S3-219206801,S2-69941568,S2-547885576,S2-863026055,S3-913148143,S2-721558541,S2-436503412,S3-546731906,S3-389774963,S3-627793051,S3-314641869,S2-747110930,S2-897575310,S2-247538567,S3-376422541,S2-484906661
S1-345501851	S3-719071759,S3-385977150,S3-188040886,S3-194919938,S2-255716908,S2-466919059,S2-45308003,S2-507332275,S3-461942026,S2-812783875,S3-611352301,S2-297133466,S3-997612631,S2-421547578,S2-86917411,S3-425399540,S3-277258945,S3-8200545,S3-536569155,S3-115384135,S3-324621230,S3-478150528,S2-803068701,S3-995734768,S3-175446583,S3-366311053,S3-458082786,S2-799710062,S3-929882832,S3-654067979,S3-778860966,S2-877774009,S2-860544036,S2-930215135,S3-699855249,S3-777418870,S2-735407031,S2-284272356,S3-598392265,S2-164885954,S2-997641183,S3-950048737,S3-174735914,S3-901463641,S3-433890805,S2-209622054,S2-152132333,S2-47713163,S3-774041907,S2-333486848,S3-784664149,S3-479862471,S3-589549758,S2-285666564,S3-698622070,S2-389924615,S2-704861724,S2-883799231,S2-753713247,S2-92235637,S2-976085669,S2-821879986,S3-832420825,S2-68063245,S2-526735334,S2-912213715,S3-855090345,S3-333699711,S3-165549998,S3-935965425,S2-229203598,S2-991545286,S2-968159043,S3-449701781,S3-761081103,S2-942584049,S3-938952926,S3-744989668,S2-478128946,S3-535419935,S3-144420950,S3-263497666,S3-22321512,S2-672741465,S3-169822513,S2-767936647,S3-200210443,S2-520084907,S2-241138853,S3-31888634,S2-724263716,S2-995479403,S3-383120400,S2-598240657,S3-989598809,S3-483482627,S2-626617799,S3-755632474,S3-137797686,S3-993248149,S2-54935976,S2-387588469,S3-565159581,S2-638926005,S2-966546755,S2-952556671,S2-236079990,S3-44497553,S2-990371459,S2-779143947,S2-986433924,S3-345261156,S2-802676853,S2-248203218,S2-6110033,S3-501737551,S3-501865392,S2-189188919,S3-293099804,S2-993515161,S3-702618483,S3-580297488,S2-885184685,S3-287738726,S2-840719261,S2-878889041,S3-430108463,S3-873113499,S2-110110097,S2-593595577,S3-691478522,S2-324814113,S3-303935657,S3-752003064,S3-710134077,S2-685825527,S2-975664547,S3-655482194,S3-330930479,S3-233087378,S2-587810691,S3-526886844,S3-525190567,S2-857883407,S2-86649811,S2-974827611,S3-285673802,S2-810300100,S2-954535283,S2-120114100,S2-769062934,S3-764774108,S2-538671636,S2-322200446,S2-198047918,S2-907641246,S3-803043821,S3-412307944,S3-168581238,S2-169692904,S2-632836044,S3-418710361,S3-828645010,S2-529420923,S3-498706413,S3-954007146,S3-581397602,S3-536404801,S3-71255008,S2-775523121,S3-561839301,S3-402540896,S2-613021953,S2-276975445,S2-37967170,S3-41415156,S2-503797365,S2-321991265,S3-276253166,S3-828458114
S1-465557953	S2-290653819,S2-996977263,S2-30898608,S2-761217639,S2-972567002,S2-424359496,S2-40332786,S3-626167604,S3-881297140,S2-378555943,S3-406354298,S2-958710955,S2-422874406,S3-14760852,S3-550588490,S2-868579348,S3-395490863,S2-246459652,S3-527043431,S3-778471399,S2-313055578,S2-917401681,S3-443822499,S2-303695938,S3-72144773,S2-508597312,S3-537433886,S2-963234988,S3-414374841,S2-310804930,S2-644849827,S3-473084249,S2-321254951,S2-112751482,S2-51698332,S3-913114736,S2-208142915,S3-58297803,S3-639922012,S3-610571085,S2-844526781,S3-793981957,S2-681887579,S3-191484959,S3-664669292,S2-329191912,S2-23890139,S2-360706152,S2-673603996,S2-458816444,S3-965887878,S2-912619584,S2-938622109,S2-274390379,S2-439086559,S2-328717499,S3-768875452,S2-474006003,S3-500643393,S3-947942209,S3-26878469,S2-789354140,S2-868864783,S2-237828025,S3-709953728,S2-364933505,S2-970851563,S2-862826015,S3-235011256,S2-333241756,S2-590121371,S2-72383385,S2-826790006,S2-895992482,S3-725048828,S2-957889305,S3-308820204,S2-91814834,S2-783482660,S2-743379767,S2-862681829,S2-927486001,S3-619333649,S2-179278937,S2-322701594,S2-777926654
S1-548433616	S3-121571566,S3-667653421,S3-398571264,S3-303309486,S2-15909748,S3-352939093,S2-736816883,S3-373474436,S2-703722492,S3-244669915,S3-746567199,S2-703336521,S2-376616809,S3-990630708,S3-601999764,S2-433401086,S3-787827761,S2-375481853,S3-30786515,S3-315085318,S3-105563063,S3-511029105,S2-636169234,S2-488785607,S2-890952912,S2-717201533,S3-138003536,S2-86827443,S3-154698514,S2-626468842,S3-981293140,S3-48455465,S2-501391806,S3-329856839,S3-26486009,S3-880144487,S3-559633903,S2-599856851,S3-582130568,S3-993242977,S3-282452546,S2-152132333,S2-47713163,S3-851471320,S2-676901170,S2-887373921,S3-839243397,S2-342759219,S3-56640683,S2-869891719,S2-699224357,S2-467586224,S2-509732333,S2-293622247,S2-330344696,S2-485377927,S3-54312630,S2-898340782,S2-440135306,S2-411839535,S3-793953302,S2-450297421,S3-808217280,S3-384040157,S2-368301892,S2-385031688,S2-108897712,S2-493347723,S2-738378117,S3-549345115,S3-22321512,S2-682718478,S3-876133698,S3-366910918,S2-612069316,S2-822440226,S3-855090345,S2-542711036,S2-645886241,S3-968831883,S2-148443471,S3-148935498,S3-285673802,S3-436430522,S3-955420187,S3-924937149,S3-526886844,S3-339391778,S2-907620830,S3-699855249,S3-425805161,S3-411872979,S3-722876667,S3-44497553,S3-167188465,S2-688289355,S2-135506804,S3-871780423,S2-644806709,S2-326046453,S2-771831940,S2-462781289,S3-808651670,S2-158681675,S3-949870446,S3-631044432,S2-402786736,S3-198586129,S2-51877109,S2-400962208,S2-554757276,S2-739699756,S3-123529200,S3-957583080,S2-75676145,S3-259760329,S3-165549998,S2-932561773,S2-236079990,S3-538366786,S2-227333460,S2-706094427,S2-529420923,S3-93641732,S2-52880044,S2-668767048,S3-505470672,S3-46297314,S2-647459821,S3-141135397,S3-862089421,S2-622543504,S2-372304985,S2-614652660,S2-434035558,S2-871343207,S3-455948610,S2-950797288,S2-471032892,S2-626243373,S3-938952926,S3-774854286,S2-425292799,S2-900290439,S3-44316493,S2-964124721,S3-62706682,S2-883799231,S2-813841226,S3-728212248,S3-929474627,S2-358267895,S3-935965425,S3-919087060,S3-945445902,S2-370919988,S3-598392265,S2-351264673,S3-601197303,S3-345261156,S2-696036562,S3-39709854,S2-563798918,S3-813107422,S3-590648866,S2-952556671,S2-465451543,S3-911199416,S2-443677278,S3-63669513,S2-176998529,S3-385977150,S3-402540896,S3-917179895,S3-459650342,S3-688859974,S2-503797365,S2-589557905,S3-691478522,S3-328266873
S1-542615632	S2-190472754,S3-881591771,S2-828148866,S2-964774733,S2-279186227,S3-337733156,S2-193013091,S3-166596301,S2-697504957,S3-132255333,S3-853157811,S2-154195211,S3-627412201,S3-385274768,S2-440207111,S2-405970838,S2-507120577,S2-865200629,S2-379640831,S2-449756897,S3-439631606,S2-960008590,S2-798904240,S2-112176830,S2-127948742,S3-255577798,S2-920912982,S2-826790006,S3-88754068,S2-618047227,S3-67054621,S3-521918632,S2-957733778,S3-670123871,S2-849512498,S2-786654549,S2-233981100,S3-293401062,S3-371945677,S2-428504979,S3-283239571,S2-587461470,S2-712589867,S2-701995059,S2-238230337
S1-396150929	S3-550924563,S2-790539300,S3-833617141,S2-88909454,S3-496274860,S2-420265238,S3-46297314,S2-542159339,S3-62706682,S2-577928949,S2-463647269,S3-463278674,S2-626243373,S2-99269459,S2-209622054,S2-832266307,S2-514162097,S2-152132333,S2-218163632,S3-472606005,S2-376616809,S3-871780423,S2-532086300,S3-455948610,S3-39709854,S2-227333460,S2-676901170,S2-402786736,S3-601999764,S2-779143947,S2-768197211,S3-282452546,S2-612069316,S2-239563682,S2-668767048,S3-106710114,S3-39519674,S2-753055056,S2-938900390,S2-332225099,S3-582782794,S3-123529200,S3-877760907,S2-317895232,S3-601575799,S2-624706351,S2-699224357,S2-717201533,S2-542091612,S3-549345115,S2-696036562,S3-770434679,S3-601957828,S2-160823657,S2-807893594,S3-949870446,S2-105609096,S3-420754910,S2-440135306,S3-339391778,S3-512021301,S2-996627274,S2-529650669,S2-45308003,S3-787827761,S3-536662266,S2-964124721,S3-843774856,S2-877774009,S3-521263226,S3-876133698,S2-294874898,S2-541892897,S2-968505057,S2-685817978,S2-991019125,S2-563798918,S2-471032892,S3-579801624,S3-63669513,S2-929087667,S2-315867142,S3-828458114,S3-93641732,S2-229203598,S3-366910918,S3-994112997,S2-920233551,S3-590431601,S2-883799231,S3-924937149,S2-626617799,S3-375977098,S2-636169234,S2-986433924,S2-995479403,S3-121571566,S2-305207305,S2-159185844,S3-46368385,S2-767497774,S3-293451121,S2-703722492,S3-638107571,S3-917179895,S3-785270076,S3-617979890,S2-110110097,S3-857706497,S2-805545740,S2-822440226,S2-145829759,S2-493347723,S3-379249152,S3-993242977,S2-706926029,S2-984363671,S3-524457791,S3-635233959,S3-410173196,S2-322738002,S2-35203261,S2-622543504,S3-26486009,S2-350216748,S3-48455465,S3-873113499,S3-569016440,S2-330344696,S2-336613474,S3-363629254,S2-921322396,S3-898485943,S3-744251626,S3-152643787,S2-340833633,S3-836930547,S3-776238049,S3-653666751,S2-804871649,S3-938952926,S2-488785607,S2-121889451,S3-566612737,S2-409072219,S2-950797288,S2-532908725,S3-328266873,S2-602331422,S2-154323784,S2-294315780,S3-559633903,S3-138003536,S3-511029105,S2-34486026,S3-156752988,S2-979851527,S2-14624358,S3-430108463,S3-398571264,S3-953874934,S3-107273061,S2-82265292,S3-198586129,S2-485377927,S3-705641396,S3-276253166,S3-588598924,S3-176468375,S2-509732333,S2-703336521,S2-900290439,S3-839243397,S3-727749384,S3-160776850,S2-135506804,S3-501865392,S2-652100491,S2-883609516,S2-20798878
S1-370806262	S2-225523996,S3-16796141,S2-548838413,S2-96434840,S2-116249921,S3-129365768,S3-221148613,S3-254508175,S2-383876604,S2-631872543,S2-189699599,S2-428112890,S2-516716998,S3-121331092,S2-777634239,S3-69104850,S3-964552018,S2-881286121,S3-137657041,S2-740152194,S2-435555362,S2-148997423,S3-975101474,S3-586174498,S3-854118341,S2-27616304,S3-900504399,S2-336515076,S2-294534396,S3-511611491,S3-273727003,S2-911400517,S3-436210043,S3-746116324,S2-12081089,S3-834525045,S3-541392451,S2-476027171,S3-118288653,S3-936888058,S2-693498542,S3-935057919,S3-907435439,S3-452095797,S2-143149756,S2-641936803,S3-6341900
S1-149784022	S3-695884855,S2-591772545,S3-15510876,S2-196920047,S3-142358078,S2-918100716,S2-59928467,S2-362279406,S2-696527839,S2-679780045,S2-277278938,S3-630495372,S2-580545143,S2-257520714,S2-930797634,S2-566513871,S2-665596445,S2-703109,S2-66354294,S2-403418007,S2-11497933,S3-501171061,S3-656173093,S2-61621772,S2-777077135,S3-110318219,S2-808622506,S3-156578145,S2-521349456,S2-414199993,S2-961212022,S3-779448703,S3-550991155,S3-681673434,S2-259456984,S3-721365453,S2-51698332,S2-258426119,S2-549256796,S3-564078932,S2-169043051,S2-591678570,S3-162626400,S2-317899437,S2-826961716,S2-825823361,S2-628343401,S2-475339542,S2-966504770,S2-264929965,S3-164158212,S2-165654299,S2-999160338,S3-884971897,S2-934068634,S3-110716107,S2-801869379,S2-747996032,S3-303357574,S2-598722516,S3-723063881,S2-312967624,S2-160086084,S2-858067581,S3-967219049,S3-403935747,S3-859706175,S3-82004889,S2-473526966,S3-77307959,S2-86137182,S3-83255707,S2-505366392,S2-521369090,S3-42140470,S3-271742141,S3-508259192,S3-253245571,S3-714863745,S2-949751755,S2-269300058,S3-606536333,S2-554160167,S2-966381947,S3-792967316,S3-967820082,S2-260087477,S3-462180,S3-902376646,S3-714646271,S2-96616593,S2-243864603,S2-761225909,S3-512479887,S2-808657739,S3-21945435,S2-990176332,S3-68377394,S3-623455375,S3-519494265,S2-186906745,S3-568445343,S2-314240782,S3-576854898,S3-941863098,S3-211292677,S3-448923894,S3-317735431,S3-342569552,S2-442287985,S3-839302986,S3-473099178,S3-527660042,S3-456576454,S3-758344841,S3-789077603,S2-149733032,S3-481564248,S2-663377184,S2-750187901,S3-714059794,S2-456514313,S3-477330409,S3-79744483,S2-177051208,S3-18437991,S3-240224037,S2-702484988,S2-230614579,S3-138246490,S3-628693939,S2-444088434,S3-770235967,S2-204964383,S2-966199289,S3-582942873,S2-748871298,S3-708263433,S3-277459427,S3-919291751,S2-26522100,S3-983828506,S3-257069189,S2-157970919,S3-307805307,S3-50455750,S3-173781392,S3-733871528,S2-647103935,S2-433552537,S2-79119803,S2-23639687,S3-428644497,S2-909246229,S3-799885530,S2-833902684,S2-874896372,S3-661764720,S2-164086915,S3-464450922,S2-834112614,S3-100600796,S3-229963061,S3-363970206,S3-443227919,S3-209848207,S3-487257249,S3-484766274,S3-349820375,S3-693054587,S2-4794145,S3-269556716,S3-579558007,S2-384114445,S3-109666861,S3-653482327,S2-557432874,S3-317800467,S2-95427785,S2-418771788
S1-208197675	S2-186023919,S2-926500371,S2-195407315,S3-86046848,S3-446353128,S3-34169870,S2-565874159,S3-7072951,S3-948095170,S2-146545453,S2-254766595,S3-221586001,S2-987155618,S3-507817466,S2-386176405,S3-485350669,S2-430858827,S2-67577631,S3-173398261,S2-529996698,S3-446914696,S2-608424279,S2-99502048,S3-250223854,S3-483595398,S3-638041145,S3-43789980,S2-461853888,S3-641758179,S2-824871984,S2-396608240,S3-836007149,S2-209057821,S2-676593745,S3-759627968,S3-192679481,S2-292356297,S2-944747002,S3-5071958,S2-506200563,S2-947478812,S3-584685670,S3-151671136,S2-673373120,S3-760457356,S2-572250288,S3-38878462,S2-380045723,S3-424465372,S3-524210130,S3-502760536,S3-345683665,S2-852376738,S3-329806371,S2-17853482,S2-225292775,S3-735920022,S2-876424009,S3-71174119,S2-945369040,S3-632373455,S3-621019792,S2-981194132,S3-56295844,S2-588898157,S2-782532258,S3-393675543,S2-378099609,S3-314476048,S3-246561621,S3-728718478,S3-369958430,S3-533167973,S3-166087036,S2-203310932,S3-459504061,S3-676667152,S3-272927956,S3-986601547,S2-689478309,S2-334939365,S2-246658981,S2-661994790,S2-829192964,S2-965873837,S2-938060710,S2-632263059,S3-234192726,S3-246690251,S3-948983945,S2-504898565,S3-703086048,S3-924326168,S2-794133523,S3-561303212,S2-499752072,S3-423541227,S3-762503099,S2-523198202,S2-871779147,S2-420350455,S2-85749858,S2-628882694,S2-765604709,S2-33546223,S3-166630604,S2-586191372,S2-243893257,S2-224703642,S2-674525362,S2-349816622,S2-108422593,S3-543073000,S2-110979820,S2-192485522,S2-92919301,S3-267833484,S3-947130259,S3-789680995,S2-931406433,S3-806533052,S2-900800434,S3-347905583,S3-366635248,S3-243272870,S3-42105685,S3-370642320,S3-816404328,S3-539879357,S2-274278575,S3-957191648,S2-502903172,S2-450022889,S2-399183101,S3-51310032,S2-926593422,S2-42099762,S2-739001878,S2-788342534,S3-861092717,S3-380454276,S2-546397105,S3-718322405,S3-441511023,S2-604193919,S2-74912632,S2-257887414,S2-542568485,S3-832695553,S2-625386453,S3-958955314,S2-772184038,S3-444273036,S3-183456504,S2-723489515,S3-592645237,S3-517431260,S3-494274569,S2-856979001,S2-560032829,S2-888312086,S3-417579311,S3-387145228,S3-349827691,S2-46119598,S2-931565101,S2-381962060,S3-720050661,S3-35031835,S3-467050341,S3-461525971,S2-452429340,S3-250625656,S3-518971181,S2-525880026,S3-540076328,S2-442077020,S3-303357574,S3-355917700,S2-156968585
S1-621024	S2-220760233,S2-146697526,S2-254482649,S2-14750601,S2-125262185,S2-450774271,S2-76793383,S3-935466563,S2-358227294,S2-56987149,S2-616562020,S2-500705046,S2-544808894,S2-136324130,S3-837771503,S2-666645917,S2-195266816,S2-676006663,S2-345662401,S2-339209718,S2-193827252,S2-458691696,S2-524167502,S2-751681252,S3-231860842,S3-244744983,S2-769911998,S3-617120387,S3-599369858,S3-881311710,S2-559554752,S2-577198778,S2-11116451,S3-274864221,S2-552480060,S2-8440192,S2-834729,S2-357510620,S3-496956900,S3-437591401,S3-452364903,S2-346390360,S2-980384882,S2-827839373,S3-409951743,S3-697130859,S2-526628392,S2-461548158,S3-700938192,S3-327211954,S2-648554709,S2-164515021,S3-76581442,S2-11428451,S3-85255275,S3-663714712,S3-639166971,S2-358522051,S3-797381132,S3-116091986,S3-348194521,S3-643296529,S2-286462931,S3-887174083,S3-628623555,S3-956320029,S3-123806671,S3-753673995,S3-683936956,S2-631921723,S3-429399506,S3-593023360,S2-370752613,S2-124950306,S3-943929303,S3-589336735,S3-258789566,S3-41665592,S3-800884602,S3-628217827,S3-405561775,S3-715865669,S2-584226770,S3-220293805,S2-666316775,S3-100363030,S2-747592620,S3-133660041,S3-932725703,S3-733871528,S2-155102922,S3-280041814,S2-148622220,S3-635835046,S3-962932830,S2-55014600,S3-510680024
S1-479716586	S3-850776157,S3-36753388,S2-906218141,S2-90557258,S3-583496119,S2-991117009,S2-510434636,S3-354580740,S2-77279760,S3-477576886,S3-718504937,S2-921296767,S3-500214791,S3-928813841,S3-901124749,S3-371049914,S2-866276574,S3-484566800,S3-316852993,S3-751725133,S2-603137073,S2-379356714,S2-865500418,S2-23878331,S2-967688074,S2-823497950,S3-749494147,S3-13487981,S2-781973860,S2-256407354,S2-888219762,S2-746484928,S2-172339003,S3-628917408,S2-681271230,S2-768679434,S2-681261480,S2-700356863,S2-96163213,S3-817031927,S2-240657119,S3-13639697,S2-643036049,S3-627410971,S3-270946423,S2-312265722,S2-304989017,S2-664828053,S3-311404174,S2-775786467,S3-653894733,S2-80734166,S3-318015471,S2-594388053,S3-832486843,S2-634942099,S3-15007298,S3-555465629,S3-545520685,S3-694625837,S2-746474032,S2-447375514,S2-944704355,S3-664710868,S3-51420235,S3-288471607,S2-141279511,S2-801172352,S3-807570078,S3-676274168,S3-663026748,S2-738298889,S2-988029522,S3-616092059,S2-142313940,S2-618328454,S2-703516110,S3-182136560,S3-816929477,S2-844003614,S3-813639175,S3-716805174,S2-790354406,S2-872953423,S2-769123206,S2-690552129,S3-514166056,S2-511302328,S3-534066918,S2-103762621,S2-677424766,S2-948894912,S2-665911660,S3-404195659,S2-603597059,S2-499505081,S3-984823715,S3-882581569,S2-941761654,S3-380960610,S2-25484276,S3-303418827,S2-332503571,S2-868329380,S2-811474803,S2-757534042,S2-716695476,S2-547594988,S2-45554371,S2-602405925,S3-282854709,S2-411773002,S2-609112356,S2-947038284,S3-342752882,S2-266592280,S3-596909294,S2-16747749,S2-175442173,S3-162626400,S3-687245749,S2-809690243,S3-809196284,S2-921336504,S2-269019010,S3-459538515,S2-269699057,S2-919239980,S3-919291751,S2-879587855,S2-621663546,S2-562185797,S2-97367999,S2-496306318,S3-594606930,S3-713832596,S3-978534496,S2-291827529,S3-930549522,S2-752642519,S3-446150633,S2-143610967,S2-240825627,S3-209149968,S3-814005410,S2-298774133,S2-719478968,S2-568389938,S3-864402191,S3-347519927,S3-214982367,S2-316927869,S2-756552190,S2-609923135,S2-476027171,S3-207394243,S3-71583866,S2-763844164,S2-795371733,S2-267924925,S3-463326544,S3-467616579,S3-22195037,S2-913170244,S2-753395262,S3-707227394,S3-294478134,S3-422815078,S2-703109,S3-578011415,S2-876933047,S3-195050151,S3-426617067,S2-983169183,S2-551914381,S2-841071717,S2-765239042,S3-241526590,S2-940494273,S2-395256796
S1-73366741	S3-3331620,S3-812853393,S2-217766315,S3-695336911,S3-266959944,S3-423541227,S3-983571439,S3-908996282,S3-963949511,S3-355241663,S3-653123971,S3-732416048,S3-931358398,S3-316307606,S2-192485522,S2-902996327,S3-519600906,S3-777388537,S3-352825217,S2-509203078,S3-898544362,S2-892099405,S3-153918356,S3-960416326,S3-889969441,S2-310203673,S3-573721806,S3-943285065,S3-104905044,S2-959823673,S3-132269019,S3-21639446,S3-326588352,S3-325261411,S3-912504688,S3-272245831,S3-893818826,S2-680390565,S2-745197573,S3-796017641,S3-898344342,S3-237542653,S3-894054651,S3-565415624,S3-455972381,S2-110180281,S2-368383825,S2-720850258,S3-19893372,S2-392587514,S3-57675566,S3-239374760,S3-271028931,S3-812705094,S3-495079847,S2-347626877,S3-632568381,S3-528367030,S3-232783280,S3-202659366,S3-120893170,S3-277979310,S3-613662854,S3-405836558,S3-406000210,S3-500519667,S2-371947738,S2-825708379,S3-456730919,S3-924470597,S3-399526928,S2-17853482,S3-283784521,S3-986601547,S3-986560205,S2-967038518,S3-781645425,S3-521241081,S3-729943632,S3-986333913,S3-375357482,S3-171332589,S3-501670567,S2-149525035,S3-206378351,S3-659876366,S3-533215747,S3-10445894,S3-149138134,S3-402638321,S3-454284148,S3-63442593,S3-984576001,S3-556823884,S2-401536120,S3-706989830,S2-477732440,S3-518579107,S3-100407896,S3-202539585,S3-999358771,S3-890873020,S3-517431260,S2-429190741,S2-876628765,S3-380523986,S3-871865896,S3-642532437,S3-477842127,S2-16197483,S3-166087036,S3-552226150,S3-179099570,S2-789823337,S3-803086345,S3-915826424,S2-744877556,S3-751259595,S3-939467801,S2-858014574,S3-118955015,S2-463547523,S3-288476084,S3-744282262,S2-365954141,S3-884473350,S3-135009024,S3-393675543,S3-177391666,S3-849703157,S3-838137074,S2-358238909,S2-149519174,S3-683881642,S3-435610479,S3-596225469,S3-55982890,S2-37613343,S3-707199302,S3-702105679,S2-389529206,S3-791629884,S3-875498002,S3-270197670,S2-649300155,S3-648964505,S3-149955130,S3-393771992,S3-114352248,S3-349827691,S3-95114435,S3-843493474,S2-350628155,S3-212565493,S3-559935852,S3-2716954,S2-363102383,S3-857251698,S3-258295008,S3-907162129,S3-740556230,S3-107808344,S3-496250177,S3-117575529,S3-797869398,S3-301727539,S3-159217161,S2-427649642,S2-444178224,S2-81791890,S3-419885666,S3-835801910,S3-436168089,S3-521291246,S3-723755908,S3-51353956,S3-507220241,S2-156292022,S2-498710588,S2-892595209
S1-866981273	S3-152237161,S3-603396434,S3-285932660,S2-656847334,S3-533444652,S3-178844943,S2-515181005,S2-49928487,S3-380113570,S3-474993429,S3-746706865,S2-332323044,S3-183306923,S3-707975752,S2-764631357,S3-659641451,S2-577766410,S3-663713076,S2-266834478,S2-698031192,S2-648482918,S2-248990703,S3-666251648,S2-806762820,S2-491216315,S2-210463649,S3-52135253,S3-900855574,S3-338570212,S2-838965028,S3-447049391,S2-708352519,S3-435621471,S2-713917441,S3-621176125,S3-295940731,S3-637863157,S3-710047633,S2-585814609,S2-794896485,S2-754042431,S3-83190233,S2-972427766,S2-700426501,S2-395526553,S3-693443949,S3-427563272,S3-878497266,S3-273447443,S2-300023280,S2-247111633,S2-90525253,S2-162313890,S2-202780243,S3-832716507,S2-625514403,S3-349002800,S3-589754984,S2-619042771,S3-358324797,S3-294208174,S2-459732868,S3-190783433,S2-50658187,S2-455365283,S2-679793703,S2-304641664,S2-921226399,S2-905556952,S2-292148648,S2-225081152,S3-710428159,S2-556607231,S3-24235415,S2-517795580,S3-576674961,S3-244869011,S2-690789382,S2-106748507,S2-743560781,S2-891600450,S2-797485496,S2-630814420,S2-27551262,S2-282438442,S2-201278101,S2-174540338,S3-581743070,S3-24411651,S2-204791634,S2-394889172,S2-850880543,S3-912149080,S3-485807924,S3-72264948,S2-650902683,S2-589707810,S2-235470060,S2-169145721,S3-858273781,S3-790981249,S2-48932828,S3-924470597,S2-898655795,S2-303486472,S3-282022756,S2-1658297,S3-870071374,S2-576080264,S3-952821817,S3-495671727,S3-743568351,S3-587508262,S2-756606388,S3-622208643,S2-993717881,S2-992019566,S2-779126712,S2-797486314,S3-111737256,S2-588330548,S2-505443158,S2-604893428,S2-788938628,S2-196065955,S2-321268773,S2-460240086,S2-921691864,S2-79289231,S2-25021791,S2-698823134,S2-42312843,S2-171400053,S2-983698013,S2-475128670,S2-701644210,S2-149651535,S2-389662181,S2-669890986,S2-972274190,S2-842628309,S2-315218684,S2-860330134,S2-701073096,S3-756215483,S2-702406468,S2-663705718,S2-74113576,S2-226172968,S2-564453148,S2-339559877,S2-611295858,S2-315674644,S2-4076361
S1-48247433	S3-938255604,S3-474091906,S2-161216151,S3-799623273,S3-425235174,S3-48022588,S2-749767213,S2-511146838,S2-905140197,S3-934906447,S2-499940885,S3-964940556,S3-538771990,S3-764685422,S2-770440361,S3-159838340,S3-705509347,S2-266678156,S3-948744412,S3-812683521,S2-569403337,S2-659129650,S2-637933560,S3-493975135,S2-592851948,S2-173292909,S2-794588006,S2-147569332,S3-184586207,S3-427393412,S3-3918535,S3-826525106,S2-885262530,S2-450143041,S2-275873069,S2-154654755,S3-476700634,S3-851874416,S2-144521339,S3-249769709,S2-219126670,S2-147785279,S2-530971213,S3-148220805,S2-881978571,S2-319574525,S2-120300748,S2-552587599,S2-200540246,S2-809050068,S2-164358904
S1-139090022	S2-889243203,S3-651954141,S3-723736397,S2-303037664,S3-360380843,S2-415897985,S2-268875373,S2-317822683,S3-652287374,S3-167591681,S2-211048574,S2-103221007,S2-945687659,S3-896331791,S3-109415205,S2-58323966,S3-46929237,S3-15156962,S2-20839428,S2-207998815,S2-940366297,S3-878582479,S2-178387107,S2-715977310,S2-853829547,S2-543519668,S2-482865294,S2-735616289,S2-620867050,S3-944904174,S2-454437824,S2-79627178,S3-94808889,S2-546154473,S3-639721472,S3-122352388,S3-726988253,S2-658263835,S3-877095205,S3-239578169,S3-866741477,S2-197062539,S3-506949622,S3-942003393,S2-951961479,S3-749747810,S3-764860937,S3-765884018,S2-355656005,S3-396374546,S3-585724487,S2-412882978,S3-329012794,S3-47729253,S3-529508487,S3-536172089,S2-427637832,S2-9185162,S2-338375951,S2-823448172,S3-717850458,S3-606644265,S3-898978073,S3-637383939,S3-311070884,S3-913001162,S3-855205222,S3-531724372,S3-44106607,S3-277730934,S2-530603237,S3-747274804,S3-490274047,S2-110582342,S2-617399739,S3-961421742,S3-99765624,S3-275341654,S2-378018206,S2-887959244,S3-695591310,S3-629256241,S3-397794428,S3-676233177,S3-597425555,S2-240363643,S3-222409983,S3-510958232,S2-786582431,S2-502297281,S3-739497989,S3-88134182,S2-698502526,S2-555109544,S2-208306199,S3-698637631,S3-930168298,S3-819001322,S3-719154835,S3-259402162,S2-762964930,S3-347087196,S3-482372234,S3-607162390,S3-658531399,S3-233259820,S3-211765941,S2-404433856,S3-58604367,S2-315210913,S2-230479372,S3-537068132,S2-372606362,S2-100444556,S2-496121735,S3-947771067,S3-24171086,S3-257516229,S3-172611700,S2-546397105,S3-52817413,S3-273925251,S3-85598318,S3-601727587,S2-183629486,S2-420303113,S3-573972920,S2-386326864,S2-898765121,S3-864359294,S2-355352021,S3-370180554,S2-465366653,S3-182255980,S3-982075232,S3-265046531,S3-700545098,S3-217039093,S3-227058133,S3-338880909,S3-448378941,S3-683618494,S3-276163495,S3-260481606,S3-489855669,S3-327433341,S3-193036878,S2-824282783,S3-889832691,S3-115737972,S3-838377508,S2-479203488,S2-643336283,S3-448278355,S3-329140084,S2-474475305,S2-406545673,S3-851191725,S2-969257156,S2-665119342,S3-501608952,S2-591458591,S3-838416743,S2-748301307,S3-219828189,S3-555830574,S3-493473857,S3-315427726,S3-975084483,S3-573264347,S3-248069857,S2-842591531,S2-817424023,S3-34137359,S3-723550099,S3-260727184,S2-831488886,S3-388981527,S2-416755751,S3-404825213
S1-503254241	S3-795691256,S3-914499665,S3-822074685,S2-162945861,S3-639090471,S3-207523924,S3-535655795,S2-364825033,S2-767124640,S2-63560540,S2-608659537,S2-220152592,S3-863462268,S2-151979427,S2-797876474,S3-240733649,S2-760650160,S3-936457764,S2-86697611,S2-951492245,S2-390534351,S2-316412535,S2-836257905,S2-462271583,S3-730526549,S2-158678843,S2-332723605,S2-744863241,S2-439495552,S2-405294229,S3-501171061,S2-545034583,S3-937377640,S3-266022739,S2-317425164,S3-861851872,S3-317601970,S3-452003789,S3-815732391,S3-644533135,S2-327292904,S2-354130409,S2-783043816,S2-986617636,S2-442492352,S2-258923421,S2-314102783,S3-473329233,S2-19533251,S2-383220842,S3-237661985,S2-470202940,S2-514593415,S2-458668894,S2-575025324,S2-519431803,S2-748449054,S2-267112456,S2-791177849,S2-961901213,S3-786118042,S3-379146773,S2-293830644,S2-862367208,S2-522377123,S3-234739408,S2-949083237,S2-129120246,S3-188434105,S2-244442170,S3-966662001,S3-849863248,S3-40439793,S2-864996509,S2-239085290,S2-199503780,S2-905010895,S2-799535785,S2-830021095,S2-848305466,S2-516652544,S3-719300067,S3-365591047,S3-399534449,S2-399461760,S2-358106953,S2-304215388,S3-68377394,S2-806567657,S2-955226207,S3-646347099,S2-21238256,S3-456611956,S2-756492572,S2-957661130,S2-903046871,S2-970594007,S3-140865666,S2-305368374,S2-8810066,S3-394633347,S3-695524551,S2-304949016,S2-682299951,S2-303165999,S2-652780677,S2-264055037,S3-317165971,S3-33051222,S2-623817751,S3-228357321,S2-372153637,S2-951151260,S3-328218942,S2-176315751,S3-940275442,S2-249750800,S3-657048118,S2-333791264,S2-907487425,S2-259147670,S2-334946317,S3-913954464,S3-524024627,S3-862685733,S2-88291232,S3-967504921,S2-454149306,S2-62965176,S3-138192687,S2-885344148,S3-360310067,S3-410910620,S2-626414922,S2-143488559,S3-295651239,S3-735164029,S2-673841204,S2-318808106,S3-393821830,S2-493814760,S2-800983404,S2-906633662,S3-349608235,S3-650321201,S2-674368146,S3-600704329,S3-863151122,S2-552214480,S3-315844937,S3-176019746,S2-462933950,S2-736367852,S3-389868991,S3-16882904,S2-699612111,S3-658540966,S2-71384028,S3-557439523,S2-793358509,S2-635331091,S3-820273363,S3-402077562,S3-702362218,S2-427066555,S3-73601695,S3-892923777,S3-99733471,S3-678576160,S3-857176159,S3-271312351,S2-332785928,S2-606117113,S2-539982999,S2-469878318,S3-268210987,S2-424973236,S2-97367999,S2-334229645,S2-563535225
S1-102847291	S2-367560858,S2-430551753,S2-552587599,S2-708749034,S2-495547562,S2-155547755,S2-565874159,S2-49069229,S2-513577693,S2-321308609,S2-256556343,S3-709143663,S2-193151395,S2-889883466,S2-601268574,S2-767997013,S2-213810992,S2-297983449,S2-980147149,S2-362270885,S2-832431900,S3-596342265,S2-380626272,S2-151514660,S2-166204215,S3-599948863,S2-984783037,S3-733757981,S2-450374429,S3-573023849,S2-735945462,S3-216482370,S2-530603237,S3-64110685,S3-374616952,S2-439211137,S2-853340368,S2-480685367,S2-143004935,S2-41216917,S2-632838411,S3-845445184,S3-194882242,S2-9239069,S3-894829659,S2-706271348,S2-174362778,S2-549867529,S3-106837574,S2-722548684,S3-328857929,S3-362912785,S3-958755935,S2-826034253,S3-193324646,S2-685165779,S3-273800636,S2-287693608,S2-977360078,S3-683568308,S3-28467325,S2-761988521,S3-844179298,S3-427942676,S2-251426537,S2-754579364,S2-149519174,S2-911312911,S2-950170744,S2-887959244,S2-894491577,S3-661669815,S2-52228927,S2-324335779,S2-696077581,S2-113879845,S3-327098099,S2-92717447,S2-443193800,S3-764744632,S2-219223249,S3-403157704,S3-926900487,S2-554383903,S3-480162512,S2-384450374,S3-352825217,S3-230196038,S3-319178417,S2-635214615,S2-249672052,S3-569970438,S2-92929203,S2-716718650,S2-772019937,S2-555109544,S2-167574210,S2-894177454,S2-965265670,S3-655711266,S2-259406265,S2-69648403,S3-177189137,S2-557796585,S3-928753653,S3-815951987,S3-900261473,S3-208758268,S2-882848533,S3-89499194,S3-999358771,S2-837182380,S3-447440366,S2-777285682,S2-796153176,S2-782765375,S2-245650715,S2-603448716,S3-140599439,S2-5009845,S3-709953728,S3-152632558,S2-821717552,S3-328729045,S3-936114747,S2-685396460,S2-599628293,S2-616524549,S3-296383140,S2-674051837,S2-260757931,S3-278759204,S3-332300293,S3-495269610,S3-790192866,S2-480897317,S3-986155738,S3-938198076,S2-280566325,S2-270743332,S2-187909971,S3-504771088,S2-213780045,S2-126915805,S2-125475310,S2-35980965,S2-147905665,S3-363193469,S3-565921020,S2-95770597,S2-656028799,S2-996027273,S2-960740219,S3-469990421,S2-121933134,S3-173398261,S2-822636700,S3-508963678,S2-668435606,S3-359754423,S2-954244736,S3-896331791,S2-189048601,S2-211440621,S3-605354562,S2-27727592,S3-266018996,S2-841642984,S2-990787030,S2-313125422,S2-522132365,S2-620762671,S2-236736296,S2-656847334,S3-580674186,S2-418861086,S3-153415537,S2-683333618,S2-675955548,S3-203221637
S1-619110488	S2-826608782,S2-620563082,S3-529508487,S2-214168322,S3-720541399,S2-443193800,S3-696289242,S3-88134182,S2-580120846,S2-658886344,S3-577568004,S3-913001162,S2-664862069,S3-99765624,S3-307502694,S3-343086866,S2-411184767,S3-10304122,S2-923247863,S3-709743023,S3-262391985,S3-942013826,S3-438853019,S3-347016223,S2-414932149,S3-851191725,S2-24051814,S2-858333831,S2-257465062,S2-369987552,S3-985578003,S3-870867359,S2-625514403,S2-517795580,S2-124520124,S3-498143635,S3-7040103,S3-276163495,S2-603906633,S2-363645478,S3-4950684,S2-170093210,S3-331435880,S3-109796435,S2-765689508,S3-59526587,S3-455930990,S2-187816483,S3-906363168,S3-361491851,S3-416264942,S3-265046531,S3-266279756,S2-227859050,S2-823976661,S3-327433341,S2-615516107,S3-278246767,S3-956798263,S2-856755171,S2-893014552,S2-902964115,S2-743952688,S3-361969031,S2-920641018,S2-610946658,S3-763889125,S2-735326173,S2-517642599,S2-685966414,S3-231195525,S2-277600738,S2-78968709,S2-416755751,S3-64680692,S2-591945540,S3-803970290,S3-194368415,S3-686467773,S2-268243483,S3-918041848,S2-672669670,S3-940132125,S2-823448172,S3-990879946,S3-388981527,S3-589128822,S3-639721472,S2-819205378,S3-351490610,S2-293647776,S3-319055279,S3-505566242,S3-744534944,S2-107469995,S3-68582916,S2-554304764,S2-787861634,S2-853829547,S3-402255846,S3-723736397,S3-646961045,S2-238610421,S3-665860644,S3-277730934,S3-541202081,S3-299608809,S3-144784336,S2-518722789,S2-775857815,S3-259140325,S2-826672190,S2-134852758,S3-234991821,S3-553487261,S3-741540351,S2-20824015,S2-685938318,S3-837701475,S3-649678886,S2-665119342,S2-319967348,S2-742203912,S2-34583687,S3-94808889,S2-970761365,S3-601727587,S3-260481606,S2-36445564,S2-966079570,S2-94145774,S2-954061901,S3-944904174,S3-610839231,S3-121588968,S2-337389098,S3-151248006,S2-149726747,S3-747274804,S3-845445184,S3-663063216,S3-545141123,S3-604688013,S2-159239124,S2-905753107,S3-695367368,S3-898978073,S3-293216569,S3-855205222,S3-540624777,S2-236077202,S2-355352021,S2-246685020,S3-219828189,S3-838377508,S3-949571882,S3-878582479,S2-189052501,S2-738661191,S3-231069738,S3-501608952,S3-555195713,S3-407999834,S2-187871077,S3-315427726,S3-506949622,S2-968004629,S3-700545098,S3-368305231,S3-456365102,S2-974237503,S3-450348486,S2-763119929,S2-31222911,S3-269283294,S2-362079222,S3-19974179,S2-964338893,S3-470707524,S2-208306199
S1-623031914	S3-918975360,S3-2260213,S3-481581345,S2-168027925,S2-530433656,S3-384743458,S3-691294985,S3-16096472,S2-409654666,S2-782078221,S2-402525290,S3-700671201,S2-369634827,S3-16180815,S2-13869945,S2-230166184,S2-875063830,S3-845110015,S2-299149415,S2-544808894,S3-890557317,S3-400272798,S2-752642519,S2-877531568,S2-641573538,S2-196262364,S3-658540966,S3-62237303,S2-630659614,S3-140491934,S3-947418479,S3-818516407,S2-520641242,S3-291251084,S2-158865015,S2-537111308,S3-456867771,S2-297606203,S2-164238912,S2-17479886,S2-647722713,S3-995896418,S3-473084249,S3-977131787,S2-862046162,S3-994258368
S1-215270294	S3-499234511,S3-172277130,S3-557016568,S2-786123845,S2-400186470,S2-562185797,S2-818299765,S2-906218141,S3-174593595,S3-9588560,S3-201635373,S3-861851872,S3-455517686,S3-354772939,S2-592319241,S2-144304702,S2-859991791,S3-709667218,S3-971460215,S3-13639697,S2-11748354,S3-312750452,S3-663026748,S3-148974528,S2-134189268,S2-463134710,S3-315661495,S3-173981567,S2-316412535,S2-686236213,S2-535368070,S2-936264037,S3-565843276,S2-959489188,S2-775786467,S2-677418029,S2-940494273,S3-949088497,S3-69221188,S2-534980977,S3-530031272,S3-716805174,S2-30681866,S2-972467267,S3-572130571,S2-615009478,S3-350145046,S2-198931605,S2-630111107,S2-911061406,S2-841559379,S2-809665812,S3-433821912,S2-857724735,S3-342752882,S3-254258571,S2-701170872,S3-232673356,S3-463326544,S2-995219531,S2-664828053,S2-609112356,S2-695784416,S3-433245057,S2-969149183,S3-476845641,S3-431738670,S2-887783351,S2-966199289,S3-40203460,S2-56939673,S2-532708976,S3-951874330,S2-240825627,S2-499383307,S3-393441582,S3-676467238,S2-643036049,S3-906176808,S3-578011415,S2-447375514,S3-863960483,S2-357180028,S2-829314901,S3-375363933,S3-426617067,S2-390204019,S3-857392225,S2-752642519,S2-115258774,S3-537932752,S3-977507533,S2-143610967,S3-583737131,S2-239085290,S3-311404174,S3-245675405,S2-283233683,S2-657007862,S2-80734166,S3-334857772,S3-339861528,S3-998808880,S2-602405925,S3-742356818,S2-455130179,S2-257520714,S3-846283559,S3-923888648,S2-508252114,S3-300170564,S3-318015471,S2-266263897,S3-689205987,S2-700195651,S3-15007298,S3-243506706,S3-628917408,S3-346545428,S3-485604218,S2-636553802,S3-559013133,S3-853157811,S3-115570384,S3-616092059,S2-967688074,S2-817868971,S2-316927869,S2-744597745,S2-335565564,S2-516652544,S3-903359756,S3-853925834,S2-913268296,S2-96163213,S3-596909294,S2-312265722,S3-109085630,S3-995351005,S3-425566588,S3-304803000,S3-567419654,S2-342081407,S3-185456191,S3-604715797,S3-809062234,S2-575432786,S3-279908440,S3-900274247,S3-984455002,S2-149852320,S2-45956246,S2-865500418,S2-609923135,S2-863684230,S2-402723648,S3-82993346,S2-62233060,S3-598167227,S3-910297280,S3-664710868,S2-547878739,S2-636275568,S3-477576886,S3-972894831,S2-593925303,S2-979401692,S2-164166256,S3-302818833,S3-432940469,S3-355308377,S2-404117069,S3-925928023,S2-95297084,S3-534066918,S2-700356863,S2-25484276,S3-682649779,S2-828441604,S2-760387014
S1-762005078	S3-482593179,S2-3343575,S2-859991791,S2-530227645,S3-852602832,S3-648448968,S2-708073438,S2-274169581,S2-882898819,S2-157629768,S3-725001002,S2-424721957,S3-952738461,S2-71384028,S2-323484278,S2-913268296,S2-819327020,S2-308523550,S2-854739841,S3-643174247,S3-918975851,S2-219043914,S2-134725970,S2-108854653,S2-877531568,S2-15552535,S2-277997997,S2-553274633,S2-883959541,S2-459867790,S2-754241534,S3-249598453,S3-275991136,S3-268210987,S2-853604800,S3-667030485,S2-856645080,S2-449438476,S3-655653146,S2-565744021,S3-363740187,S2-412253347,S2-106131253,S2-41168629,S2-711330118,S2-934199330,S2-143609583,S2-648711084,S2-719103760,S3-632480656,S2-476119338,S2-474133481,S2-375611524,S2-370724326,S2-510445967,S2-728248943,S2-271279318,S2-342855489,S2-814458029,S2-464953444,S2-323758989,S2-112428951,S2-348428540,S2-129998399,S2-664108852,S2-53957577,S2-960965773,S2-232401965,S2-304748460,S2-25722213,S2-815602099,S2-276683779,S2-807995040,S2-942573685,S2-142797063,S3-297336846,S2-811059804,S2-606743458
S1-983603694	S3-287426948,S3-231925916,S3-119482634,S2-225108078,S3-781645425,S3-898344342,S3-120893170,S3-943285065,S3-893818826,S2-434971297,S3-104905044,S3-573721806,S2-701942141,S3-986601547,S2-287056624,S3-206378351,S3-237542653,S3-939467801,S3-812705094,S3-533215747,S3-406000210,S3-912504688,S3-547907242,S3-57675566,S2-392587514,S2-365954141,S3-325261411,S2-573361682,S2-139731253,S3-393675543,S3-565415624,S3-812853393,S3-232783280,S3-455972381,S2-443271648,S3-95114435,S3-399526928,S3-3331620,S3-271028931,S3-402638321,S3-894054651,S3-405836558,S2-17853482,S2-341701047,S3-549298,S2-745197573,S3-55982890,S3-528367030,S2-656847334,S3-266959944,S3-117575529,S2-91709473,S3-623774631,S3-889969441,S3-423541227,S3-556823884,S3-149138134,S3-677055875,S3-683881642,S3-100407896,S2-188321945,S2-900275593,S3-272245831,S3-999358771,S3-249548916,S3-456730919,S3-29690205,S3-729943632,S2-96420541,S2-570328388,S2-756683937,S3-157902210,S2-141532298,S3-635729164,S3-871865896,S3-517431260,S3-239374760,S3-403852704,S3-613662854,S2-876628765,S3-518579107,S2-525880026,S3-135009024,S2-923247863,S3-501670567,S2-738661191,S2-329136729,S3-177391666,S3-477842127,S2-236202105,S2-325648550,S3-202539585,S3-984576001,S3-803086345,S3-986333913,S3-983571439,S3-10445894,S2-353206306,S2-711321945,S3-706989830,S3-272728798,S2-672552028,S3-54422741,S2-641944323,S2-14345892,S3-327496689,S2-358799296,S2-15576704,S3-986560205,S2-469081581,S3-380523986,S3-884473350,S3-791942362,S3-2716954,S3-355241663,S3-835801910,S3-500519667,S2-710346048,S3-642532437,S3-781549487,S3-740556230,S2-384450374,S3-702105679,S3-559935852,S3-890873020,S3-558652409,S3-707199302,S2-458619110,S2-825708379,S2-916383925,S2-14505038,S3-797869398,S2-997583588,S3-118955015,S2-480421778,S2-576058048,S3-575680850,S3-519600906,S3-651521850,S3-990182634,S2-723518012,S3-521241081,S2-970761365,S3-648964505,S2-789823337,S3-732416048,S2-819205378,S3-763423323,S3-907162129,S2-627424347,S3-924470597,S3-737566271,S3-814509727,S2-886683237,S2-599106166,S3-225544436,S2-660568756,S3-352825217,S2-149519174,S3-166087036,S2-595781661,S2-881987360,S3-19893372,S3-132269019,S3-212565493,S3-676804287,S2-576706082,S3-315248122,S2-37613343,S3-307502694,S2-788061781,S3-930259562,S3-288476084,S2-35988050,S3-989525770,S3-700365871,S3-870867359,S2-474182304,S3-390652022,S2-64310140
S1-437281614	S2-875243761,S2-193016113,S3-997532747,S2-259126930,S2-96471525,S3-26714872,S2-519042017,S2-727778987,S2-48075185,S2-439086559,S2-918011306,S2-354060049,S2-706292578,S2-935321703,S3-388787994,S2-580615251,S2-68620559,S2-369982645,S2-386724887,S3-25003552,S2-318531873,S3-553963838,S2-169184059,S3-808387247,S3-257698168,S3-906559955,S2-37377358,S3-628988476,S2-121257029,S2-459529438,S2-914338082,S2-878311927,S2-782289908,S2-530061167,S2-193164971,S2-348988483,S2-863235387,S2-428352,S2-616038866,S3-629743833,S3-640183792,S2-53137097,S2-801869379,S2-400190057,S3-188552409,S2-239300853,S3-159596483,S2-875478399,S2-901270840,S3-590285256,S3-855873197,S2-317931503,S3-699942773,S2-819778009,S2-843545353,S2-964531921,S2-884102769,S3-529423454,S3-888022216,S2-762993205,S2-824205072,S2-993314144,S2-466457038,S3-41634647,S2-89712012,S2-500783784,S2-587416163,S3-445482340,S2-155022715,S2-2576332,S3-464637790,S2-547781628,S2-240492564,S3-764805204,S2-13332745,S3-320488619,S3-92825660,S2-95948115,S2-761602964,S2-384824595,S2-416961271,S3-833419869,S3-600661330,S2-106352233,S3-740498387,S2-581847358,S2-55583631,S2-456004843,S3-728109434,S3-656277116,S2-379760088,S3-323652413,S3-244152277,S3-455747228,S2-68220240,S2-81072138,S2-89240147,S2-436717573,S3-767189601,S3-240183821,S2-673044788,S2-397622067,S2-426445572,S2-914506764,S2-817029992,S2-717068052,S2-506420819,S2-120420573,S3-889754183,S3-131325535,S3-926554650,S3-547934555,S2-484898793,S3-261144863,S2-933568743,S3-217213986,S3-744448609,S2-113385809,S3-246951384,S3-896032795,S3-739877530,S3-230789125,S2-147224246,S3-316384882,S3-295003370,S2-50245456,S2-287166350,S2-408196647,S2-865883573,S3-485993472,S2-462579313,S2-862026657,S3-256147483,S2-254339845,S3-839748736,S2-493403266,S2-584712129,S2-403086690,S3-192299544,S3-182217419,S3-180631905,S2-446986156,S2-659493002,S3-925442843,S3-770412976,S3-583379566,S2-774203780,S3-674330070,S3-655452002,S3-510427551,S2-217238999,S2-835386493,S2-602837161,S3-192316447,S3-955220086,S3-208763638,S3-108108353,S3-261935637,S3-314780629,S2-555361369,S3-94009550,S3-432406191,S2-804632740,S3-138302151,S2-988253185,S3-371584639,S3-470780387,S2-117178476,S3-641623418,S3-181410580,S3-363098675,S3-985811237,S3-579384604,S3-319252793,S3-592276667,S2-114749631,S3-694329796,S2-878103105,S2-1029327,S3-715639921
S1-590781135	S2-106040943,S2-44213517,S2-856849135,S2-476476786,S2-395691474,S2-499069955,S3-314641869,S3-60718083,S3-384691630,S2-344859265,S2-242923983,S2-146965209,S2-592287673,S2-137180602,S2-617870647,S2-59928467,S2-56956763,S2-641777383,S2-468126214,S3-249887265,S2-828441604,S2-86364011,S3-965887878,S3-749530185,S2-334430611,S2-366167363,S2-781158896,S2-840686664,S3-181320509,S2-342592766,S3-54640600,S3-639922012,S3-188056575,S3-976515721,S2-548595180,S2-35417317,S2-563795915,S2-266529850,S2-233856132,S3-991688928,S3-181496523,S2-539204540,S3-186643937,S2-467970417,S3-783301163,S2-655877016,S2-704326493,S2-781907119,S2-669021064,S3-495753831,S2-857944178,S3-89826986,S2-816393452,S2-26734655,S2-306337777,S2-908085597,S2-53892054,S2-935722012,S3-905083815,S2-435107693,S2-914112663,S2-865224901,S2-893763848,S2-611831956,S3-554761721,S2-234723828,S3-168110332,S2-983744163,S2-51246152,S2-488953155,S2-546106962,S3-29108938,S3-346903032,S2-583840796,S3-322533155,S2-90648449,S3-544605042,S2-781821621,S2-387219003,S3-936817038
S1-423414451	S2-252609435,S2-42099762,S2-838842124,S2-17716920,S2-946764664,S2-29982663,S2-236502124,S2-497699182,S2-912005579,S2-855640544,S2-288592732,S2-685165779,S2-2641867,S2-549867529,S2-444136731,S2-558100469,S2-574865421,S2-242588199,S2-389013354,S2-928633630,S2-809446796,S2-63006362,S2-696077581,S2-409018201,S2-710199345,S2-85673195,S2-174315057,S2-852298556,S3-553671009,S3-230069375,S2-697016349,S2-553510214,S2-762635389,S2-830131819,S2-994698399,S2-283647554,S2-238118051,S2-92424777,S2-272560848,S3-898544362,S2-54275281,S3-636182144,S2-236847505,S2-553881990,S2-335552528,S2-610551154,S2-939508340,S2-213810992,S2-498902084,S2-190964594,S2-6556535,S2-407180215,S2-528549541,S2-472995428,S2-256163416,S2-409544847,S3-893032147,S2-330444207,S2-528066598,S2-508631608,S2-211612247,S2-819612114,S2-869078815,S2-867640379,S2-271279318,S2-402061978,S2-674828350,S2-581562220,S2-459086059,S2-476721040,S2-547919532,S2-10844142,S2-335659628,S2-524641857,S2-557406404,S2-131735629,S2-365904624,S2-425252195,S2-245650715,S2-480421778,S2-150843701,S2-198202218,S2-269753859,S2-386611611,S2-564886018,S2-326481594,S2-193182845,S3-244439616,S2-951564019,S2-589215826,S2-907900549,S2-982892032,S3-205036304,S2-457681515,S2-751326812,S2-744215958,S2-656780981,S2-755645360,S3-605354562,S2-55225145,S3-92422367,S2-615089280,S2-92929203,S2-460240086,S2-792603765,S2-298820466,S2-941338685,S2-97561703,S2-106341849,S2-506746490,S2-637647177,S2-81791890,S2-938060710,S2-397528344,S2-630585756,S2-599932595,S2-739015637,S2-705186542,S2-846120786,S2-435584508,S2-805444495,S2-249256014,S2-786671109,S2-601173803,S2-264720049,S2-245612075,S2-830877340,S2-433321114,S3-729691743,S2-210791875,S2-644330720,S2-529882230,S2-46759191,S2-606224920,S2-213110901,S2-463547523,S2-682351923,S2-765806846,S2-63101143,S2-669478071,S2-384038746,S2-76465213,S2-930372797,S2-127170526,S2-552065878,S2-470182555,S2-483937674,S2-965873837,S2-179278937,S2-872782933,S2-582315390,S2-577972441,S2-849447071,S2-436075143,S2-250033269,S2-144034060,S2-134801500,S2-960666794,S2-161896481,S2-654658873,S2-58929129,S3-542159634,S2-83198324,S2-40837946,S2-525884428,S2-282814499,S2-357515538,S2-16706628,S2-732700346,S2-195598385,S2-592630143,S2-917161865,S2-853864509,S2-496121735,S2-164454648,S2-99072626,S2-336821634,S2-889538824,S2-677462462,S2-78140582
S1-847114478	S3-186966055,S3-572789930,S2-275369766,S3-81537653,S2-390816908,S2-569777652,S3-68873274,S2-665111965,S3-808888197,S2-971983289,S3-530534466,S2-821085827,S2-9720642,S2-96220644,S2-868579348,S3-257069189,S3-994334206,S2-770986354,S2-157773034,S2-460846526,S2-870175950,S3-192316447,S3-854398958,S2-299685676,S2-558187051,S2-618012477,S3-563083804,S3-75604340,S3-836643213,S3-34067760,S2-493935394,S3-549506058,S2-302948805,S3-347732726,S2-357973381,S2-885212289,S2-482081238,S2-59909553,S2-679945432,S3-285702562,S2-463962594,S3-243338488,S3-709742859,S2-137642914,S3-585025092,S2-317734667,S2-404348434,S3-868102415,S2-195598385,S3-817790218,S3-991152155,S3-615471371,S2-356199360,S3-239578169,S2-262297553,S2-632187802,S2-874074111,S2-11782096,S2-928734609,S2-49655685,S2-959385099,S2-807894043,S3-809083820,S3-321086293,S3-784093027,S2-894628082,S2-882848533,S3-705789260,S3-99765624,S3-506949765,S2-226188917
S1-526334226	S3-764860937,S3-652287374,S3-714156207,S2-479203488,S3-643341816,S2-372606362,S3-505699333,S2-905827553,S3-700545098,S2-211048574,S2-947038284,S2-482865294,S2-229523864,S2-964338893,S2-641374867,S2-945687659,S2-57997145,S2-178387107,S3-573264347,S2-715977310,S2-543519668,S3-370044319,S2-555109544,S2-412882978,S2-406545673,S2-415897985,S2-93944014,S2-427637832,S2-951961479,S2-620867050,S2-355656005,S2-315210913,S2-58323966,S3-268952723,S3-319411378,S2-463148509,S2-909231541,S3-47729253,S3-259402162,S2-808542221,S3-167591681,S3-311070884,S3-819001322,S2-887959244,S2-546154473,S2-79627178,S3-444451325,S3-998972634,S3-896331791,S2-207998815,S2-465366653,S3-629256241,S3-658531399,S2-894751120,S3-216745957,S2-110582342,S2-658263835,S3-75504376,S2-227923467,S2-853829547,S3-172611700,S2-454437824,S2-617399739,S2-898765121,S2-115236597,S2-735616289,S2-197062539,S3-851673454,S3-88134182,S3-832838489,S2-905576737,S2-103221007,S3-255458575,S3-864359294,S2-20839428,S3-211765941,S3-975084483,S3-942003393,S2-338375951,S2-240363643,S3-15156962,S2-9185162,S3-555830574,S3-676233177,S3-573972920,S2-817424023,S2-378018206,S3-498600231,S3-606644265,S2-247261802,S2-748301307,S3-88754068,S2-404433856,S3-109415205,S2-317822683,S3-186832900,S3-58604367,S2-469164780,S2-530603237,S3-193036878,S2-327712896,S2-899393050,S2-415573604,S2-138413319,S3-729412713,S3-472669814,S2-786582431,S3-875921981,S2-598544923,S2-762964930,S2-143004935,S2-386326864,S3-537068132,S3-719154835,S2-214168322,S3-898978073,S2-618136856,S3-715777368,S2-649300155,S2-726204950,S3-585697465,S3-459022256,S2-337389098,S2-622339061,S2-564890687,S2-449395841,S2-211841230,S3-581339241,S2-535679954,S2-643336283,S2-333794572,S2-906143380,S2-733558769,S2-474475305,S3-329012794,S2-608637730,S2-585685802,S3-430142087,S3-978579353,S2-565689912,S2-311751510,S2-63273126,S2-915655459,S3-701747481,S3-777637107,S3-967710137,S3-706081406,S3-189852702,S3-435742150,S2-230479372,S3-525615575,S2-159239124,S2-842591531,S2-73896819,S3-65518809,S3-387298624,S3-265046531,S3-203915,S2-117604558,S2-898227139,S2-740495186,S3-407878480,S3-789576639,S2-589718163,S3-47771899,S2-871779147,S3-974437077,S2-226000422,S2-255117457,S3-267931635,S3-775255715,S3-133389078,S2-672392100,S2-698502526,S3-189524457,S2-777779817,S3-175489145,S3-51010785,S3-849320713,S2-758894611
S1-381894503	S2-867640379,S2-702471485,S3-734704765,S2-1580600,S3-310384847,S2-504051730,S3-511969513,S3-395229350,S2-681782072,S2-778722505,S3-845518080,S3-662753340,S2-546154473,S3-258295008,S3-981206444,S2-389013354,S2-454684337,S3-396374546,S3-16147297,S3-637383939,S3-756878289,S2-823645386,S2-860102078,S3-582886939,S2-755763130,S2-258013352,S3-639615819,S3-110038745,S2-946072848,S3-460304682,S3-676233177,S3-979281349,S2-782550869,S2-10325703,S3-965737194,S3-94514179,S3-541896279,S2-92424777,S2-817424023,S2-903744231,S3-856075014,S2-473224733,S2-389963695,S2-273871744,S3-153358110,S2-180113952,S3-264729325,S2-544571699,S2-663700902,S2-921191764,S3-692457070,S2-341257859,S2-599932595,S2-889018296,S2-530481446,S2-233285564,S2-274697701,S2-547309630,S2-290481152,S3-578160751,S3-441296361,S2-31222911,S2-160390996,S2-559271677,S3-644142812,S3-610183592,S2-228048117,S2-259406265,S3-440589045,S2-952319704,S2-411275632,S3-31572875,S3-401637627,S3-485370521,S3-964328776,S3-834910130,S3-590158138,S2-698207989,S2-66101295,S2-155102922,S2-343311329,S2-978100588,S3-21661343,S3-75147306,S3-354410692,S3-227101636,S3-575633864,S2-741611655,S2-434184051,S2-581613463,S2-310203673,S2-486069787,S2-767453499,S2-579123379,S3-31923665,S3-760500280,S3-111336346,S2-853562443,S3-921247150,S2-583423469,S3-290362141,S3-585911220,S3-191836224,S2-634571997,S2-188773330,S2-291344129,S3-577819796,S2-842611061,S2-662953744,S2-510635651,S2-226188917,S2-299773091,S2-65651484,S3-869874869,S3-493306688,S3-596526465,S3-869504932,S3-593908101,S3-684618391,S3-232722224,S2-844440381,S2-697634066,S3-964628585,S2-189805668,S2-448687843,S3-796504321,S2-759764530,S3-245645434,S2-853864509,S2-655424467,S2-708729332,S3-910449097,S2-363102383,S3-538917912,S2-689588820,S2-464953444,S2-466089629,S3-506730139,S2-561700565,S2-714951069,S2-288771595,S3-532782484,S2-367282992,S3-763584593,S2-158681761,S3-678601401,S2-514751101,S3-567726088,S3-810659024,S3-703074347,S3-116297482,S2-490338223,S2-739329733,S2-379444628,S3-606357675,S2-236502124,S2-184297263,S3-435742150,S2-775857815,S2-850578743,S2-944105756,S2-249211904,S3-548638389,S3-894469033,S2-714803823,S3-348499014,S2-882588358,S2-625443154,S2-986629134,S3-718425010,S2-883568105,S2-632838411,S2-436801310,S3-531197145,S2-230913336,S2-930010291,S2-554383903,S2-582676007,S3-488856300,S3-705703921
S1-313092170	S3-190393253,S2-716718650,S2-84339716,S3-926900487,S3-352825217,S2-842964322,S2-821717552,S3-403157704,S2-779171736,S3-542190832,S2-350512005,S2-882848533,S2-978424631,S2-352477093,S2-69648403,S2-47970510,S3-152632558,S2-249830141,S2-995933742,S3-224835040,S2-887959244,S2-9239069,S2-526730352,S2-736508424,S2-167574210,S2-92717447,S2-579825316,S2-817276686,S2-61770009,S3-717850458,S3-239945575,S3-683568308,S3-278759204,S2-48617158,S2-384450374,S2-181210769,S2-300023280,S2-555109544,S2-837182380,S3-926339548,S2-635214615,S2-657406768,S2-695175095,S2-380626272,S3-562567975,S2-739507689,S2-817026751,S2-367560858,S2-894177454,S3-655711266,S3-427942676,S2-119260996,S2-497130986,S3-755685121,S2-685396460,S2-530603237,S2-549867529,S3-971426936,S3-896331791,S2-767997013,S2-87727429,S2-424031278,S2-459359599,S3-193324646,S2-155547755,S3-208758268,S2-696077581,S3-106837574,S3-216482370,S2-841642984,S3-508963678,S2-527970077,S3-296383140,S3-951676339,S2-439211137,S2-362270885,S3-573023849,S3-599948863,S3-844179298,S3-900261473,S2-656847334,S3-844267169,S3-576751328,S3-280572439,S2-95770597,S2-754579364,S3-173398261,S2-685165779,S2-711321945,S2-198108921,S2-340676113,S2-251426537,S3-639906802,S3-720784849,S2-826034253,S2-632838411,S2-767825344,S2-603448716,S2-46459212,S3-483958914,S2-219223249,S2-965265670,S3-328857929,S3-266018996,S2-588398787,S3-481951962,S3-514511622,S2-860947028,S2-135271882,S3-993177416,S2-303486472,S2-287693608,S2-149519174,S3-958755935,S2-551281247,S3-887819018,S3-928753653,S2-166204215,S3-505045501,S3-548946276,S2-630817745,S3-973803724,S3-680633920,S2-682662242,S3-999358771,S3-692862857,S3-320715327,S2-578367514,S2-23793150,S3-246965275,S3-447440366,S2-324335779,S2-461853888,S3-354567136,S2-187909971,S2-125402464,S3-815951987,S2-708749034,S3-980719473,S2-411184767,S2-27727592,S2-670413956,S2-683333618,S3-423974499,S3-628982800,S3-430066083,S2-270743332,S2-480897317,S2-52228927,S3-936114747,S3-196083522,S3-845445184,S2-345568659,S2-756551313,S3-790192866,S3-966788298,S3-661669815,S3-451049931,S3-287052653,S3-565921020,S3-681932740,S2-689222703,S2-772019937,S2-602892620,S2-785720605,S3-28467325,S2-348360933,S3-421871068,S3-495269610,S2-777285682,S3-327098099,S2-24920741,S3-569970438,S3-38122446,S2-226194314,S3-332300293,S3-583984779,S3-131591751,S3-764744632,S3-747404421
S1-60876864	S2-687579762,S3-573023849,S2-649519469,S2-802395851,S3-585025092,S2-731051338,S2-290114593,S2-621647415,S2-923247863,S2-135244630,S2-449953927,S2-417052135,S3-506483986,S2-276198613,S2-796991793,S2-183965359,S2-588922526,S2-120300748,S3-315691280,S2-95889450,S3-258370932,S2-24811772,S3-818156818,S2-211614390,S3-347087196,S2-375849614,S3-446284499,S2-270743332,S2-557620447,S3-834989872,S3-111093422,S2-245651045,S3-658846820,S3-653163422,S2-822263206,S2-87473476,S2-572144264,S3-782363652,S3-964628585,S2-365575093,S2-717773569,S3-880875110,S3-7122157,S2-129998399,S2-333865760,S2-438698305,S3-732666250,S3-26560229,S2-790695031,S2-685396460,S2-268681926,S3-779199417,S2-597694282,S2-998450705,S3-162527213,S3-926036876,S2-717813805,S2-950869462,S2-78465009,S2-444178224,S2-599106166,S3-715148342,S3-919698076,S2-499299724,S2-409073014,S3-266617261,S2-340390872,S2-179288484,S3-795382563,S2-862435993,S3-6152310,S2-357874611,S2-246344076,S2-485686144,S2-101737789,S2-824282783,S2-765677324,S3-845518080,S2-375396973,S2-769979843,S3-373057932,S3-281274274,S2-178779915,S2-259272566,S2-839839862,S3-991152155,S3-302297491,S3-76562507,S3-486367807,S2-454288890,S2-276949736,S2-913169920,S2-429314182,S3-728047690,S2-727649817,S2-904430012,S3-40999562,S2-225798504,S2-759355073,S3-626987959,S3-394288708,S2-849512498,S3-695474225,S3-574059974,S3-893217659,S2-669957816,S2-988352114,S2-776933635,S3-235375657,S2-908717602,S2-502351575,S3-372555495,S2-458748624,S2-591876506,S2-689013563,S2-552344048,S2-102577854,S3-760264596,S3-853555270,S2-950121078,S2-618136856,S2-86132595,S2-703085578,S2-267693953,S2-998362525,S2-426933123,S3-145868808,S2-886729162,S2-100444556,S3-357837770,S3-156196438,S2-392558832,S2-462414628,S2-661977462,S2-387291567,S2-345648173,S2-182273804,S2-603765591,S2-417275383,S2-74530866,S2-2366485,S2-829547526,S2-780643260,S3-31575622,S2-287858288,S3-236751532,S2-44243919,S2-692313839,S2-469081581,S2-40757259,S3-150255606,S3-565921020,S3-58785412,S2-192191241,S2-285556917,S2-828827277,S2-21994381,S2-847590509,S2-636514738,S2-963803488,S2-143783156,S2-742307239,S2-905336963,S3-760500280,S3-23726656,S2-420057394,S2-549393453,S2-382561902,S2-938846865,S2-772700123,S2-859686899,S2-453762798,S3-290293800,S2-62629761,S2-74351789,S3-528291616,S3-352404972,S3-864564397,S2-664108852,S3-909852441
S1-261642209	S3-900758695,S2-45380311,S2-893036072,S3-912806040,S2-205139630,S2-653042915,S2-440023709,S2-850195083,S2-255402924,S2-340843905,S2-783392194,S3-139395765,S3-257431531,S3-572556907,S3-799420878,S3-451380040,S2-968981444,S2-953827909,S3-251422207,S2-482591332,S3-108478336,S3-858211998,S2-714828255,S3-345633415,S3-321086293,S2-978418552,S2-99438370,S3-944594559,S2-422634406,S3-894774459,S2-65702873,S2-513893410,S3-421330397,S3-170193764,S2-788546237,S2-791497609,S2-647945622,S3-591772690,S2-379470628,S3-33319226,S3-226830681,S3-736975655,S2-580853997,S2-486727830,S2-418140224,S3-719863593,S3-155934845,S3-342875813,S3-222133470,S2-546821026,S2-78887247,S2-261149262,S2-259102833,S2-420814161,S3-233262922,S3-860251749,S2-573848201,S3-469361546,S3-560440423,S2-211242815,S2-634410066,S3-93747053,S2-346969873,S3-369748055,S3-801458660,S2-975502236,S2-580173238,S3-899552369,S3-812052015,S3-967715484,S3-78013040,S2-793819516,S2-8335395,S3-287521867,S3-492635654,S2-15975240,S2-908376650,S2-108012128,S3-249092856,S3-545749841,S3-889777255,S3-676927086,S2-540565178,S3-399373667,S2-682939593,S2-163603408,S3-55634045,S3-214737749,S3-706462020,S2-828073095,S3-813037581,S3-220831214,S3-771777105,S3-475217030,S2-919581150,S3-595763975,S3-122143695,S3-753068254,S3-200210443,S3-818722089,S3-218935305,S2-919675684,S3-594607762,S3-673612212,S3-479741366,S3-402911997,S3-507859838,S3-405191815,S2-715732233,S2-789061297,S3-511325718,S2-805312676,S3-17625050,S3-496513676,S3-797870133,S3-92755938,S3-167399967,S3-171786414,S2-755626247,S2-974838439,S3-489925267,S2-453316944,S2-624222622,S3-6822167,S3-193975758,S3-139458449,S2-574233987,S3-660838032,S2-690072954,S2-315025793,S2-51358072,S3-626293954,S2-329215619,S3-548625741,S3-305215419,S2-396175329,S3-124884606,S3-194198777,S2-378662414,S3-141432285,S2-143780233,S2-186553160,S2-583114929,S2-167821392,S3-176436437,S3-945074510,S3-254393046,S2-865296385,S2-31275344,S3-556228627,S3-986363077,S2-920587005,S2-649106539,S2-463286962,S2-433954722,S2-459485143,S2-554899730,S3-29782137,S2-626761254,S3-882709267,S2-11737014,S3-766141107,S3-81009378,S2-716393519,S3-997697927,S2-742740304,S3-54470773,S2-744397227,S2-46302793,S2-670917034,S2-704945364,S3-165765562,S2-493735561,S3-662175430,S2-757965845,S2-294998398,S3-780090761,S3-175732102,S3-521795586,S3-554510048
S1-78728267	S2-107529256,S2-464726955,S2-901133241,S2-771076573,S2-52929474,S3-353299787,S2-787935627,S2-464357795,S3-757800781,S3-343934684,S3-553045113,S3-330277958,S2-782753227,S2-577663662,S2-161839652,S2-384114445,S3-897444846,S2-659619509,S2-143123399,S2-284190237,S2-746274419,S2-411489912,S2-682139452,S2-719118364,S2-945013499,S3-206209303,S2-832103862,S2-275993207,S2-199719349,S2-31742158,S3-961373067,S2-604881968,S2-463107282,S3-997140258,S2-268490873,S3-275453020,S3-135863197,S3-476700634,S2-229252944,S3-975712115,S3-944692224,S2-254860847,S3-78419839,S3-299362501,S2-765834139,S2-954571253,S2-356098620,S2-939735565,S3-606974383,S2-913169920
S1-308199161	S2-162568649,S2-437267325,S2-371301714,S2-847601546,S2-117267519,S3-265073928,S2-177137107,S2-77795814,S2-229448410,S2-182175113,S2-63184086,S2-310754463,S2-494227665,S2-351586681,S2-644663956,S2-991842499,S2-723518012,S2-951998320,S2-895103617,S2-246760623,S2-416878413,S2-128136930,S2-437136287,S3-487101652,S2-828853188,S2-165898626,S2-956867829,S2-172931117,S2-910940946,S2-883785499,S2-328994531,S2-202615365,S2-836691288,S2-461623009,S2-197846147,S2-34433329,S2-898849110,S2-270848867,S2-714868741,S2-712589867,S2-948981185,S2-923755234,S3-229364854,S2-950077998,S2-236543422,S2-657995058,S2-60869404,S2-440916264,S2-837092653,S3-606186900,S2-555024120,S2-474358508,S2-351869951,S2-532515474,S3-485442650,S2-892097632,S2-126425595,S2-553971690,S2-245634569,S2-869015498,S2-693633433,S2-294766157,S3-948634716,S2-269834071,S2-239469513,S2-971092647,S2-698207989,S2-197342185,S2-116390537,S2-788223086,S2-219066070,S2-555793148,S2-415479390,S3-894109506,S2-429797969,S2-869996613,S2-512747049,S2-367421262,S2-107705398,S3-228664279,S2-917564869,S3-192700570,S2-503620985,S2-307665843,S2-577195373,S3-795547122,S3-865293282,S2-729311287,S2-307685063,S2-210314492,S2-692619586,S2-530744031,S2-711782291,S2-466247761,S3-568403609,S2-271439012,S2-993071707,S2-591519148,S3-208874498,S3-631679743,S2-276569893,S2-772806454,S2-600460285,S3-602960033,S3-370033439,S2-299309149,S2-910490822,S2-483787890,S2-953493960,S2-767997013,S2-689098862,S2-750760369,S2-944100561,S2-226039585,S2-23637062,S2-73697576,S2-854348240,S2-142645843,S2-541694475,S2-850760806,S2-63117139,S2-999900102,S2-835946562,S2-753618829,S2-164012387,S2-784098039,S2-627930224,S2-345443624,S2-854176166,S2-242643000,S2-238705629,S2-173849971,S2-401989526,S2-840373534,S2-630413009,S2-340761478,S2-740640658,S2-726819490,S2-707000935,S2-387488972,S2-246436905,S3-316664209,S2-391293566,S3-663696206,S3-810417995,S3-849564654,S3-833749338,S2-777971512,S2-753939967,S2-465875774,S2-258043694,S2-719866228,S3-726655351,S2-455724566,S2-186023919,S2-485471128,S2-137677962,S2-885655563,S3-601210579,S2-136766986,S2-30359763,S2-158865015,S2-424599024,S2-36655626,S2-847525230,S3-610896126,S2-460111695,S2-568530409,S2-929952720,S2-783884730,S2-800070935,S2-545300037,S2-687826763,S2-741561142,S2-777214835,S2-331673463,S2-792958190,S2-427035087,S2-94007304,S2-39232291
S1-358927120	S2-16706628,S2-853864509,S2-465255504,S2-591711066,S3-16147297,S2-164454648,S2-897270738,S2-511490226,S2-245612075,S2-917161865,S2-195598385,S2-237453164,S3-851874416,S2-939972778,S2-480421778,S2-529882230,S3-336741979,S2-236502124,S2-830877340,S3-957981270,S2-336821634,S2-557865140,S2-982874098,S3-191836224,S2-470182555,S2-153590190,S2-683642640,S2-2641867,S2-634910168,S2-491277475,S2-436801310,S2-92424777,S2-420574408,S3-869874869,S2-765806846,S2-476721040,S2-110180281,S3-326956185,S2-688639436,S3-756878289,S3-950906400,S2-767453499,S2-630585756,S3-460520036,S2-446751168,S3-981206444,S2-276155359,S2-668206975,S2-819373836,S3-975743522,S2-561700565,S3-389223204,S2-523251697,S3-612714886,S2-411275632,S2-434261899,S2-288592732,S2-634571997,S2-510635651,S2-82274468,S2-478272677,S2-134801500,S3-965737194,S2-39603967,S2-917616907,S3-577819796,S2-496121735,S2-389013354,S3-258295008,S3-714903191,S2-335659628,S2-376728042,S2-454684337,S2-227618431,S3-585911220,S3-227101636,S3-395229350,S3-979281349,S3-894469033,S2-245650715,S2-341257859,S2-85673195,S3-591203506,S2-892453924,S2-264720049,S2-521682474,S3-295249459,S3-692457070,S2-483937674,S3-460304682,S2-188773330,S3-542159634,S2-274570145,S3-519918943,S2-228048117,S2-367282992,S3-705703921,S2-759764530,S3-582886939,S2-644655973,S3-845518080,S2-6184028,S2-490338223,S2-470109102,S2-425724860,S2-782550869,S3-394082629,S2-562046488,S2-853562443,S2-778722505,S3-869504932,S2-525884428,S3-31572875,S3-531197145,S2-290481152,S3-742165102,S3-441296361,S3-328729045,S2-887123026,S2-708729332,S2-942825819,S3-541896279,S3-401637627,S3-578160751,S2-698207989,S3-393078708,S2-54530462,S2-547309630,S2-926635573,S3-117370107,S3-354410692,S2-356199360,S2-465694455,S3-505766547,S3-310384847,S3-760500280,S2-259406265,S2-273871744,S2-226188917,S2-921191764,S2-530481446,S3-834910130,S3-590158138,S2-1580600,S2-434184051,S3-662753340,S3-593908101,S2-546154473,S2-599932595,S2-98982738,S2-258013352,S2-92929203,S2-596261092,S3-815951987,S2-903744231,S3-878176472,S3-796504321,S2-965614954,S3-533116421,S2-555716915,S2-804016810,S3-94514179,S2-544571699,S2-714951069,S3-21661343,S2-169747554,S3-676233177,S3-610183592,S2-167281889,S3-286670435,S2-582676007,S2-767658445,S3-511969513,S2-823645386,S3-153358110,S2-313021955,S2-775857815,S2-262297553,S2-755763130,S2-433321114
S1-337122273	S2-511490226,S3-989175078,S3-584775816,S2-857167023,S2-644655973,S2-488977283,S3-767107136,S2-792603765,S2-615089280,S2-601173803,S2-765806846,S2-420574408,S3-46080035,S2-386611611,S3-885623863,S2-606224920,S3-114564040,S3-272219503,S2-849447071,S3-962786327,S2-97561703,S3-70480060,S2-786671109,S2-267535144,S2-81791890,S2-335659628,S3-525132717,S2-457681515,S2-210791875,S2-106341849,S2-223276547,S2-480421778,S2-470182555,S2-695812164,S3-946178191,S2-751326812,S2-668025282,S2-482081238,S2-426121095,S3-19974736,S2-10844142,S2-755645360,S3-122921708,S3-72291071,S2-897270738,S2-960666794,S2-979096206,S2-389013354,S2-288592732,S2-705921678,S2-705186542,S3-351622937,S2-669641587,S3-106428443,S2-917161865,S2-476721040,S2-465255504,S2-549867529,S2-2641867,S2-153590190,S2-788628222,S2-867917626,S2-336821634,S2-419491073,S2-685165779,S2-892595209,S2-706640273,S2-529882230,S2-656780981,S2-638650888,S3-453191506,S2-396711531,S2-907900549,S2-195598385,S2-55225145,S2-213110901,S2-95770597,S3-641517456,S2-819612114,S3-472669814,S3-967540364,S3-369449736,S2-688639436,S2-29982663,S2-242588199,S2-696077581,S3-282539557,S2-917444010,S2-996940195,S2-491277475,S2-276155359,S3-365108058,S2-322874543,S3-885039744,S2-882848533,S2-547919532,S2-361614898,S3-542702463,S2-193182845,S3-634432014,S2-192666276,S2-592630143,S2-148622220,S2-521416591,S2-951564019,S2-227618431,S2-794843898,S3-211738709,S2-372511111,S3-394082629,S2-402714269,S3-1936314,S2-732700346,S2-937149003,S2-565474831,S3-898544362,S3-890633149,S2-496121735,S3-700365871,S3-752263490,S2-644330720,S2-852298556,S3-576602764,S2-118314203,S2-205874870,S2-627809306,S3-598250378,S3-922213137,S3-291436981,S2-982874098,S2-235808422,S2-156945895,S2-589215826,S2-892453924,S2-127170526,S2-237453164,S2-446751168,S2-811529948,S2-575547185,S3-954659979,S2-83198324,S2-16706628,S2-710199345,S2-431495620,S2-697505073,S3-644676548,S2-840810360,S3-305178177,S3-5087788,S2-555716915,S2-892099405,S2-306547398,S2-251426537,S3-591790934,S2-668206975,S3-678468227,S3-244057525,S2-496826174,S2-479154694,S2-561700565,S2-245612075,S2-120876126,S2-866326764,S3-57133421,S2-939972778,S2-577972441,S3-409576918,S2-557865140,S2-858498846,S3-652379511,S2-564886018,S3-775197030,S3-343205595,S2-406825129,S2-683642640,S2-697787819,S2-895906111,S2-630585756,S2-83832910,S2-85673195
S1-650650055	S2-596590176,S2-386176405,S2-127971493,S2-70206851,S2-551488634,S3-59691458,S2-218053979,S3-528291616,S2-900139841,S2-203310932,S2-790695031,S3-788060680,S2-438102126,S3-473443522,S2-709032088,S3-959832265,S2-557620447,S2-883874995,S2-267693953,S2-988352114,S2-591876506,S2-60869404,S2-871621372,S2-615089280,S2-994671947,S2-432739933,S2-354971231,S2-597694282,S2-648736664,S2-120300748,S2-317887701,S3-867678166,S2-938846865,S2-259272566,S2-731051338,S2-552344048,S3-900260370,S2-180233269,S2-335659628,S2-387291567,S2-850232647,S2-371750015,S2-470541284,S3-2236344,S3-164297285,S2-311819207,S2-672127617,S2-152310863,S3-871943542,S2-288285136,S3-365536082,S2-426933123,S2-731198634,S2-365575093,S2-138375597,S2-479619104,S2-305423855,S2-502351575,S2-598815929,S2-717813805,S2-101737789,S2-182273804,S2-772700123,S2-839245549,S2-742307239,S3-787809945,S3-80022901,S2-342366456,S2-499299724,S3-408594973,S2-626905689,S3-519647379,S2-395675514,S2-929254717,S3-26878469,S2-754779681,S2-565744021,S2-429314182,S2-454288890,S2-225667164,S2-909302592,S2-606608228,S2-859686899,S2-844675977,S2-769979843,S3-7122157,S2-987180214,S2-897270738,S3-556823884,S3-801395670,S2-802395851,S3-760627766,S2-357874611,S3-963231542,S2-1022835,S2-74351789,S3-769039681,S2-994099264,S3-231925916,S2-537577036,S2-784098039,S2-822263206,S2-87473476,S3-187812551,S2-538744698,S2-51134507,S3-977845400,S3-390028202,S3-335176300,S2-635543733,S3-983361181,S2-275873069,S2-847525230,S2-144178470,S2-340390872,S2-108594879,S3-338131534,S3-387298624,S2-904430012,S2-977401025,S3-960884999,S3-73703196,S2-260115985,S2-886729162,S2-276757029,S2-712852603,S2-117604558,S2-692986269,S2-96155126,S2-287693608,S2-634571997,S2-561000812,S2-980127632,S2-865247301,S2-24811772,S2-179288484,S2-297320898,S3-172020842,S2-801237050,S2-759355073,S3-559935852,S3-608878198,S3-649108033,S3-914042967,S2-599106166,S2-449953927,S3-898453800,S3-102516415,S2-22034959,S2-55314679,S2-975826015,S2-908717602,S2-129725876,S2-453762798,S2-457681515,S2-192485522,S2-717773569,S2-183965359,S2-49027669,S2-658194029,S2-848179436,S2-69292456,S2-637437297,S2-689320736,S2-836345135,S2-575306289,S2-219223249,S3-779199417,S2-345648173,S3-366230515,S2-839627352,S2-285556917,S2-998450705,S2-596094716,S2-305544390,S3-906625513,S2-102577854,S2-102681369,S3-923500190,S2-991925682
S1-834257002	S2-108197339,S2-299696541,S3-207823676,S3-880803289,S2-780364055,S2-754522704,S2-395671932,S3-332758132,S2-966381947,S3-585584755,S2-999160338,S2-140796098,S3-378463450,S2-491551718,S3-909974680,S2-911327888,S2-138989807,S2-516299707,S2-164709711,S2-678472867,S2-324022434,S3-91029906,S3-43929344,S2-60538009,S3-598167227,S2-414902727,S2-348965073,S2-387834857,S2-610451376,S3-706956662,S2-401440468,S2-920227553,S3-390248014,S3-701031537,S2-878103105,S3-729266513,S2-676069227,S2-102534927,S2-330429863,S3-610991649,S2-921991608,S2-402758956,S2-361850482,S2-598240657,S3-573795775,S2-506155991,S2-905827553,S2-193510687,S2-329140637,S2-575952928,S2-153954998,S2-510842397,S2-190339169,S3-953297898,S3-246353423,S2-698031192,S2-255481825,S2-784442772,S2-871779147,S2-550697952,S2-136638989,S2-984790670,S3-634939557,S3-860251749,S2-338458211,S2-556607231,S3-935965425,S2-385507714
S1-937349180	S3-172266482,S2-30453435,S3-823234835,S3-70423273,S3-214832290,S2-240202044,S2-515100149,S2-20790246,S2-994705111,S3-412912503,S2-382992771,S3-588855451,S2-467766863,S3-18847156,S3-471969909,S2-779359779,S3-234399656,S3-109085630,S3-974339074,S3-145606203,S2-443010360,S3-27380037,S3-362231684,S2-599386980,S2-665698993,S2-848305466,S2-288231537,S3-392219801,S3-9703317,S3-129639502,S2-917963490,S2-520280887,S2-170024605,S3-419980764,S2-687964286,S3-857795172,S3-239637008,S3-643174247,S3-340454616,S2-698453540,S3-832173854,S2-619472351,S3-616667515,S2-630730259,S2-213579477,S2-956609737,S2-280694476,S2-178589920,S2-681236478,S3-905699122,S2-332785928,S2-456679217,S2-667211271,S3-56236399,S2-465143244,S2-375972836,S3-426246378,S2-372153637,S2-750578524,S3-378238968,S2-134222053,S2-792088810,S3-489831241,S2-311389005,S2-164498834,S3-496420278,S3-537710901,S2-452898435,S2-930240654,S2-793845954,S2-392909414,S2-813141169,S3-529423454,S2-221044106,S2-291838259,S2-709909627,S2-413929417,S2-498800847,S2-708129361,S2-308225581,S2-725425416,S2-209534431,S2-785423856,S2-912619584,S2-342655156,S3-465897839,S2-629571061,S2-312120208,S2-888650259,S2-561755939,S2-984881146,S2-966440033,S2-518197898,S2-999683538,S2-855837260,S2-248821054,S2-217800457,S2-971602014,S2-594388053,S2-485623357,S2-825823361,S2-287849452,S2-440077511,S3-520753513,S2-274710047,S2-390073637,S2-895906111,S3-490274047,S2-431678233,S3-947813501,S2-591711066,S2-280283783,S2-992883489,S3-593599950,S2-240595404,S2-52477663,S2-844837162,S2-974449426,S3-652441284,S2-800675490,S2-409018201
S1-725006887	S2-824282783,S2-772700123,S2-182273804,S2-599106166,S2-290114593,S2-988352114,S2-904430012,S2-469081581,S2-387291567,S2-454288890,S2-225667164,S2-260115985,S2-887058391,S2-429314182,S2-129998399,S2-87473476,S2-565744021,S2-923247863,S2-908717602,S2-354971231,S2-426933123,S2-101737789,S2-78465009,S2-717813805,S2-731051338,S2-225798504,S2-363906243,S2-776933635,S2-100444556,S2-603765591,S2-333865760,S2-636514738,S2-913169920,S2-883874995,S2-898431581,S2-345648173,S2-731198634,S2-340390872,S2-859686899,S2-135244630,S2-998450705,S2-211278332,S2-685396460,S2-994671947,S2-343991836,S2-285556917,S2-449953927,S2-2366485,S2-991925682,S2-963803488,S3-528291616,S2-652903084,S2-276198613,S2-847590509,S2-198589700,S2-462414628,S2-669957816,S2-192191241,S2-259272566,S2-267693953,S2-143783156,S3-900260370,S2-717773569,S2-871621372,S2-618136856,S2-689013563,S2-647059994,S2-950869462,S2-779910674,S2-549393453,S2-409073014,S2-626905689,S2-648736664,S3-671647744,S2-975826015,S2-499299724,S2-480230562,S2-597694282,S3-76696264,S2-754779681,S2-499516165,S3-144174381,S2-174665150,S2-21994381,S2-829547526,S2-552344048,S2-703085578,S2-502351575,S3-58785412,S2-790695031,S2-759355073,S2-796991793,S2-822263206,S2-582680087,S2-765677324,S2-905336963,S2-120300748,S2-928635359,S2-86132595,S2-431925058,S2-321210455,S2-49027669,S2-22034959,S2-178779915,S2-276949736,S2-40757259,S3-92248711,S2-131651142,S3-46101844,S2-453762798,S2-44243919,S2-431624854,S3-290293800,S2-828827277,S2-591876506,S2-281056837,S2-780643260,S2-364729817,S2-458748624,S2-24811772,S2-850921702,S2-342366456,S2-62629761,S2-934199330,S2-713168031,S3-477682199,S2-769979843,S2-317887701,S2-987180214,S2-998362525,S3-150255606,S2-202401902,S3-779199417,S3-414790457,S2-374485588,S2-552147968,S2-950121078,S2-152310863,S2-938846865,S2-51134507,S2-658194029,S2-219223249,S2-802395851,S2-635543733,S2-606608228,S2-395675514,S3-393924952,S2-742307239,S2-428542220,S2-72437668,S2-365575093,S2-689320736,S2-444178224,S2-297320898,S2-846609706,S2-287858288,S2-479619104,S2-143755487,S3-440589045,S2-533913830,S2-200323365,S2-183965359,S2-801237050,S2-102577854,S2-10020638,S2-572144264,S2-904055422,S2-672127617,S2-887426167,S2-235325225,S2-367218979,S2-382561902,S2-850232647,S2-129725876,S2-875547665,S2-287693608,S2-1022835,S2-575306289,S2-275873069,S2-255554320
S1-820730560	S2-729619887,S2-143579354,S2-995998104,S2-269915770,S2-970851563,S2-293852672,S3-868876808,S3-2332244,S3-988944772,S2-625541502,S3-415872647,S3-756715764,S3-866526682,S2-894734345,S3-342523923,S3-274862063,S2-640220497,S2-693492106,S3-238774081,S2-882229437,S2-957889305,S3-412997909,S3-807947911,S3-656099387,S2-835296898,S2-863409430,S2-104187102,S2-859710077,S3-565149247,S3-157577006,S2-556906889,S2-28901364,S2-663342292,S3-60824684,S2-633414929,S3-535285350,S3-387821534,S3-859495493,S3-564429606,S2-471473388,S2-148999454,S2-164134839,S2-96465947,S2-946434260,S3-555578049,S2-54081201,S3-613147989,S3-406354298,S3-462214568,S3-506312119,S2-333241756,S2-394146128,S2-777926654,S2-656156067,S3-841438346,S2-358227294,S3-18447359,S2-794278176,S2-396538001,S2-211606947,S3-650193133,S3-438474707,S3-61690246,S3-794143084,S3-388612697,S2-832151009,S3-518658337,S2-364933505,S2-230899841,S2-641710692,S2-724700602,S2-132058601,S2-11993054,S2-493391928,S2-698031192,S3-951347403,S2-706480151,S2-139507072,S3-267547161,S3-55982890,S3-145729614,S2-886091006,S2-701883219,S2-347790985,S2-31933657,S2-339550008,S2-48932828,S2-677475250,S3-827098367,S3-446790481,S2-52333978,S2-723366124,S3-868102415,S3-407406642,S2-482993395,S2-281056837,S2-16821667,S3-560297494,S3-504800551,S2-179278937,S2-322701594,S2-71894171
S1-47803313	S2-677504021,S2-71153173,S3-925916167,S2-592803907,S2-470542414,S2-303791329,S3-602890886,S2-427673109,S3-451462795,S2-600871405,S3-943647207,S2-25938247,S3-144174381,S2-432676506,S2-971878514,S3-294467989,S2-298642925,S2-966079570,S2-978451354,S2-778054427,S2-66037573,S3-438829870,S2-112862692,S2-400508408,S2-618461013,S2-34971961,S2-443853182,S3-535219935,S3-150887938,S2-272560848,S3-371581532,S2-38736662,S2-880133523,S2-842829312,S2-369987552,S2-205624613,S3-334572784,S3-832743389,S2-153968942,S2-547376735,S3-808219794,S3-303871276,S3-734704765,S3-806992698,S2-785676672,S3-966230926,S3-51711173,S3-739174536,S3-997358658,S2-152439185,S3-764958970,S3-50445567,S3-106213767,S3-502472415,S2-35513730,S2-143609583,S3-707401398,S2-839110260,S3-30921073,S3-896168860,S3-198561005,S3-504960712,S2-880870262,S2-873643582,S3-970815320,S3-724869974,S3-715354599,S3-504070049,S3-78200790,S2-458625986,S2-277600738,S2-364741756,S2-638055764,S3-271884669,S2-418515039,S2-302195199,S2-254781572,S3-280776364,S2-431247882,S2-552555745,S3-776500981,S3-770583275,S2-999235003,S2-415895743,S2-894343526,S3-689018995,S2-890561333,S3-720122193,S2-730166125,S2-563729335,S3-74163387,S3-118242507,S2-367421312,S3-118861979,S3-464265492,S3-976674051,S2-574951813,S3-654341428,S2-795922032,S2-399815856,S2-780720421,S3-363715071,S2-648173139,S2-43952583,S3-630479966,S2-29931004,S2-164358904,S2-275110987,S3-280553346,S2-955417771,S2-295854930,S2-977553130,S2-716238317,S2-552278789,S3-598706511,S2-220512313,S2-445598380,S2-189188919,S2-635956294,S2-266592280,S2-906032267,S3-969151537,S2-36805680,S3-336899491,S2-209622054,S2-262689326,S2-970361864,S3-245591692,S2-405303215,S2-589194842
S1-385569722	S3-278595025,S3-227329127,S2-774736197,S2-736508424,S3-18624418,S3-665566090,S2-46688604,S2-427637832,S3-847768849,S2-589445977,S2-412882978,S2-430858827,S2-711253667,S2-184572243,S2-892453924,S3-548946276,S2-817751216,S2-732505504,S3-657983769,S2-226039585,S3-403917127,S3-641517456,S2-106748507,S3-29791337,S2-835588115,S2-596696494,S3-348499014,S2-423536344,S3-408413212,S2-496121735,S2-264746180,S2-896768736,S3-555804508,S3-394082629,S2-287858288,S3-995708641,S2-836194612,S2-947038284,S3-428243874,S3-936114747,S2-66101295,S2-954744252,S3-582263893,S3-258490761,S3-17552184,S3-937915654,S3-386192619,S2-801918709,S3-534107653,S2-469342044,S2-397551252,S3-447440366,S2-9410084,S3-405835838,S3-145729614,S3-435150918,S3-507474950,S2-151772630,S2-730808154,S2-924644317,S3-533141595,S2-793243336,S2-474475305,S3-119035414,S3-926015847,S2-244859654,S2-46251183,S2-454730079,S2-291314069,S3-499284289,S2-512341445,S2-129122193,S2-179243380,S2-641260910,S2-689351576,S2-409018201,S2-395260151,S3-383639864,S2-910429483,S3-291251084,S3-994258368,S2-942852308,S2-869133262,S2-688975544,S3-200662409,S2-580171629,S3-88754068,S3-878996406,S3-790981249,S2-997134826,S2-543051367,S2-858333878,S2-347557215,S2-442077020,S3-777737836,S2-228830917,S2-109956435,S3-118296785,S3-17977041,S2-247514978,S2-176998236,S2-484289872,S3-573980597,S2-883568105,S2-483346173,S2-832761728,S2-444182535,S2-469164780,S3-767700296,S2-789698410,S3-394858338,S2-40172113,S3-543459729,S2-514751101,S2-814800185,S2-196028917,S3-137502374,S2-353683435,S2-443753104,S2-559518009,S2-887123026,S2-969016897,S2-442790965,S2-230913336,S3-458410843,S2-155547755,S3-157694791,S2-723597531,S3-7274255,S2-930348184,S3-2045650,S2-99389198,S2-802063836,S2-632838411,S2-233285564,S3-123408617,S3-504445047,S2-867640379,S3-231069738,S2-803126271,S2-462200061,S2-817195716,S2-431093921,S2-746828821,S2-99998993,S3-964521591,S2-636649942,S2-909130034,S2-884030898,S2-171825543,S2-258013352,S3-298091709,S2-2907580,S2-61703692,S2-734394743,S2-298348416,S2-158865015,S2-92717447,S2-56254647,S2-10325703,S3-60275754,S2-675426432,S2-986487770,S3-399202507,S3-625372232,S3-157508391,S2-264951839,S3-807143776,S2-213240396,S2-986629134,S2-164238912,S2-798332974,S2-115236597,S2-486069787,S2-767185470,S3-183674905,S3-367006568,S2-503696407,S3-932204662,S3-631180714
S1-453884385	S3-583496119,S3-124827769,S2-189699599,S2-949083237,S2-496771746,S3-210263077,S3-265180639,S2-606560091,S2-228736232,S3-464637790,S3-435078343,S2-799159831,S3-790707845,S2-976686649,S2-684727310,S2-202328620,S2-219000671,S2-876114239,S2-868833660,S3-201441610,S3-320593807,S3-579384604,S2-400190057,S3-594280982,S2-757755510,S2-39176443,S3-910602200,S2-591415594,S3-916685476,S3-311100124,S2-498589580,S2-728600537,S3-252133610,S2-927940634,S2-3075117,S2-488463193,S2-433188453,S3-235436647,S3-805729669,S2-493814760,S2-367393299,S3-660173531,S2-314606486,S2-965365329,S3-573737584,S2-216295125,S3-285202361,S2-76898639,S3-729273261,S2-890815313,S2-53725511,S2-957880956,S3-170649826,S3-872668108,S2-701844869,S2-910295846,S2-779691746,S2-845981082,S2-430984136,S2-680133409,S3-595635287,S2-712294921,S3-664930211,S2-722937141,S3-313746921,S2-537635740,S3-610571085,S3-131890394,S2-573927194,S2-389198964,S2-233586234,S2-330632317,S3-283453094,S3-807166499,S2-386961372,S3-478490624,S2-702887315,S3-680082767,S2-810569289,S3-892528125,S2-410450697,S2-987123781,S2-896465381,S2-933845077,S3-757028366,S2-369634827,S2-620956722,S2-511948417,S2-580615251,S3-303206162,S2-272058482,S2-69233383,S3-257698168,S3-477455273,S3-30041210,S2-166582012,S2-337833685,S3-764266218,S2-470202940,S2-267116455,S2-845875537,S2-385312142,S3-859778310,S3-388736740,S2-36973049,S3-337064812,S2-265254100,S2-216943058,S3-462685489,S2-136853274,S3-44667605,S2-979989344,S3-495422409,S3-749393473,S3-512479887,S2-907998694,S3-80717219,S3-521374106,S2-561605456,S3-445051431,S3-994420217,S3-863992050,S2-166886907,S2-748332200,S2-134407135,S2-870204959,S3-301221082,S3-155611732,S2-966519378,S3-764852050,S2-932569098,S3-535655795,S3-620366426,S2-505006977,S3-651842016,S2-580599447,S3-918055462,S3-430937321,S2-444062123,S2-754306745,S3-332390131,S3-635163172,S3-543088599,S2-266077862,S3-150197054,S2-655145043,S3-634681848,S3-399887121,S3-747107358,S3-762736295,S2-450990494,S3-927198232,S3-772360786,S2-399750231,S2-570963942,S3-323007511,S2-679824068,S2-972467243,S2-171037209,S2-360549470,S3-349927888,S3-351704606,S2-898478551,S3-474091906,S2-705708442,S2-720053282,S2-942688007,S3-515050518,S3-377060072,S3-147393291,S3-141476573,S2-715669813,S3-679465045,S3-394083549,S2-755881218,S3-23548513,S2-452430272,S3-586164835,S3-358342064,S2-243787642
S1-650304466	S2-892930325,S2-269177273,S2-777072767,S2-668297612,S2-257271386,S2-111104201,S3-6341900,S2-783278513,S2-973305535,S3-283432565,S3-225515813,S2-84098381,S2-773345204,S3-637383939,S2-467031506,S2-411720838,S2-978160506,S2-33149584,S2-677956416,S2-688338899,S2-465875774,S2-669890986,S2-44528425,S3-463903693,S2-517336721,S2-820401730,S2-975549235,S3-506604842,S2-56132426,S3-343204237,S3-177336223,S3-139263068,S2-191532702,S3-892062680,S2-418576093,S2-165200918,S2-697965360,S2-827839153,S3-727800763,S3-959108532,S2-501396255,S2-294578635,S2-272926068,S2-957475471,S3-829582795,S2-670692574,S2-305423855,S2-443914902,S2-613953997,S2-796258139,S2-944747002,S2-488801817,S2-253440977,S2-813354914,S2-886091006,S3-282781652,S2-696792929,S2-703677045,S2-134852758,S2-913569884,S2-592803907,S3-481892859,S2-152982672,S2-773751395,S3-924697147,S3-161545143,S3-119633205,S2-286441052,S2-455643447,S3-742404090,S3-864981389,S3-100168836,S2-20677964,S3-986739557,S2-353852049,S2-350512005,S2-226359557,S2-60662588,S2-193726137,S2-268806363,S2-465340664,S2-303989305,S3-948354428,S2-338375951,S2-731381882,S2-213968736,S3-849319514,S2-664886462,S2-433538301,S2-580098998,S2-706041339,S3-364426998,S2-556208932,S2-671150310,S3-656686413,S2-785092852,S3-456165276,S2-100655954,S3-736466127,S2-555793148,S2-619830623,S2-464390931,S2-521937463,S2-883819340,S2-497110054,S2-464953444,S2-185531373,S2-900139841,S3-398716609,S2-853673158,S3-541896279,S2-110224106,S3-889948496,S2-474062070,S2-951853317,S3-818089356,S3-283207252,S2-500795314,S3-533188670,S3-511384152,S3-282747317,S2-860395715,S2-278472793,S3-675681436,S3-172953440,S2-248990703,S2-920364019,S3-397794428,S3-413017480,S2-138375597,S3-511969513,S2-303220531,S2-804834749,S2-487296565,S2-540873442,S3-820253844,S3-753164863,S3-317378859,S2-733496115,S3-629372498,S2-916383925,S2-183629486,S3-764584652,S2-948888832,S2-883942265,S2-350491181,S2-912881534,S2-441418517,S3-40407022,S2-502351575,S3-869248768,S2-199337395,S3-427332303,S3-597539262,S2-969828247,S2-608471433,S3-832716507,S2-430858827,S3-574944246,S3-9617312,S3-735521771,S2-72383385,S3-278759204,S3-849703157,S2-672303575,S2-294534396,S3-961421742,S2-789354140,S2-742077842,S2-788061781,S2-546397105,S3-660786653,S3-577578952,S3-937156876,S2-468668883,S3-30551231,S3-515091008,S3-708246473,S3-943647207,S3-706081406
S1-762839052	S3-488363429,S2-167032048,S3-668046388,S3-546276732,S2-134433413,S2-299517177,S2-7663294,S3-998051891,S2-457753565,S3-906791967,S3-768336457,S3-396265074,S2-24466926,S2-750887377,S2-786970664,S3-521889331,S2-826790006,S2-113030650,S3-954157283,S3-129106856,S3-589030069,S3-508527143,S3-670869126,S3-787077353,S3-716114722,S2-201612232,S3-438375497,S3-476331583,S2-434748052,S3-591871526,S3-720463467,S3-313989656,S3-634870270,S2-958931757,S3-679887350,S2-738266912,S2-260839023,S2-849187717,S3-682104065,S2-85633962,S3-708246473,S3-882225970,S2-664108852,S3-634982798,S3-132415306,S3-317514589,S3-105945832,S2-966217193,S3-505398333,S3-456797383,S3-29075645,S3-717908834,S2-185220025,S2-519434818,S2-816948200,S3-212450898,S2-777285682,S3-706594790,S3-930096165,S2-198149485,S3-355222760,S3-873790858,S3-796063681,S3-324289320,S3-269828445,S3-398496487,S2-576742243,S3-124044603,S3-636217577,S3-824909265,S3-861292785,S2-462183999,S3-496522892,S2-451463115,S2-576879727,S2-336875785,S2-329265368,S3-29105750,S3-4737266,S2-571375099,S3-430759882,S3-768924601,S3-937929471,S2-92947617,S2-667662419,S3-931200264,S3-210901220,S2-565675639,S3-830619303,S2-944215859,S3-159667152,S3-506899431,S3-578757413,S2-232272231,S2-871227814,S3-992087204,S3-988733475,S3-705276886,S2-175021285,S3-597801182,S2-195657644,S2-379816909,S3-287785309,S2-854547150,S3-746860417,S3-82585295,S2-73414654,S2-294646566,S3-997140555,S3-75368171,S3-710047633,S3-167344968,S3-725335467,S2-182040116,S2-100655954,S3-623356780,S2-552834852,S2-919732103,S2-429546569,S3-843399276,S2-886181190,S2-225792201,S2-458748624,S2-945056046,S2-49939044,S3-308982079,S3-389039964,S3-293969902,S2-768553495,S3-481622772,S2-651461416,S2-672990282,S2-530710156,S3-3010225,S3-434529566,S3-354374172,S2-792023005,S2-727304056,S2-173791058,S2-172393826,S3-172953440,S3-846130008,S3-498618641,S2-178717847,S3-961095579,S3-758597926,S2-924197859,S3-566160421,S2-848714990,S2-668548943,S2-871531214,S3-179668499,S3-930519254,S2-826608782,S2-964296464,S3-704847108,S2-388594236,S2-150274944,S2-269904958,S2-662724974,S3-33220914,S2-701978516,S3-223420817,S2-698297854,S3-815922670,S2-599328437,S2-413207336,S2-202706398,S2-991803075,S2-591449172,S2-710159661,S2-591850833,S2-594016446,S2-910025769,S2-313955120,S2-767453499,S3-897164409,S2-225305521,S2-752978648,S3-966068770
S1-550679918	S2-996783395,S3-558652409,S3-549298,S2-102577854,S3-451469845,S3-110214688,S3-120370951,S2-675955548,S2-721215346,S3-35537831,S2-882111583,S3-96071896,S2-244851479,S2-455365283,S2-670049621,S2-187871077,S2-362079222,S3-557847177,S2-936528622,S2-849512498,S2-512908570,S3-934122441,S2-871621372,S3-140799815,S3-785722797,S2-340390872,S2-1022835,S2-913169920,S3-562385879,S2-212835906,S2-79780183,S2-353206306,S3-353041791,S2-267693953,S2-776933635,S2-517795580,S2-14666342,S3-24478964,S3-406000210,S3-718529305,S2-78465009,S2-599106166,S2-61344176,S2-87473476,S3-236618048,S2-333865760,S3-472070522,S2-669957816,S2-772700123,S2-325666336,S2-229448410,S2-652903084,S2-998450705,S2-597694282,S2-796991793,S2-199719349,S3-95114435,S3-705703921,S3-58785412,S2-824282783,S2-923247863,S2-703085578,S3-239945575,S2-345648173,S2-462183999,S2-916015676,S2-103020894,S2-365575093,S2-124520124,S2-591458591,S2-182273804,S3-878692629,S2-101737789,S2-426933123,S2-409073014,S2-429314182,S3-150255606,S2-229656817,S2-276198613,S2-86132595,S2-21994381,S2-260115985,S3-695502221,S2-469081581,S2-549393453,S2-811776364,S2-552344048,S2-72437668,S2-387291567,S2-382561902,S2-143783156,S2-988352114,S2-938846865,S2-759355073,S2-742307239,S2-202401902,S2-341701047,S2-853829547,S2-765677324,S2-290114593,S2-40757259,S2-129998399,S2-829911136,S2-357874611,S2-257465062,S2-228835984,S2-374485588,S3-875559615,S2-152310863,S2-898431581,S2-994671947,S2-790695031,S2-731051338,S2-887058391,S2-363906243,S2-822263206,S2-354971231,S2-454288890,S2-431624854,S2-950869462,S3-779199417,S2-883874995,S3-82489505,S3-259765212,S2-689013563,S3-939467801,S3-167791872,S2-847590509,S2-235325225,S2-310754463,S3-57360312,S2-905336963,S2-685396460,S2-575306289,S2-74530866,S3-434252808,S2-582680087,S3-756831859,S2-908717602,S3-694485321,S2-525662290,S2-246685020,S2-727649817,S2-131651142,S2-636514738,S2-928635359,S3-924470597,S3-791942362,S2-449953927,S2-565744021,S2-15576704,S3-676804287,S2-756683937,S2-802395851,S2-120072551,S2-904430012,S2-950121078,S2-198589700,S2-591876506,S2-225798504,S2-178779915,S2-859686899,S2-225667164,S2-717773569,S3-804887078,S3-276640140,S2-62629761,S2-192191241,S3-320575228,S3-125539314,S3-992257597,S3-477682199,S2-2366485,S3-445314633,S3-430848479,S2-480230562,S2-556291706,S3-159094109,S3-717510,S2-738661191
S1-659666950	S3-253760122,S2-621647415,S2-186591419,S2-168293986,S3-134959390,S2-823448172,S2-940366297,S2-110582342,S2-746828821,S3-978335571,S3-834989872,S3-28336882,S3-776755674,S2-355352021,S2-904864469,S3-269283294,S3-52817413,S3-404825213,S2-395026060,S3-676826832,S3-396374546,S2-483626311,S2-543770647,S3-510958232,S2-143612139,S3-182255980,S3-531724372,S3-521615609,S3-219828189,S3-146786928,S2-236077202,S3-973665746,S3-593556666,S2-649519469,S3-866741477,S3-726988253,S3-695591310,S3-368459393,S3-329140084,S3-248069857,S3-913001162,S2-554304764,S3-482372234,S3-723550099,S3-686323886,S3-292727361,S3-749747810,S3-878582479,S3-34137359,S3-723736397,S3-855205222,S2-902964115,S3-861000929,S3-597425555,S3-85598318,S2-36593555,S3-896331791,S3-222409983,S3-851191725,S3-639721472,S3-248546957,S3-293216569,S2-664108852,S3-877095205,S3-529508487,S3-277730934,S3-198828861,S2-665119342,S3-585724487,S2-619114227,S3-217039093,S3-949571882,S3-796569505,S3-88134182,S3-490274047,S3-489855669,S3-506949622,S3-944904174,S3-698637631,S3-688914611,S3-276163495,S3-259402162,S3-573264347,S3-94808889,S2-503743087,S3-637383939,S2-692313839,S3-930168298,S3-536172089,S2-467692533,S3-122352388,S3-838416743,S3-197976801,S3-239578169,S3-260481606,S2-300623136,S2-792898152,S3-44106607,S3-902541845,S3-7040103,S2-802395851,S3-465857994,S3-400638464,S3-233259820,S3-539896631,S3-765884018,S2-906143380,S3-70528841,S2-243122737,S3-982075232,S3-315427726,S2-617399739,S3-46929237,S2-416755751,S3-541896279,S3-117586893,S3-543550490,S3-553487261,S2-109448412,S3-99765624,S3-747274804,S3-607162390,S3-717850458,S3-230196038,S3-70480060,S3-109796435,S3-383865213,S3-606644265,S3-453404850,S2-743952688,S3-388981527,S3-482832674,S3-709743023,S3-493473857,S3-977399629,S3-338880909,S3-838377508,S3-235170107,S2-546397105,S3-15156962,S3-601727587,S2-878033398,S2-208306199,S2-329680696,S3-967710137,S3-95463169,S3-947771067,S3-388728969,S3-2202261,S3-47771899,S3-501608952,S3-576442346,S3-898978073,S3-267122848,S3-803970290,S3-273925251,S3-363227425,S3-227058133,S3-364837058,S3-360380843,S3-448278355,S3-175648445,S3-344436781,S3-819591530,S3-695367368,S3-167591681,S2-717524948,S3-631926339,S3-121932069,S3-327433341,S3-719154835,S2-36445564,S3-963145614,S3-275341654,S3-149279530,S3-814371332,S2-518722789,S2-738041764,S3-451896329,S3-559885234
S1-772914073	S3-110476416,S2-348424823,S3-59933893,S3-746047380,S3-994591654,S2-151514660,S3-467251258,S2-383355616,S3-728580671,S2-910090974,S2-990787030,S2-313955120,S2-521739469,S2-418861086,S2-770588074,S2-486457812,S3-602206274,S2-319851392,S3-940948284,S3-573797000,S2-49069229,S3-705451366,S2-759972274,S2-287732160,S2-315480683,S2-185048111,S2-937397598,S2-241386385,S2-855114258,S2-918973885,S2-156292022,S2-145772427,S3-596281486,S2-588330548,S2-440077511,S3-51136306,S2-490413303,S2-958627837,S2-122078334,S2-228717952,S2-471214036,S2-501211852,S2-337194824,S2-601268574,S2-388958281,S2-485456571,S3-870867359,S2-205655615,S2-771719189,S2-43009798,S2-389529206,S3-611954606,S2-712179394,S3-425235174,S2-333365468,S2-61372543,S3-676615790,S3-107976059,S2-889883466,S2-399815856,S2-195840093,S2-980147149,S2-776999904,S2-179288484,S3-954670293,S2-501282473,S2-511252603,S3-991423693,S2-591540353,S2-297983449,S3-592114339,S2-545005001,S2-834028716,S2-224100536,S2-412583689,S2-41216917,S2-192312865,S2-175527408,S2-341257859,S3-494603003,S3-410764289,S2-618329833,S2-890290909,S2-9239069,S2-684535262,S2-397939055,S2-480685367,S2-686803202,S3-404840947,S3-383539270,S2-259272566,S2-809901111,S3-531321291,S3-278902358,S2-578321005,S2-91969961,S2-55225145,S2-777097274,S2-552878160,S3-340942343,S2-520089106,S2-25844522,S2-513577693,S3-460160365,S2-380989948,S3-846130008,S2-21336310,S2-343452452,S2-113129592,S3-684056240,S2-67455305,S2-551024375,S3-780695221,S2-599990359,S3-196744268,S2-614545003,S2-803379088,S3-326956185,S2-986646969,S2-611295194,S2-672191745,S3-654341428,S3-462383491,S3-780645225,S3-797638440,S2-34954098,S2-851473099,S3-288558089,S2-461473974,S2-960229601,S3-232163998,S2-913520939,S3-196384705,S3-62355979,S3-179012918,S2-207875527,S3-537068132,S2-649300155,S3-954470998,S2-30048306,S3-35120871,S3-326636338,S2-995715666,S3-204884699,S2-894491577,S2-891477386,S3-525615575,S3-988495405,S3-926280112,S2-495179311,S3-322285697,S2-79627178,S3-765673778,S3-32439683,S3-896577132,S2-468314434,S2-54885777,S3-443779192,S2-774736197,S2-576080264,S2-964296464,S3-711690143,S2-335173353,S2-196065955,S3-287601759,S2-571152274,S2-999235003,S3-714340178,S2-193151395,S2-150304161,S2-619206913,S3-159494953,S2-701285656,S2-257887414,S3-972554869,S3-110038745,S3-696690652,S2-95876908,S2-38127439,S3-127741306
S1-860482342	S3-853305906,S3-181508463,S2-243650020,S2-640120139,S2-496497737,S2-890084877,S2-500337723,S2-950931840,S2-654987180,S3-401754115,S3-209584694,S2-334006623,S3-470022967,S2-244698568,S2-614705727,S2-24740322,S2-743722065,S2-688290572,S3-999319576,S3-183805716,S2-568579698,S2-131435329,S2-459927119,S2-93937019,S3-701595061,S2-51698332,S2-388242142,S2-96068662,S3-791182780,S2-650777811,S2-616038866,S2-247452793,S3-671150571,S3-489831241,S3-458492030,S2-838593171,S3-130143312,S3-683295642,S2-817029992,S2-237808599,S2-81894381,S2-8415538,S2-19831491,S2-749534801,S3-384537596,S3-520215173,S2-40000338,S2-891383097,S3-277767984,S3-786118042,S3-754341174,S2-734341992,S3-778343866,S3-495646538,S2-115400988,S2-91776046,S2-808190290,S2-675644302,S3-552180348,S2-508391784,S3-144987339,S3-706485564,S2-61368935,S3-975475279,S3-760959067,S2-931084864,S3-255739917,S2-169479793,S3-415566983,S2-902707815,S2-451766122,S2-842164766,S3-707258096,S2-893716684,S3-482318421,S3-534578332,S2-677453227,S3-257362934,S2-549227107,S2-95733093,S2-423866335,S2-939985815,S2-179052007,S3-487859782,S3-379658867,S3-233557361,S3-242645790,S3-823248853,S3-152903089,S2-878648293,S2-296525470,S3-27273976,S2-322277968,S2-895690234,S2-463502496,S3-116102122,S2-754581506,S2-623316486,S2-378335414,S2-668782216,S2-616265562,S3-417230072,S3-279973987,S2-896959330,S2-857275799,S3-377017879,S2-172268075,S2-267369607,S3-416633133,S2-615778579,S3-358955723,S2-327173375,S2-342655156,S2-587171542,S2-571058772,S3-578025073,S3-950165485,S2-119858935,S2-831507418,S3-573926286,S3-363098675,S3-977817872,S2-778206248,S3-181175418,S3-940961658,S2-185213512,S3-71429399,S2-120317674,S2-50247137,S3-576147302,S2-478704493,S2-512094960,S3-335862156,S3-943850002,S2-465774238,S3-996316470,S3-186500588,S2-474301975,S3-922573625,S3-186695986,S3-234011238,S3-768040803,S3-425451804,S3-169820243,S2-199515763,S3-129416567,S3-876046407,S3-293559393,S3-471492239,S3-794432184,S2-885493859,S3-574587263,S3-472244894,S3-47331926,S3-824382897,S2-701001774,S2-117191419,S2-7847064,S3-244937340,S3-956059747,S2-42312843,S3-820536037,S2-36098914,S3-966260464,S3-874997263,S2-395802601,S3-334116543,S3-984602243,S3-47471580,S2-441186612,S3-378981027,S3-474522650,S3-865293282,S3-47877671,S2-157096009,S2-978144883,S3-275270650,S2-845185779,S3-250817116,S3-308918741
S1-813052697	S2-972461738,S3-468708458,S2-195840093,S2-42706732,S2-207875527,S2-450374429,S2-759972274,S2-576080264,S3-12553974,S3-453404850,S2-752221784,S2-156292022,S2-672191745,S2-30366554,S2-838965028,S2-903744231,S2-588330548,S2-25844522,S2-418861086,S2-211605037,S2-990787030,S2-61372543,S2-485456571,S3-993392724,S2-461473974,S2-520089106,S2-889883466,S2-513577693,S2-440077511,S2-618329833,S2-397939055,S2-552878160,S2-486457812,S2-337194824,S2-155547755,S3-64110685,S2-145772427,S2-937626661,S2-771719189,S2-9239069,S2-423411786,S2-501211852,S2-501282473,S3-318522179,S3-652252594,S2-614545003,S3-49949966,S2-380989948,S2-783546164,S2-803379088,S3-865444005,S2-228717952,S2-185048111,S2-388958281,S2-113129592,S2-958627837,S2-521739469,S2-205655615,S2-910090974,S2-287732160,S2-49069229,S2-684535262,S2-34954098,S2-617116527,S2-122078334,S2-918973885,S2-250985878,S2-204111827,S2-297983449,S2-675955548,S2-822526227,S2-858014574,S2-30931575,S2-453044589,S3-783337925,S2-196065955,S3-581288707,S2-997583588,S2-937397598,S2-333365468,S3-791942362,S2-383355616,S2-712179394,S2-977064621,S2-224100536,S2-774736197,S2-341257859,S2-890290909,S2-151514660,S2-770588074,S2-591540353,S2-6556535,S2-964296464,S2-21336310,S2-545005001,S2-490413303,S2-701285656,S3-628870742,S2-725361973,S2-435265112,S3-260035935,S3-782167902,S2-193151395,S2-612471006,S2-980147149,S2-599628293,S2-686803202,S2-999235003,S3-370044319,S3-780695221,S2-269509975,S3-765320433,S2-239698666,S3-46144828,S2-834028716,S3-193345734,S2-192312865,S3-101654658,S2-578321005,S2-601268574,S2-941004388,S2-777097274,S2-344162889,S3-846130008,S3-902887227,S3-475870330,S2-893653501,S3-462214568,S3-959477442,S2-229984535,S2-263434387,S2-495179311,S2-886007943,S2-67455305,S2-41216917,S2-776999904,S3-335955103,S2-984783037,S2-464839378,S2-469205972,S2-821346158,S2-749836922,S2-516874971,S2-986646969,S3-941967423,S2-892040046,S2-885688057,S3-183055603,S3-326636338,S2-460178658,S2-150304161,S2-298152489,S2-921226399,S3-499221469,S3-38109864,S2-988697979,S2-207668022,S3-944326576,S2-894491577,S2-122293852,S2-125475310,S2-826790006,S2-63805139,S2-132742126,S2-551024375,S3-383539270,S2-851473099,S2-926583515,S2-95876908,S3-937274827,S2-397288702,S2-480685367,S2-135283869,S2-80283884,S2-835458073,S2-741786148,S3-795316347,S2-30048306,S2-599990359,S3-280631652
S1-366528589	S2-501282473,S2-617116527,S2-485456571,S3-335955103,S2-42706732,S2-880492587,S2-576080264,S2-287732160,S2-759972274,S2-588330548,S2-25844522,S2-618329833,S2-672191745,S2-207875527,S2-990787030,S2-461473974,S2-675955548,S2-380989948,S3-581288707,S2-486457812,S2-418861086,S2-552878160,S2-155547755,S2-156292022,S2-591540353,S2-980147149,S2-545005001,S2-49069229,S2-61372543,S3-652252594,S2-211605037,S2-228717952,S2-834028716,S3-318522179,S2-205655615,S3-993392724,S2-113129592,S2-333365468,S2-770588074,S2-337194824,S3-462214568,S3-783337925,S2-771719189,S2-783546164,S2-397939055,S2-30931575,S2-614545003,S2-196065955,S2-892040046,S2-520089106,S2-918973885,S2-256556343,S2-513577693,S2-224100536,S2-41216917,S2-838965028,S2-893653501,S3-846130008,S2-997583588,S2-521739469,S2-684535262,S2-195840093,S2-903744231,S3-563283148,S2-297983449,S2-132742126,S2-145772427,S2-490413303,S2-937397598,S2-774736197,S2-388958281,S2-453044589,S2-9239069,S2-501211852,S2-444259301,S2-712179394,S2-21336310,S3-902887227,S2-889883466,S2-822526227,S2-440077511,S2-686803202,S2-34954098,S3-2459469,S3-260035935,S3-49949966,S2-634786372,S2-910090974,S2-777097274,S3-468708458,S2-725361973,S2-851473099,S2-480685367,S3-64110685,S2-239698666,S2-984783037,S3-12553974,S2-601268574,S2-150304161,S2-269509975,S3-865444005,S3-765320433,S2-958627837,S2-67455305,S3-791942362,S2-151514660,S2-578321005,S2-341257859,S2-460178658,S2-803379088,S2-890290909,S3-811941400,S2-122078334,S2-612471006,S2-752221784,S2-250985878,S2-749836922,S2-858014574,S2-701285656,S2-383355616,S2-988697979,S2-427521195,S2-204111827,S3-183055603,S2-30048306,S2-185048111,S2-229984535,S2-495179311,S3-101654658,S2-999235003,S2-986646969,S3-193345734,S2-776999904,S2-780910748,S2-315218684,S2-926583515,S2-937626661,S2-257887414,S2-516874971,S2-964296464,S2-24769130,S3-42000871,S2-399815856,S2-468314434,S2-894491577,S3-237873919,S2-599628293,S2-193151395,S2-471214036,S2-186340265,S3-780695221,S2-898536195,S2-977064621,S3-475870330,S2-95876908,S2-298152489,S2-941004388,S2-318066509,S2-397288702,S2-255376163,S2-619677485,S2-263434387,S3-326636338,S2-885688057,S2-886007943,S2-361274973,S2-977360078,S3-336013291,S2-154239685,S2-125475310,S2-334284098,S3-283093225,S2-511252603,S3-21338683,S2-935207527,S2-571152274,S3-795316347,S2-321308609,S3-959477442,S2-344162889
S1-720336913	S3-319322627,S3-165765562,S3-77766630,S2-275231612,S3-541707690,S2-294998398,S2-629431053,S3-548625741,S2-549064643,S3-287521867,S2-48879393,S3-849499846,S3-662175430,S2-59604091,S2-502078035,S3-889777255,S2-462428237,S2-396661958,S3-799420878,S3-141432285,S3-187211490,S2-410801265,S2-93749685,S2-464405632,S3-676927086,S2-499252487,S3-270340972,S2-454483999,S3-911144781,S2-672367090,S2-783648666,S2-77706610,S3-435398491,S3-679244020,S2-580853997,S2-880426787,S2-185389152,S3-114469445,S3-214737749,S3-680187578,S3-207370127,S2-726539574,S3-459592939,S2-238848449,S3-629924937,S2-649106539,S3-626293954,S2-554899730,S2-202993756,S2-418140224,S3-109665178,S3-598041925,S3-304960308,S2-838089392,S2-823571560,S3-484417849,S2-882008416,S3-560450875,S3-6822167,S2-865296385,S2-871472066,S2-7208478,S2-340843905,S3-246002091,S2-71850350,S2-687464505,S3-582077735,S2-190725498,S3-342039463,S3-815372659,S2-888475867,S2-493735561,S2-15975240,S2-46302793,S2-180070025,S3-982107894,S3-563838302,S2-127425839,S3-205220467,S3-695929806,S3-492635654,S2-422634406,S2-915591197,S3-92755938,S2-112287031,S2-440311893,S3-193010580,S2-902864222,S3-801458660,S3-997697927,S3-837079914,S2-900266234,S2-645071199,S3-771777105,S2-690426266,S2-96817546,S3-585130700,S2-818434951,S3-427071576,S3-675446230,S3-390440571,S2-80194582,S2-805312676,S2-844189091,S3-170093050,S2-54070460,S3-960049027,S3-81009378,S2-99438370,S2-725035991,S3-636249405,S2-786237872,S3-290011831,S2-755626247,S3-240958385,S2-420814161,S3-585647861,S3-729283303,S3-900758695,S3-745785960,S2-341168532,S3-522370955,S2-647945622,S3-557590556,S3-665164579,S3-882709267,S2-261149262,S2-11399040,S2-8335395,S2-272351032,S2-573848201,S2-850195083,S3-426099075,S2-411365134,S2-220684125,S2-713264333,S2-773388064,S3-491264868,S3-308621614,S3-492683621,S3-601037548,S2-916744336,S2-819895550,S3-171786414,S3-674057468,S2-747277866,S3-852035874,S2-412180114,S2-670917034,S3-48797858,S3-180899848,S2-912224990,S3-57867301,S2-641290779,S3-755514918,S2-205139630,S3-719863593,S2-884695449,S2-326224715,S3-424943129,S2-480006522,S2-257820483,S3-463960582,S3-766141107,S2-964463489,S3-96658915,S2-344582664,S2-649414925,S3-242923759,S2-262646344,S2-547317455,S2-82513978,S3-77257430,S2-877613262,S3-944594559,S2-741747974,S2-879573885,S2-108984077,S3-33630525,S2-195567288
S1-640880009	S2-906850128,S2-682635484,S2-402667390,S2-484964808,S3-676531581,S2-684739496,S2-787788460,S2-372506596,S2-929345938,S3-500217693,S2-693622476,S3-512197984,S3-268863446,S2-798160947,S2-337178862,S2-518851015,S3-260378726,S2-304307378,S2-31694455,S2-541229736,S2-313293468,S2-139485264,S2-133942856,S3-858397119,S2-152242041,S3-964590877,S3-945185785,S3-499623421,S2-346003793,S2-79605788,S2-595265518,S3-910753717,S3-768243216,S2-651976387,S2-697135190,S2-592250864,S2-193016113,S2-279171380,S2-695952869,S3-638178620,S3-289456993,S2-532950722,S2-593223632,S2-395418467,S3-987375755,S2-8515461,S3-234177578,S2-932092761,S2-814669132,S2-911429299,S2-277278938,S2-327746029,S3-670513615,S3-171792116,S3-999317620,S3-681686939,S2-959015092,S2-644189313,S2-33330290,S3-622313433,S2-142129888,S2-733331034,S3-978630099,S2-957129546,S2-440086449,S2-872215301,S2-513862374,S3-175039721,S2-568518852,S3-284064878,S3-34291246,S3-269409801,S2-420268581,S2-638461185,S3-199617731,S2-239638282,S2-361736820,S2-328555084,S2-63388221,S2-480915493,S3-607227785,S2-493068716,S2-57063876,S2-588528841,S2-17678839,S2-875932043,S3-448349907,S3-319648732,S2-929453318,S3-273172824,S2-756719443,S2-29643171,S2-436440977,S2-120654843,S2-880334820,S3-969774759,S2-122398080,S2-365532266,S3-768875452,S2-96581846,S3-830267222,S3-149331660,S2-407912166,S3-831020147,S2-459764544,S2-323071794,S2-563701958,S2-243721247,S2-956253307,S3-44912387,S3-699804574,S2-506930196,S2-516870300,S2-140078601,S2-645535621,S3-220101506,S2-817983379,S3-441093834,S2-88268880,S2-271505956,S3-864547260,S3-918134085,S2-16765931,S2-967588552,S2-998178180,S2-399045871,S3-12658665,S2-645552896,S3-896661983,S2-297259987,S2-122168468,S3-662320078,S3-865052172,S2-592287673,S3-710379683,S2-158257063,S2-46068313,S3-503972527,S3-57929830,S2-623503570,S2-415723875,S3-80717219,S3-710116871,S3-767513081,S2-780591402,S2-419925511,S2-86480421,S2-368320826,S2-949568069,S3-838628841,S3-839934108,S3-182807662,S2-37796004,S2-994716597,S3-523397952,S3-445051431,S3-530534466,S3-487923187,S2-765287043,S2-689334090,S3-107533739,S3-429396140,S3-71504117,S2-677020928,S3-993551781,S2-358654608,S3-316195809,S2-35833322,S2-155197797,S3-891436302,S3-247442919,S3-203039753,S3-58404053,S2-260264822,S2-140239772,S3-875212996,S2-831464342,S3-137471515,S2-243767830,S2-826808370
S1-887500171	S2-744635603,S3-10459329,S2-718560204,S2-239070834,S3-455862734,S2-259017641,S2-682964084,S3-422815078,S3-573314762,S2-98409268,S3-686450431,S2-169043051,S2-231220480,S2-438701571,S3-330152934,S3-604655394,S3-629508691,S2-151147167,S3-839302986,S3-430422018,S2-555300384,S2-573968518,S2-709205073,S2-464726955,S2-144066553,S3-855537822,S2-496306318,S2-53725511,S2-271505956,S3-367160245,S3-478490624,S3-102400167,S2-397987816,S3-445131048,S3-341970397,S2-205283758,S3-160167643,S3-273501114,S3-21915052,S2-69354231,S3-68660067,S2-407814797,S2-267241120,S3-168083997,S3-125799078,S2-424113384,S3-327760972,S2-21645518,S2-625287883,S3-932039888,S3-219563181,S3-180105856,S2-844003614,S3-583976846,S3-46849209,S2-286876293,S3-575838920,S2-723774212,S2-650665046,S2-726355196,S2-198283258,S3-320198133,S2-319710173,S2-138095008,S2-245878292,S2-565272097,S2-352524806,S2-106479854,S2-499383307,S2-19486657,S3-501236006,S2-44427487,S2-937759351,S2-634068583,S2-284015443,S3-419290170,S2-691792431,S2-722510752,S3-19378396,S3-974326294,S2-464776473,S2-718480121,S2-947273350,S2-508590881,S3-937510720,S2-146021424,S2-918973885,S2-787861634,S2-906594195,S2-583114929,S2-627682672,S2-752481543,S2-578502502,S2-388594236,S2-682012487,S2-749392034,S2-672191745,S2-576201028,S2-860947028,S2-80295737,S2-842455465,S2-833674913,S2-333709656,S2-956952534,S2-894301935,S3-341398575,S2-939852036,S2-908349295,S2-786123845,S2-447080339
S1-971996731	S2-590280766,S3-878028238,S2-355736542,S2-620563082,S3-455930990,S2-278761051,S2-298642925,S2-135251670,S3-464088678,S2-396857326,S2-124355652,S2-406345423,S2-254237917,S2-507916216,S3-406061152,S2-669236094,S2-836451563,S3-789718939,S3-461323882,S2-372936653,S3-153918356,S3-652252594,S2-934716922,S2-6840429,S3-460304682,S3-440398099,S3-949562787,S2-178779915,S3-287280635,S3-921378584,S2-408988885,S2-193182845,S2-410703906,S3-537475602,S2-403512702,S3-275937143,S2-7663294,S3-710535163,S2-153241304,S2-799797563,S2-451247253,S2-225108078,S2-475221902,S2-767453499,S2-394889172,S3-415590169,S2-101337037,S2-224215530,S3-364426998,S3-29698559,S3-577689079,S2-677910159,S2-981943356,S3-963223484,S2-589549611,S2-405652205,S2-521137694,S3-696258026,S2-801918709,S2-455950197,S2-495719794,S2-427035087,S3-569716244,S2-754184281,S3-4345039,S2-344719618,S2-290277100,S2-391663306,S3-817078811,S2-91709473,S3-666068348,S3-272728798,S2-33794821,S2-525884428,S3-629133280,S2-534748436,S3-754205432,S2-381258750,S2-606087329,S3-426988163,S2-208257360,S2-386308360,S2-720304745,S2-289376410,S2-239583669,S2-420681243,S3-471343482,S2-332920331,S2-43111166,S2-846582814,S3-258887002,S2-338090738,S2-269671468,S2-258187741,S2-865224901,S2-982463484,S3-671275337,S2-203007589
S1-104317115	S2-120300748,S2-618136856,S2-591876506,S2-21994381,S2-938846865,S2-345648173,S2-135244630,S2-74351789,S3-5039747,S2-502351575,S2-100444556,S3-406335797,S2-281056837,S2-235325225,S2-455365283,S2-178779915,S2-850232647,S2-535201703,S2-182040116,S3-450940878,S2-786654549,S2-69292456,S2-849512498,S2-357874611,S3-58785412,S2-202401902,S2-129725876,S2-96155126,S2-923247863,S2-290114593,S2-597694282,S2-676933783,S2-839627352,S2-192191241,S2-340390872,S2-802395851,S2-38062581,S2-429314182,S2-387291567,S2-499299724,S2-963803488,S2-994671947,S2-883874995,S2-552344048,S2-913169920,S2-887058391,S2-731051338,S2-87473476,S2-991925682,S2-382561902,S2-565744021,S2-86132595,S2-973459618,S2-776479560,S2-759355073,S2-409073014,S2-333865760,S2-998450705,S2-769979843,S2-2326543,S3-638327343,S3-24626475,S2-317887701,S2-947934443,S3-150255606,S2-599106166,S2-742307239,S2-859686899,S2-717773569,S2-549393453,S2-772700123,S2-40757259,S2-727649817,S2-182273804,S3-644835672,S2-689013563,S2-717813805,S2-739053823,S2-462414628,S2-101737789,S2-78465009,S2-225667164,S2-260115985,S2-354971231,S2-276949736,S2-636514738,S2-731198634,S2-810655587,S2-426933123,S2-285556917,S2-829547526,S3-878692629,S2-469081581,S2-685396460,S2-276198613,S2-780643260,S2-539957986,S2-950869462,S2-174665150,S2-152310863,S3-811697692,S2-776933635,S3-786699127,S2-363906243,S2-603765591,S2-751698768,S2-928635359,S2-248526346,S2-297320898,S2-790695031,S2-904430012,S2-219223249,S2-905336963,S2-824282783,S2-267693953,S2-95889450,S2-990799777,S2-374485588,S2-480230562,S2-129998399,S2-49027669,S2-822263206,S2-988352114,S2-449953927,S2-198589700,S2-225798504,S2-24811772,S2-847590509,S2-34516684,S2-765677324,S2-393902595,S3-951876123,S2-389662181,S2-848179436,S2-102577854,S2-754779681,S2-454288890,S2-898431581,S2-211278332,S2-259272566,S2-287693608,S2-703085578,S3-218347279,S2-7897884,S2-908717602,S2-582680087,S2-199719349,S2-572144264,S2-287858288,S2-70206851,S2-875547665,S2-131651142,S2-998362525,S2-796991793,S2-218818465,S2-321210455,S2-527435655,S2-143783156,S2-669957816,S2-229448410,S2-453762798,S2-598222961,S2-343991836,S2-44243919,S3-900260370,S2-183965359,S2-458748624,S2-309129827,S2-552147968,S2-850921702,S2-180233269,S2-689320736,S3-375756329,S2-652903084,S2-485686144,S3-477682199,S2-427161976,S3-393924952,S2-22034959,S2-2366485
S1-518257638	S2-779547355,S3-240202786,S2-275375188,S2-933088920,S2-42801585,S2-290816981,S2-479112018,S2-321254951,S2-81894381,S2-778498978,S3-616526603,S2-478079263,S2-879155825,S2-110279997,S3-456538653,S2-606999022,S3-74785845,S2-449961333,S2-579827370,S3-69863255,S3-398829194,S2-638427763,S2-472311131,S2-300121123,S2-856802130,S2-911310489,S3-466626386,S3-620433834,S2-313190120,S3-490430813,S2-245030141,S2-663202201,S3-449812988,S2-484671851,S2-810632526,S3-314374760,S3-317183225,S2-477302457,S2-118317744,S2-284962052,S2-254635128,S2-818338246,S2-587416163,S2-425334082,S3-307774530,S2-627682672,S3-605298651,S2-578895603,S2-157739359,S2-128758482,S3-191132471,S2-878037834,S3-95438049,S2-623567631,S3-928584875,S2-872543492,S2-91482168,S2-404348434,S3-157695395,S2-867590973,S2-21923784,S3-555804508,S2-959823673,S2-472335593,S3-931358398,S2-716863503,S3-170778747,S2-31431545,S3-266319746,S2-210314492,S2-603565917,S3-231661363,S2-65576636,S2-313955120,S3-15156962,S2-823976661,S2-779126712,S3-384351869,S2-866164733,S3-328857929,S3-998399113,S2-823920968
S1-884660527	S2-787129258,S3-35731676,S3-724981940,S3-966662001,S2-592056745,S3-918055462,S3-943933402,S2-788086869,S2-765515771,S2-66702858,S2-427036882,S3-710490604,S2-298281864,S2-381625332,S3-415820845,S3-352400318,S2-597371001,S2-872219218,S2-390082453,S2-139485264,S3-664930211,S2-134319138,S3-525108693,S2-687272455,S3-670236252,S2-217034051,S3-477375109,S2-426007255,S3-940030301
S1-910004085	S2-155138353,S3-527642797,S2-85856138,S2-959015092,S2-802693248,S2-667062466,S2-647740777,S2-727756641,S2-266592280,S2-980957424,S2-303201573,S2-23739905,S3-57188457,S2-580599447,S2-730544924,S2-259254879,S2-757918548,S2-219268710,S2-122663086,S2-835489415,S2-920706385,S2-15571876,S2-983744163,S2-988371892,S3-313793222,S2-411224156,S2-317931503,S3-887371844,S2-987434889,S2-5882373,S2-175696582,S3-536255534,S3-919291751,S2-414037284,S2-487248093,S2-526434956,S3-682024802,S2-944219062,S2-592250864,S2-386724887,S2-299149415,S2-824132334,S2-254413757,S2-742169755,S2-791264119,S2-407675341,S2-206308884,S3-703119861,S2-705903019,S2-206368087,S2-938065576,S2-495337129,S2-439153049,S2-558187051,S3-189865464,S2-786111846,S2-53137097,S2-575142052,S2-274863510,S2-644849827,S2-267693953,S2-59427669,S2-144543231,S2-769651124,S2-407777610,S2-63117139,S2-29491413,S2-991671297,S2-541960990,S3-938255604,S2-356505888,S2-343142753,S2-210791875,S2-223826524,S2-210463649,S3-352692826,S2-600460285,S2-30931575,S2-552422416,S2-72495135,S2-236507762,S2-272154160,S2-513576095
S1-591894902	S2-207991328,S3-30885779,S3-205385208,S2-317888759,S2-237976616,S2-878176855,S2-623075578,S3-231385884,S3-662320078,S2-827297664,S2-111431126,S2-670162547,S3-337168943,S2-675168245,S2-328207475,S2-329091536,S2-350848683,S2-104213278,S3-521496466,S2-642435350,S3-15510876,S2-964774733,S2-259147670,S2-751921067,S3-44813988,S2-957129546,S3-173526100,S3-66734074,S2-975181680,S3-103517491,S2-838666746,S2-84473557,S2-23739905,S3-391637494,S2-625404541,S2-682139452,S3-154520356,S2-854893337,S3-368280605,S2-150265021,S2-209983701,S2-800675490,S2-249550570,S2-368320826,S2-372420557,S2-73638823,S2-44035259,S2-29643171,S3-834517174,S2-305814272,S3-97732517,S3-155179910,S2-297259987,S3-23829730,S2-212253358,S2-714611559,S3-970529444,S3-302761793,S2-64391842,S3-247442919,S2-665332697,S2-815115300,S3-51859802,S2-437683436,S3-712334186,S2-67196640,S3-497407713,S2-974769151,S2-731957285,S3-866107731,S2-647018730,S3-756282620,S2-393187202,S2-783990032,S3-448675160,S3-920915230,S3-251416080,S2-943394104,S2-848860693,S2-976626376,S3-894713170,S2-451758190,S2-83558603,S2-606808128,S2-255281915,S2-804612202,S3-974337051,S3-299078559,S2-820152143,S3-16100367,S2-522377123,S2-721023618,S2-193016113,S2-52979924,S3-523397952,S2-601677778,S2-870855126,S2-443010608,S2-141345465,S3-721761087,S2-436440977,S2-493068716,S2-980350637,S3-556634055,S3-203039753,S2-6529437,S2-645535621,S3-10360627,S3-481434145,S2-48314096,S2-761225909,S3-12658665,S3-981722488,S3-684407665,S2-798160947,S3-141821860,S2-327895743,S2-544169592,S2-322679152,S2-910360873,S2-123575143,S2-657534932,S3-423222028,S3-267883217,S2-725430941,S2-729556984,S3-716946473,S2-322058311,S3-481581345,S3-748187861,S3-899902174,S2-905010895,S2-342592766,S3-400634892,S3-840801529,S2-395436183,S2-994663186,S3-997390616,S3-949772589,S3-964590877,S2-758087657,S2-947784266,S3-712944620,S3-563440300,S3-705863748,S2-715304666,S3-856896406,S2-113385809,S2-568605,S2-43284984,S3-695804717,S3-939588631,S3-391962962,S3-251573302,S2-180831308,S2-714453974,S3-737083624,S2-783670116,S3-628988476,S3-991519299,S3-976680964,S3-512197984,S3-403386562,S3-711845037,S3-327315714,S2-558772768,S2-367590410,S3-635839248,S3-510945278,S3-655514684,S2-595735456,S2-644063245,S3-816949242,S2-420268581,S3-865052172,S2-33330290,S3-797337828,S2-532950722,S3-412434453,S3-811285616
S1-142638295	S3-735911553,S2-988818211,S3-535128582,S3-172261363,S3-362310952,S3-160526692,S3-998731432,S3-539207658,S2-410629067,S2-96368391,S2-279256078,S2-765834139,S2-348744548,S2-717201533,S3-670061907,S3-107273061,S2-401975713,S3-922814588,S3-63244810,S2-504284947,S2-613021953,S3-90924572,S2-170498782,S3-806928667,S3-282452546,S3-716912871,S2-933724724,S2-857242784,S2-637136663,S2-158681675,S3-94466409,S2-715593762,S2-75676145,S3-808651670,S2-810300100,S3-524457791,S2-973459583,S3-746567199,S3-459650342,S3-153886846,S3-86491747,S2-743735511,S3-22321512,S2-14402848,S3-47419216,S3-670310749,S3-929474627,S2-828080801,S2-299641245,S2-192795894,S3-71255008,S3-672963678,S3-167188465,S2-771831940,S3-774854286,S2-776085512,S3-845600681,S2-176998529,S2-263211392,S2-529420923,S3-721951487,S2-642968609,S2-110110097,S3-945445902,S3-352939093,S3-801096079,S3-752003064,S3-980408146,S3-607547684,S3-631044432,S3-750917543,S3-536662266,S2-15909748,S2-258925491,S3-602548652,S3-787827761,S2-45308003,S2-425292799,S3-209257221,S3-954007146,S2-86827443,S2-503797365,S2-697514180,S3-784664149,S3-526886844,S2-929087667,S3-426990951,S2-739699756,S3-691478522,S2-20798878,S3-609556235,S2-507811828,S2-952556671,S2-462781289,S3-20123684,S3-192295368,S2-736816883,S3-559216489,S2-300443218,S3-585220678,S3-928125785,S3-411872979,S2-229203598,S2-677611473,S2-54935976,S2-236079990,S2-400962208,S3-881417865,S3-730079493,S2-858213429,S3-360770951,S3-402540896,S3-501865392,S3-394930084,S3-985751969,S2-47713163,S3-741932989,S3-425805161,S2-186099239,S3-819857072,S2-405084080,S3-580539250,S3-171876413,S2-463647269,S3-310870446,S3-345261156,S2-465451543,S3-36174880,S3-688859974,S3-510120390,S2-52880044,S2-938900390,S3-695370441,S3-186904109,S3-734973628,S2-135506804,S3-92547147,S2-950797288,S3-337294029,S2-294315780,S2-121889451,S2-529650669,S2-822440226,S3-39709854,S2-676901170,S2-327370520,S2-775523121,S2-542711036,S2-419407012,S3-186096985,S3-581397602,S2-512021290,S3-390038971,S2-443677278,S2-370919988,S3-383120400,S2-530243272,S3-141135397,S3-254399837,S3-363629254,S3-655482194,S3-598392265,S3-144159472,S3-285673802,S2-321991265,S2-526287565,S2-716588220,S2-591742639,S2-777256368,S3-587258953,S3-744251626,S3-674755686,S2-898340782,S3-293099804,S2-778868403,S2-810986651,S3-99702259,S3-727749384,S2-424060577,S2-433063720
S1-950720921	S2-435734109,S2-87473476,S2-805068624,S2-317734667,S2-938846865,S2-575306289,S2-333865760,S2-552344048,S2-597694282,S2-591876506,S2-449953927,S2-101737789,S2-267693953,S2-717813805,S2-260115985,S2-905336963,S2-129998399,S2-998450705,S2-276198613,S2-549393453,S2-78465009,S2-131651142,S2-772700123,S2-444178224,S2-923247863,S2-977008661,S2-135244630,S2-469081581,S2-317887701,S2-180233269,S2-898431581,S2-183965359,S3-139707823,S2-363906243,S2-268681926,S2-819205378,S2-100444556,S2-790695031,S2-454288890,S2-739894230,S2-225798504,S2-499299724,S2-192191241,S2-913169920,S2-742307239,S2-340390872,S2-765677324,S3-203080393,S2-828827277,S2-345648173,S2-276757029,S2-776933635,S2-963803488,S2-582680087,S2-703085578,S2-988352114,S2-86132595,S2-225667164,S2-887058391,S2-428542220,S2-409073014,S2-354971231,S2-769979843,S2-822263206,S2-40757259,S2-950869462,S2-374485588,S3-150255606,S2-731051338,S2-178779915,S2-779910674,S2-295646726,S2-886729162,S2-603765591,S2-525800553,S2-618136856,S2-219223249,S2-62629761,S2-143783156,S2-565744021,S2-453762798,S2-635543733,S2-22034959,S2-731198634,S2-202401902,S2-21994381,S2-754779681,S2-859686899,S3-388972379,S2-364729817,S2-297320898,S3-250523417,S2-908717602,S2-824282783,S2-883874995,S2-652903084,S3-964628585,S2-49027669,S2-802395851,S2-382561902,S2-934199330,S2-120300748,S2-198589700,S2-69292456,S2-637437297,S3-765606146,S2-685396460,S2-290114593,S3-332243977,S2-713168031,S2-599106166,S2-647059994,S2-429314182,S2-518608113,S2-343991836,S2-636514738,S2-285556917,S2-387291567,S2-2366485,S2-458748624,S2-875547665,S2-850921702,S3-58785412,S2-342366456,S2-557620447,S3-719899507,S2-51134507,S2-790721932,S2-994671947,S2-502351575,S3-155279112,S3-30589892,S2-871621372,S2-759355073,S3-599404502,S3-709547160,S2-288285136,S3-779199417,S2-182273804,S3-337142950,S2-928635359,S3-649109731,S3-752032262,S2-480230562,S2-24811772,S2-102577854,S2-796991793,S2-96155126,S2-689013563,S3-294917824,S2-426933123,S3-200420688,S2-434164436,S2-588922526,S2-885143036,S2-363312407,S2-259272566,S2-904430012,S2-174665150,S2-400939645,S2-973697489,S2-411720838,S2-281056837,S2-950121078,S2-72790142,S2-676933783,S3-900260370,S2-275873069,S3-290293800,S2-552147968,S2-991925682,S2-199719349,S2-829547526,S2-717773569,S2-990799777,S2-276949736,S3-528291616,S2-144178470,S3-309245988,S2-287858288
S1-183285524	S2-370841892,S2-172142725,S2-664828053,S2-841071717,S2-142313940,S2-224820418,S2-948894912,S3-522092597,S2-126555429,S3-507074690,S3-214593864,S2-988029522,S2-30681866,S3-578011415,S3-514166056,S2-499505081,S3-194726777,S2-683398577,S2-694073194,S3-83693179,S2-686236213,S2-515032104,S3-940574506,S2-688943467,S2-657007862,S2-1734121,S2-615009478,S2-476350086,S3-553340278,S2-496306318,S3-824593571,S3-876988958,S2-463134710,S3-201635373,S2-621663546,S2-484033885,S3-593796376,S2-809690243,S3-813639175,S2-453154158,S3-548474741,S2-408268142,S3-814382992,S3-640263072,S3-274184024,S2-972467267,S2-51615186,S2-291827529,S2-87830401,S3-539513285,S2-143610967,S3-602315179,S3-372346297,S3-205613692,S3-439518272,S2-367152592,S2-209534431,S2-269699057,S3-288471607,S2-665911660,S2-547878739,S2-913170244,S3-664710868,S3-588881635,S3-254258571,S3-583737131,S2-900732677,S2-757534042,S3-972894831,S2-859991791,S2-385317894,S3-126518477,S3-558673736,S2-677424766,S2-379203700,S2-141279511,S2-172339003,S3-889738335,S2-881286121,S2-955029768,S3-469064442,S3-853157811,S3-360639400,S3-334864251,S3-639988715,S2-32792012,S2-532708976,S3-51420235,S2-138774007,S2-23878331,S3-323251001,S2-58857525,S3-311404174,S2-198598305,S2-312265722,S2-14302759,S2-844003614,S2-944941126,S2-89207570,S2-979401692,S2-936264037,S2-741068630,S2-738298889,S3-909517796,S3-654650748,S2-404117069,S2-350020248,S2-448530389,S2-594388053,S2-465774238,S3-657235525,S3-459538515,S3-52148510,S2-681261480,S2-695784416,S2-968710820,S2-149852320,S2-750024428,S3-718504937,S2-144304702,S3-708257221,S3-115570384,S3-579260327,S3-177244648,S3-755180834,S3-749530185,S2-571709711,S2-921336504,S2-603597059,S2-407675341,S3-713832596,S3-925928023,S2-769123206,S2-547594988,S3-903359756,S2-535986976,S3-97102894,S3-762858573,S2-551376671,S2-575432786,S3-545520685,S2-354060049,S2-925094654,S2-103762621,S2-701777161,S3-177387705,S3-394026389,S2-700356863,S3-978534496,S2-478737337,S2-690552129,S2-751202314,S3-260939837,S2-254482649,S2-289373702,S3-303418827,S3-264049044,S2-651193935,S2-468126214,S2-97367999,S3-34766123,S3-172157568,S2-249377934,S2-746484928,S2-703109,S2-61166243,S2-171504672,S2-557113101,S3-650247863,S3-819715801,S2-269300058,S2-967688074,S2-516652544,S2-941761654,S3-956529663,S3-407347257,S2-323337217,S3-799445548,S2-703516110,S3-310096351
S1-714649207	S2-759355073,S2-991925682,S2-477445858,S2-850921702,S2-300023280,S2-90530348,S2-345648173,S2-545840360,S2-462414628,S2-499299724,S2-78465009,S2-990799777,S2-904430012,S2-549393453,S3-58785412,S2-565744021,S2-290114593,S2-887058391,S2-685396460,S2-86132595,S2-861748088,S2-100444556,S2-618136856,S2-717813805,S2-469081581,S2-552344048,S2-2366485,S2-178779915,S2-182273804,S2-363906243,S3-150255606,S2-429314182,S2-285556917,S2-765677324,S2-994671947,S2-599106166,S2-225667164,S2-499516165,S2-731051338,S2-713168031,S2-913169920,S2-180233269,S2-276949736,S2-444178224,S2-87473476,S2-101737789,S2-143783156,S2-645838319,S2-790695031,S2-409073014,S2-480230562,S2-822263206,S2-333865760,S2-908717602,S2-923247863,S2-597694282,S2-260115985,S2-824282783,S2-21994381,S2-453762798,S2-225798504,S2-603765591,S2-192191241,S2-776933635,S2-754779681,S2-343991836,S2-135244630,S2-988352114,S2-382561902,S2-780643260,S2-44243919,S2-743023315,S2-354971231,S2-199719349,S2-703085578,S3-51136306,S2-652903084,S2-689013563,S2-280474898,S2-276198613,S2-717773569,S2-40757259,S3-290116763,S2-458748624,S2-963803488,S2-297320898,S2-454288890,S2-131651142,S2-950869462,S2-998450705,S2-658194029,S2-67600942,S2-742307239,S2-259272566,S2-227618431,S2-669957816,S2-871621372,S2-998362525,S2-211278332,S2-387291567,S2-828827277,S2-317887701,S3-934065775,S2-426933123,S2-904055422,S2-727649817,S2-69292456,S2-859686899,S2-364729817,S3-564464453,S2-898431581,S2-802395851,S2-449953927,S2-340390872,S2-847590509,S2-975826015,S2-772700123,S2-938846865,S2-129998399,S2-502351575,S2-174665150,S3-290293800,S2-928635359,S2-255554320,S2-769979843,S2-591876506,S2-779910674,S2-235325225,S2-102577854,S2-626905689,S2-374485588,S2-267693953,S2-633888738,S2-796991793,S2-72437668,S2-829547526,S2-647059994,S2-198589700,S2-905336963,S2-342366456,S2-281056837,S2-62629761,S2-183965359,S2-582680087,S2-552147968,S2-883874995,S2-152310863,S2-950121078,S2-875547665,S2-987180214,S2-750801102,S2-295646726,S2-139613529,S3-900260370,S2-689320736,S2-246344076,S2-219223249,S2-228455810,S2-22034959,S3-891899299,S2-357874611,S2-279565254,S2-49027669,S2-722462435,S2-365575093,S2-519573530,S2-606608228,S2-739894230,S2-431624854,S2-692986269,S2-287858288,S2-202401902,S3-87526296,S2-55225145,S2-96155126,S2-268681926,S2-886729162,S2-518608113,S2-731198634,S2-143755487
S1-841168517	S2-896802437,S2-835391119,S2-564775857,S2-57325173,S2-710654660,S2-642938176,S2-244208993,S2-832246230,S2-177126591,S2-831353471,S2-945273014,S2-972561165,S2-827757112,S2-348692468,S2-432415976,S2-122759291,S2-791867311,S3-568202786,S2-235992773,S3-199911041,S2-932412889,S3-767414685,S2-465351616,S2-541028987,S2-394629152,S2-652797453,S2-78061117,S2-871596900,S2-164232249,S3-542065115,S3-589056677,S2-785329750,S2-973074537,S3-931597723,S2-981442259,S2-167013703,S3-491871781,S3-664158078,S3-439949640,S3-721100728,S3-869986843,S3-905555150,S3-902848209,S2-859011066,S2-369916438,S3-191163468,S3-36625152,S2-689933660,S3-477683479,S3-472975029,S2-369634827,S3-378553373,S3-991179212,S3-955156501,S2-276663624,S3-913765014,S3-740883009,S3-524333863,S3-271608303,S2-144872066,S3-723733549,S3-927437250,S3-264470705,S3-944604520,S3-849839610,S3-932537375,S3-325509793,S3-941598136,S3-579384415,S3-9920086,S3-875346687,S3-612089474,S2-703172444,S2-69572194,S3-536005727,S2-833902684,S3-102400167,S3-543298399,S2-554789071,S3-564659545,S3-215277568,S2-422241712
S1-819898451	S2-99269459,S3-631044432,S2-765834139,S3-39519674,S3-397436674,S2-766474348,S2-503797365,S3-561619614,S2-529420923,S2-790539300,S2-48846333,S2-209622054,S3-601999764,S2-333486848,S3-873113499,S3-699855249,S2-467695831,S2-433577336,S3-463278674,S2-526735334,S2-523951310,S2-754136872,S2-803068701,S2-381495092,S2-229203598,S3-22321512,S3-536569155,S3-744251626,S3-23518063,S3-475656232,S2-761186539,S3-372959958,S2-589557905,S2-677611473,S2-466691175,S3-233087378,S3-260815181,S2-423367668,S3-367614197,S2-975664547,S3-156752988,S3-160776850,S2-804871649,S2-767497774,S2-864041788,S2-218163632,S2-762310335,S3-808651670,S2-399597228,S2-169692904,S2-218575570,S3-8200545,S3-685042046,S2-227333460,S2-736816883,S2-968505057,S2-921744764,S3-561839301,S3-209216351,S3-655482194,S2-735407031,S2-88909454,S2-806392216,S3-761081103,S3-501865392,S3-160526692,S3-330930479,S3-995734768,S3-479862471,S3-828458114,S3-397549595,S2-164885954,S2-795608900,S3-91490161,S2-927296727,S3-425970770,S3-50316458,S2-337360301,S2-405084080,S3-730079493,S3-501737551,S3-744989668,S3-498706413,S2-672741465,S3-192295368,S3-672963678,S3-363629254,S3-526886844,S3-24193561,S3-98192207,S2-771831940,S2-856335836,S3-911339326,S2-434164886,S2-410629067,S2-466919059,S3-869976057,S2-884396375,S3-36174880,S3-248800759,S2-5159063,S2-109286655,S3-186158613,S3-559216489,S2-885212289,S3-869773948,S2-82265292,S2-158681675,S3-691478522,S2-921322396,S2-44713064,S2-236079990,S3-524457791,S3-853550466,S3-383120400,S3-425805161,S3-349964138,S3-581397602,S3-326064191,S2-742285186,S3-752003064,S3-344746098,S3-61245170,S3-430108463,S3-851710769,S3-38955982,S2-792642549,S2-317895232,S3-922814588,S2-294315780,S2-462781289,S2-20798878,S2-974827611,S2-929087667,S3-440887348,S2-668767048,S2-713079290,S2-767912318,S2-425292799,S3-554586547,S2-86917411,S3-412307944,S2-830240705,S3-576682237,S2-52880044,S3-980408146,S2-121929538,S3-366311053,S3-674755686,S3-688859974,S3-167188465,S3-63244810,S3-851471320,S2-285666564,S2-984363671,S2-632836044,S3-137797686,S2-68482792,S2-775523121,S2-176998529,S3-198633149,S2-810986651,S3-384294912,S2-110110097,S2-942584049,S3-276253166,S3-832420825,S2-350216748,S3-624620641,S2-558799392,S3-200210443,S3-432037879,S3-909293584,S3-929474627,S2-294874898,S3-880144487,S3-764774108,S2-54935976,S3-994112997,S3-293099804
S1-949091955	S2-398889556,S2-616355498,S3-33431981,S3-513815830,S2-135097802,S2-508109808,S2-124016618,S2-883994754,S2-614512994,S3-252766980,S3-203589500,S3-530658263,S3-467282506,S2-339209718,S2-68759678,S3-384537596,S3-777704013,S2-814462968,S3-592318122,S2-729755503,S2-480915493,S3-336899491,S3-998133141,S2-995219531,S3-34766123,S2-478479001,S3-455517686,S2-322737020,S3-378709231,S2-4626408,S2-821773705,S2-876878167,S3-123806671,S3-147944095,S3-233456156,S3-388010068,S2-255481825,S2-233273789,S3-844343266,S3-137342971,S3-982762418,S3-659278034,S2-546430118,S2-784046963,S2-739997154,S2-726616192,S2-2641867,S3-443484480,S2-221302335,S2-306547398,S2-395436183,S2-578788567,S2-877133584,S2-766716297,S2-458816444,S2-516174026,S2-388594236,S2-979096206,S2-591945540,S2-262398612,S2-973495524
S1-552966879	S2-400755412,S2-138154935,S2-46746151,S2-230476750,S3-732988629,S2-218396425,S3-617343658,S3-864436832,S3-814823746,S2-37907319,S2-164704867,S3-39329320,S3-736494730,S2-473427722,S2-367560858,S2-369353988,S2-561617628,S2-46251183,S3-167249043,S2-843952537,S2-320850249,S2-391511908,S3-954795374,S2-12987045,S3-10891585,S2-476532488,S2-936517897,S2-725755699,S2-427154403,S2-166204215,S2-767242243,S3-53138962,S2-113653299,S2-640702121,S3-802058754,S2-791288340,S2-226207061,S2-64327670,S2-495395238,S3-254085432,S2-983421828,S2-563837315,S2-411971892,S2-14075834,S2-7134548,S3-974967374,S2-591480430,S3-847768849,S2-406270393,S2-422993819,S2-676390111,S2-314093282,S3-386862688,S2-544744703,S3-774292319,S2-614146034,S3-777975608,S2-29165633,S2-650289538,S2-265013845,S3-305953999,S2-335147570,S2-270743332,S2-113840302,S2-706954273,S3-344436781,S3-362912785,S3-715389618,S2-276208795,S2-864702076,S2-873269194,S2-460796334,S2-27701667,S2-538599452,S3-671586945,S2-661485733,S2-21471263,S2-258201185,S2-656028799,S2-790080617,S2-837340322,S2-541239977,S3-507870144,S2-842611061,S3-835696533,S2-234459440,S2-941618718,S2-492723441,S3-467283862,S2-134830088,S2-712300732,S3-200739789,S3-195840736,S2-695324397,S2-208712449,S2-290277100,S2-394968734,S3-538432776,S2-898125627,S2-79919892,S2-312863538,S3-382870603,S2-789750249,S2-368130743,S3-284848507,S2-844512989,S2-446226433,S3-135912001,S3-521918632,S2-442099802,S2-211680515,S2-323205883,S2-647747433,S2-204135404,S3-505028609,S2-137793049,S2-325960122,S2-372517599,S3-442104505,S2-304719869,S2-601113320,S2-601032627,S2-261653490,S2-499949518,S2-722548684,S2-518679206,S3-81458328,S2-12269522,S2-586647141,S2-337736101,S2-992249487,S2-579777488,S2-274181567,S3-693533047,S2-228830917,S3-656749670,S3-167258292,S3-519200494,S2-806956628,S3-225943335,S2-723513824,S3-872050970,S2-930127878,S3-397441613,S2-409062448,S2-410804005,S2-629654694,S3-466073079,S3-318588166,S3-322285697,S2-64310140,S3-553464840,S2-399669447,S2-858333831,S2-973619712,S3-173398261,S3-115223735,S2-253455324,S2-342387202,S2-481946162,S2-418297862,S2-483274799,S3-46615497,S3-363885267,S2-476465262,S2-125457218,S3-180090918,S3-16944263,S3-767700296,S2-284797430,S3-897271718,S3-643779851,S2-365338688,S2-345109638,S3-548980507,S3-647738739,S3-542421908,S2-2907580,S2-646065485,S2-743487746
S1-220057580	S2-416878413,S3-72716242,S2-723518012,S3-768957450,S2-351586681,S2-216967133,S2-236543422,S2-277735731,S3-911269666,S2-94007304,S2-190253739,S2-364551077,S2-271439012,S2-718494723,S2-117267519,S3-602960033,S2-956867829,S2-570058736,S3-540764543,S2-172931117,S2-239469513,S2-73697576,S2-883785499,S2-63184086,S3-187839862,S2-310754463,S3-292794271,S3-610896126,S2-273057297,S2-792958190,S2-923755234,S2-236658994,S2-458909101,S2-276569893,S2-784442772,S2-236321150,S2-555793148,S2-353140145,S2-711782291,S2-461623009,S2-689098862,S2-299309149,S3-487101652,S3-572730157,S2-164012387,S3-332977820,S2-733494616,S3-288184229,S3-552304758,S2-258043694,S2-252609435,S2-999900102,S2-729311287,S2-423450469,S2-474358508,S2-731381882,S2-719866228,S2-30359763,S2-832312616,S3-898453800,S2-376606837,S2-379558632,S2-936408136,S2-440916264,S2-56655422,S2-238705629,S2-828853188,S2-194490292,S2-869015498,S2-124406055,S2-753939967,S3-319087708,S2-142645843,S2-449821738,S2-437136287,S3-894109506,S3-720784849,S2-553971690,S2-617935311,S2-783884730,S2-572747167,S3-692515774,S2-367421262,S2-144140225,S2-971092647,S3-666893710,S2-532515474,S2-837092653,S2-494227665,S2-664252999,S2-391293566,S2-351869951,S2-269834071,S2-230479372,S2-545300037,S2-282814499,S3-323347723,S2-227706467,S2-387488972,S2-714868741,S3-770495362,S2-401989526,S2-328994531,S2-664108852,S2-892097632,S2-363906243,S3-285290797,S2-530685908,S2-357230253,S2-784098039,S2-836691288,S2-914943499,S2-895103617,S2-838812336,S2-726819490,S2-953493960,S3-72291071,S2-319187695,S2-840373534,S2-415479390,S3-712330432,S2-772806454,S2-891483256,S2-944100561,S2-242643000,S2-345443624,S2-245038605,S2-1769438,S3-601210579,S3-602619799,S2-503620985,S3-333641783,S2-465875774,S2-176695463,S3-369653307,S2-165898626,S2-930382947,S2-539362493,S2-242294970,S2-208722832,S2-913169920,S2-246760623,S2-210314492,S2-499281962,S2-200860494,S2-34433329,S2-961941974,S2-371301714,S3-529665313,S2-116390537,S2-466247761,S2-835946562,S3-604946597,S2-412164256,S2-652899117,S2-404444952,S2-217312677,S2-900449465,S2-942043898,S3-140519281,S2-431834266,S3-894469033,S2-991842499,S2-929952720,S3-477179739,S3-453626465,S3-560988841,S2-420260126,S3-275270650,S2-474434572,S2-950077998,S2-80489941,S2-119312652,S2-508603048,S2-740919227,S3-475744975,S3-695367368,S3-850470014,S2-580098998,S2-123023292
S1-64462728	S2-997134826,S3-533141595,S3-964521591,S2-986629134,S2-870682112,S2-403333810,S3-435150918,S2-789698410,S3-507474950,S3-278595025,S3-88754068,S3-625372232,S2-514751101,S2-444182535,S2-814800185,S2-124355652,S3-582263893,S2-711253667,S3-123408617,S2-869133262,S2-596696494,S2-196028917,S3-2045650,S3-157508391,S2-580171629,S2-443753104,S2-115236597,S3-367006568,S2-960916649,S2-258013352,S2-909130034,S2-442077020,S2-910429483,S2-986487770,S2-869745235,S2-230913336,S2-858333878,S2-884030898,S2-347557215,S2-469164780,S2-969016897,S2-213240396,S2-798332974,S2-194770561,S3-847615684,S3-878996406,S2-734394743,S3-631180714,S2-398898639,S2-299022874,S2-751829870,S2-930348184,S2-99998993,S2-393698052,S2-61703692,S2-486069787,S2-942852308,S2-6869184,S2-632838411,S2-178779915,S2-853167873,S2-379444628,S3-555578049,S2-462200061,S2-99389198,S2-233285564,S2-867640379,S2-767185470,S2-247514978,S2-431093921,S2-559518009,S2-484289872,S3-507817466,S2-836194612,S2-353683435,S2-883568105,S3-543459729,S3-573980597,S2-10325703,S2-368671248,S2-625443154,S3-932204662,S2-834739564,S2-636649942,S2-795335462,S3-157694791,S2-530356197,S2-503696407,S3-833486481,S2-713365756,S2-237387695,S2-714803823,S2-466089629,S2-454684337,S2-936852489,S2-741611655,S2-581613463,S2-993324419,S2-285127106,S2-508631608,S2-324288678,S2-164671896,S2-646167966,S2-952319704,S2-875783981,S2-298348416,S3-819939081,S3-366593905,S2-878255719,S3-857098921,S2-957035300,S3-740231968,S2-270158645,S2-349043036,S2-291612490,S3-157695395,S2-843477932,S2-155102922,S2-297205679,S2-343311329,S2-395260151,S2-126915805,S2-895879296,S2-749490261,S2-712478053,S3-532782484,S2-562765828,S3-603764273,S2-378838492,S2-106748507,S2-594031510,S2-859590287,S2-208722832,S2-737126581,S3-731591312,S2-109956435,S2-554383903,S2-262581210,S2-66101295,S2-477732440,S3-758086290,S2-969828247,S2-864636419,S2-422900955,S2-957701642,S2-801918709,S3-515797263,S2-31222911,S2-346610036,S2-903461595,S3-581696243,S2-898609612,S2-739622023,S2-288771595,S2-408896589,S2-730808154,S2-927310091,S2-245492787,S2-409529795,S3-106995056,S2-606553458,S2-693696241,S2-967909343,S2-400328385,S2-930010291,S2-344787388,S2-249211904,S3-936114747,S2-826267350,S2-569562212,S2-889018296,S2-653111820,S2-304641664,S2-148502799,S2-675366569,S2-466073646,S3-584875714,S2-353788887,S2-117484742,S2-512341445
S1-807938084	S2-312863538,S2-813179630,S2-662724974,S2-858333831,S2-701496773,S2-262707291,S3-652220488,S2-460796334,S2-569183399,S2-331977990,S2-314093282,S2-304713900,S2-992249487,S2-778722505,S2-711313605,S2-656182799,S2-409062448,S2-158865015,S2-323205883,S2-324335779,S2-521137694,S2-704180517,S2-159856715,S3-468253009,S2-839110260,S2-159583422,S2-988974568,S2-767242243,S2-301759252,S3-513478682,S2-64310140,S2-180794574,S2-903812424,S2-735945462,S2-753400298,S2-161619899,S2-695324397,S2-258201185,S2-440788806,S2-144753299,S2-374753079,S2-27701667,S2-290277100,S2-335147570,S2-959731145,S2-143088629,S2-112305359,S2-154147678,S2-544744703,S2-328194111,S2-957958749,S2-672457193,S2-301378946,S2-771630923,S2-176219321,S2-482188735,S2-579150398,S2-574999870,S2-7134548,S2-391663677,S2-949815982,S2-203989370,S2-986820545,S2-759398822,S2-422993819,S2-744913222,S2-166173801,S2-676390111,S2-345109638,S2-898125627,S2-541239977,S2-338667337,S2-787579072,S2-389774500,S2-211680515,S2-844512989,S2-873269194,S2-327798183,S2-114034216,S2-113653299,S2-629654694,S2-806956628,S2-645458367,S2-777971512,S2-799201738,S2-811041605,S2-214564498,S2-320850249,S2-322550444,S2-538599452,S2-905378431,S2-973619712,S2-576796395,S2-701729084,S2-600460285,S2-113840302,S2-326504154,S2-295130212,S2-619042771,S2-787017609,S2-795335462,S2-786394275,S2-652899117,S2-802150664,S2-313609382,S2-672726372,S2-365338688,S2-790080617,S2-58767689,S2-204135404,S2-928414860,S2-442099802,S2-725755699,S2-983421828,S2-723513824,S2-446219150,S2-777696351,S2-208712449,S2-161885479,S2-733946572,S2-571549890,S2-207691374,S2-145030081,S2-134830088,S2-722700267,S2-321339681,S2-842611061,S2-446226433,S2-110050312,S2-196824171,S2-325960122,S2-274181567,S2-530481446,S2-603069551,S2-885143036,S2-218396425,S2-608963132,S2-716181575,S2-342387202,S2-37907319,S2-488645517,S2-976499881,S2-994347595,S2-833957018,S2-138154935,S3-458017609,S3-876191707,S2-930127878,S2-791288340,S2-410804005,S2-359498,S2-650289538,S2-769268513,S2-943852279,S2-986614062,S2-249882471,S2-368130743,S3-477355064,S2-21118178,S2-544571699,S2-843654433,S2-81038849,S2-32110550,S2-606087329,S2-427154403,S2-476532488,S2-899393050,S2-988725816,S2-518679206,S2-137946313,S2-14075834,S2-586647141,S2-640702121,S2-518980735,S2-640031357,S2-591480430,S2-944804286,S2-476465262,S2-515585165,S2-17224182
S1-693870315	S3-7207926,S3-714453823,S3-763998599,S3-411652215,S3-289603522,S3-943076810,S2-590554293,S2-663700902,S3-642737757,S2-266268258,S3-144784336,S2-474124252,S2-442251246,S3-371820718,S3-280398472,S3-819591530,S2-591078525,S2-597925507,S3-911361847,S2-90628299,S3-863762292,S2-742874598,S2-95876908,S3-524016990,S3-837061209,S2-61677457,S3-912483152,S2-356994453,S3-884974319,S2-956165093,S3-534316412,S3-314476048,S3-193083899,S3-789680995,S3-606361351,S2-208712449,S3-646365307,S2-56240800,S3-136561925,S3-929317672,S2-245946971,S2-471320174,S3-532235489,S2-853226753,S3-981406494,S2-519283641,S2-326813127,S3-118296785,S2-667601226,S2-462571715,S2-127922070,S3-557411084,S3-258970374,S3-758682715,S3-33461663,S2-918776253,S2-374632896,S3-93211270,S3-87011435,S2-92451064,S3-572770613,S3-762503099,S3-759949635,S3-869401113,S2-376290693,S2-296491616,S2-486238304,S2-692492354,S2-989006664,S3-769518935,S3-501670567,S2-525991477,S2-597088527,S3-463977846,S3-175597654,S3-157537682,S3-401683360,S2-791399008,S3-91007440,S3-557796568,S2-792031996,S3-413363791,S2-143986867,S2-614640269,S3-161812849,S2-716479859,S2-137809473,S2-319187695,S3-178844943,S2-149456467,S2-697648920,S3-94514179,S3-29544018,S3-589839155,S3-150182233,S3-579148893,S2-515100149,S3-211230794,S3-789665875,S2-874820639,S2-311302945,S3-661901025,S3-540395138,S2-399154657,S2-501633353,S3-229137800,S3-565540615,S3-308982079,S2-940061281,S2-660568756,S3-600765708,S3-107976059,S2-570005955,S3-334760511,S3-791529840,S2-317480348,S2-874804297,S3-720463467,S3-1758834,S2-245740695,S3-885210293,S2-846609706,S2-388594236,S2-853578683,S2-886732759,S3-398716609,S2-627682672,S3-484024669,S3-226748234,S2-334362501,S2-508590881,S2-135491601,S2-91100310,S2-424031278,S2-55418957,S2-232272231,S2-917596066,S2-77137709,S3-678338467,S3-630620038,S2-20798878,S3-298050752,S2-27508375,S2-182440381,S3-81251162,S2-238118051,S3-794060318,S3-447436621,S3-774378583,S3-256697494,S3-460206531,S2-160823657,S2-399815856,S3-152543600,S2-742524844,S2-793383474,S3-714225986,S2-166564831,S2-842527772,S3-61051514,S2-35334046
S1-455827432	S2-418576093,S2-503121887,S2-514154132,S3-662753340,S2-672392100,S2-411536601,S3-459940546,S3-135698140,S2-156292022,S3-413739582,S2-260839023,S3-602619799,S2-406345423,S3-703589316,S3-435130814,S2-822636700,S3-575722278,S2-320185891,S2-935851701,S2-464390931,S3-225943335,S3-789709630,S3-606752938,S3-611510128,S2-533953930,S2-56210669,S3-930894635,S2-582202139,S3-239945575,S2-532059378,S3-655711266,S3-11632598,S3-550009861,S2-434748052,S3-72737523,S3-684102935,S2-767997013,S3-110283988,S3-125349995,S2-652959736,S2-142847054,S3-344640715,S2-276198613,S2-683255820,S3-662861736,S3-851735576,S2-59192725,S3-266793754,S3-862146881,S2-426632470,S2-896768736,S3-423110798,S2-380293286,S2-497110054,S2-961577292,S3-989593736,S2-828129937,S3-651030304,S2-517969515,S2-778420299,S2-476748219,S2-857986884,S2-84053903,S3-409121586,S2-631498537,S2-740640658,S3-879372949,S3-874052931,S2-184171403,S3-490726317,S3-637753723,S3-129733207,S2-634571997,S2-87971040,S3-326636338,S3-195278099,S3-431726820,S3-142995071,S2-670313323,S2-840644230,S2-907042967,S2-597814989,S2-576201028,S2-307092180,S2-731174130,S2-953315150,S3-905160476,S2-545211751,S3-534128808,S2-865346964,S3-730060223,S2-274269958,S2-429789658,S2-480465314,S3-329210511,S3-486070251,S2-802423595,S3-439161101,S2-592177563,S2-834419088,S2-484033885,S2-640575556,S2-538322067,S2-537953677,S3-337826667,S3-953469657,S3-192629086,S3-806533052,S2-786237872,S3-599502050,S2-759398822,S2-994717449,S3-244581109,S2-766952767,S3-716805174,S3-425399540,S2-216643480,S2-237102635
S1-527611593	S3-259455906,S3-373462158,S2-877613262,S3-857937906,S2-311974636,S3-138738397,S3-16951443,S2-902864222,S2-370900572,S3-785126381,S3-761354474,S3-637471279,S2-577204741,S3-458510250,S2-99438370,S3-687471713,S2-821666773,S2-164531605,S2-429776897,S2-881540912,S3-898958292,S2-840906265,S2-835681531,S2-221179936,S2-713264333,S2-445039677,S2-374741531,S3-618870695,S2-272351032,S2-424723363,S3-795056542,S2-687464505,S3-287521867,S3-922753681,S2-698489713,S2-175110533,S2-8335395,S3-860251749,S3-463960582,S2-169671873,S3-171882428,S2-190162920,S2-580173238,S3-676294317,S3-385261724,S2-257820483,S2-143780233,S2-818434951,S3-407756583,S2-127622422,S3-108478336,S2-514476323,S2-757965845,S3-300102996,S2-454466628,S3-6822167,S3-430431212,S3-257431531,S2-726539574,S2-593900732,S2-112550664,S3-352588206,S3-470766577,S3-311155935,S3-729283303,S2-967923679,S3-889777255,S3-96658915,S3-676744424,S2-111438775,S2-198830105,S2-403526225,S3-629924937,S2-294998398,S3-967707800,S2-975502236,S3-293163847,S3-258552232,S3-274269512,S2-225835857,S3-545749841,S3-197008620,S2-352931738,S3-38298918,S2-206375685,S2-978342552,S2-239605693,S3-943916703,S3-988961148,S2-641290779,S2-311792054,S2-819895550,S2-418140224,S3-50392946,S3-421264795,S3-719863593,S2-507839076,S3-653838580,S3-492683621,S3-876425841,S3-167399967,S2-916744336,S2-744397227,S3-71943791,S2-743777502,S3-168186880,S3-155934845,S3-913032953,S3-17625050,S3-609002634,S3-598041925,S3-715060299,S3-492635654,S3-213502299,S2-624222622,S2-440311893,S2-708317762,S3-170093050,S3-249092856,S2-460992467,S3-872197884,S3-674057468,S2-543173344,S3-695929806,S3-818348994,S2-11737014,S2-212302559,S2-717661679,S2-379470628,S2-396661958,S3-993813871,S2-622934393,S3-995315197,S2-243350640,S2-828305448,S3-163965662,S2-235711711,S3-892330054,S2-841604447,S2-780499094,S3-416595074,S2-783392194,S3-44511047,S2-518518982,S2-879573885,S3-295531735,S3-558060384,S2-259463679,S3-170838278,S2-462428237,S3-492369834,S3-451380040,S2-725035991,S3-122143695,S3-48797858,S3-258887002,S3-944594559,S2-59604091,S3-274750918,S3-641028078,S2-444544903,S2-868266996,S3-858211998,S3-882416744,S3-314843333,S3-766141107,S3-626293954,S2-31275344,S2-660792558,S3-652520759,S2-926084369,S2-710830158,S3-236758998,S2-865296385,S2-23519898,S2-791497609,S3-187211490,S3-320255402,S2-566025912,S2-726853688
S1-727773972	S2-732339370,S2-906842440,S3-156468923,S3-798967548,S3-326018425,S3-965824985,S3-259830276,S3-21191490,S2-247578766,S2-448571876,S3-401066646,S2-192026730,S2-350098794,S3-118086022,S3-358342064,S2-651211121,S2-115769284,S2-836257905,S2-323098100,S3-288116610,S3-247867297,S2-947516083,S2-178806142,S2-378410659,S2-220775540,S2-103389551,S2-900234817,S3-820647555,S2-778357279,S2-550457043,S2-18576813,S3-798891530,S3-26418189,S2-718841338,S3-438035918,S2-62233060,S3-786559298,S2-895690234,S2-438748930,S2-68441818,S2-977024441,S2-322334460,S3-13089909,S3-100799892,S3-575838920,S3-460640416,S2-909860651,S3-849960506,S3-36873529,S2-591347284,S2-253997818,S3-419242883,S3-95438049,S3-763710798,S3-754833724,S3-65363130,S2-404170805,S2-649569032,S3-45364968,S3-790939481,S3-696336274,S2-887008334,S2-253674303,S3-805863546,S2-592412285,S3-676280256,S2-188368209,S3-574535488,S3-376378561,S3-812988004,S2-634068583,S2-401513784,S2-799457326,S3-897412541,S3-403322538,S2-127971493,S2-941004388,S3-733559899,S3-624023458,S3-505247186,S2-388594236,S2-673373120,S2-521049331,S2-179065185,S2-80200813,S2-967950902,S3-707693420,S2-767658445,S2-638119570,S2-46119598,S3-50366276,S2-867169728,S2-973495524,S2-323483832,S2-39765864
S1-279446676	S3-700536835,S3-28208240,S2-784744321,S3-445131048,S3-883002508,S3-587546622,S3-455974218,S3-70211138,S3-328140283,S2-378166742,S3-600864845,S3-654776539,S3-459965654,S2-157278015,S2-243453314,S3-21827265,S3-798529445,S3-379480736,S2-763720598,S2-818129818,S2-253072897,S3-698006651,S3-481631797,S3-339861528,S3-859858067,S3-817161138,S2-769859088,S2-452669183,S3-910192346,S2-527700858,S3-195656735,S3-876937746,S2-58857525,S2-719017223,S3-972118526,S3-68041909,S3-264744022,S2-646937648,S3-969330840,S3-781219973,S3-719011351,S2-286462931,S2-663749793,S2-443894211,S2-784720932,S3-877751758,S2-309431045,S2-91051514,S3-755957932,S2-64960194,S2-313629376,S2-241760567,S2-823920968,S2-232801660,S2-159477674,S2-662724974,S2-950869462,S2-573818320,S2-379558632,S2-908442431,S3-554447021,S2-100613132,S3-393769757,S3-387058070,S2-174129066,S2-668548943,S3-282617779,S3-766128490,S2-93749685,S2-775618045,S2-949300513,S3-907394423,S2-662521443,S2-870965490,S2-322001398,S2-622352317,S2-512721560,S2-59790476,S2-341552550,S2-743662767,S2-742015517,S2-786671109,S2-72437668,S3-946846501,S2-853562443,S2-512816304,S3-831102513,S3-777589397,S2-363212751,S3-547412982
S1-918109974	S2-55583631,S2-476659177,S2-2409393,S2-176948851,S2-76164443,S2-705876293,S2-504852953,S2-858378115,S2-593565156,S2-980928559,S3-743187888,S2-884102769,S2-672056494,S3-168874518,S2-783119637,S2-322570051,S3-586174498,S3-283930201,S3-507220996,S2-912461545,S3-44892628,S3-190233639,S2-8422686,S3-530183813,S3-642991553,S2-76793383,S2-705338110,S2-762026941,S3-791510022,S2-845981082,S2-155745917,S3-902199053,S3-326241386,S2-329688165,S2-98786774,S3-785426334,S2-749534801,S2-477073381,S2-919907266,S3-476845641,S3-760913723,S3-926554650,S2-331857862,S2-521349456,S2-61855318,S3-783237056,S3-615021504,S3-220988582,S2-320393946,S3-403748952,S3-155084556,S2-612725343,S2-996446311,S2-845875537,S2-710531014,S3-778698182,S2-462866226,S2-243650020,S3-432940469,S2-40614351,S2-354255542,S2-720648641,S3-800583651,S2-311381500,S3-763752744,S2-875243761,S3-280041814,S2-349153322,S2-535714782,S3-31882713,S2-257040260,S2-841786122,S2-992757697,S2-249425502,S3-288116610,S3-438482222,S3-855873197,S3-625789104,S3-970349508,S2-620198752,S2-994008719,S2-694073194,S2-465849879,S2-654219805,S3-521317798,S3-21229167,S3-115352309,S2-864810673,S2-866429334,S2-528686133,S3-212206275,S2-592872038,S3-982456503,S3-778471399,S2-366769977,S3-469462223,S2-234929962,S2-530971213,S2-946675133,S2-821758517,S2-299343656,S2-920046,S2-199559681,S3-742776197,S2-188157420,S2-793244479,S2-595660302,S3-328445860,S3-794060318,S2-498281676,S2-66185854,S3-317800467,S3-92602951,S3-1201385,S3-141188678,S3-550895951,S3-69638613,S3-797061179,S2-274467769,S3-366124704,S2-376634378,S3-502010675,S3-423065528,S3-417315037,S2-178420510,S2-419291038,S3-721649506,S2-932996903,S2-109022521,S3-152153600,S3-333330364,S3-220516595,S2-377865304,S3-625268624,S3-496270016,S2-878673516,S2-328555084,S2-110329682,S2-96896941,S3-711599508,S3-681247083,S2-901270840,S3-478372029,S3-967364237,S3-706944390,S2-20928654,S3-717876159,S2-431807230,S2-669423251,S2-197074257,S3-162434307,S2-209188312,S3-189159408,S3-723112655,S2-328567236,S2-868296883,S3-938815820,S2-419778182,S2-155616834,S3-195050151,S3-66437077,S2-134319138,S2-538618768,S3-97732517,S3-764964905,S2-441687641,S3-628080098,S3-912469730,S2-398811719,S3-769091788,S2-346168719,S2-581549782,S3-414125276,S2-477429690,S3-137929777,S2-779056766,S2-109092801,S2-49105661,S3-749849526,S2-983651104
S1-615018738	S3-994837131,S2-592883143,S2-470324870,S3-987722856,S2-84994998,S2-99233449,S2-86917411,S2-929087667,S2-9220065,S3-501865392,S3-785270076,S2-699224357,S2-440135306,S3-900593459,S3-10971390,S2-21907891,S2-986433924,S2-285666564,S2-921322396,S3-924210756,S2-558799392,S3-244006304,S3-803043821,S3-721951487,S2-898773584,S3-36174880,S3-175446583,S3-542554329,S2-762310335,S2-659661475,S2-377584662,S2-20798878,S3-239889046,S3-851710769,S2-767912318,S3-344746098,S3-276253166,S2-18334676,S3-685042046,S3-413655374,S2-38555282,S2-1626921,S3-992137102,S2-385906219,S2-500871474,S2-70822028,S3-334279665,S3-501737551,S3-828458114,S2-227333460,S3-744251626,S3-137797686,S3-665830548,S2-82265292,S2-425292799,S3-977970456,S3-917443949,S3-273390177,S3-430108463,S3-635233959,S3-752003064,S3-167188465,S3-851471320,S3-158517817,S2-348744548,S2-652100491,S3-688013575,S3-924754975,S2-952556671,S2-205356961,S3-539207658,S2-486951802,S3-872555882,S2-673981985,S2-294315780,S3-383120400,S3-601957828,S2-434164886,S3-71440985,S3-107273061,S3-775391250,S2-739699756,S3-123529200,S2-10692696,S2-806392216,S2-765834139,S3-832506571,S3-24193561,S2-514162097,S2-804871649,S3-954007146,S3-990630708,S3-554586547,S2-40181309,S3-561839301,S3-188040886,S3-214345180,S3-655482194,S2-227582829,S2-229203598,S3-542824123,S2-902453233,S2-706926029,S2-828080801,S3-22321512,S2-68063245,S2-158269168,S3-152643787,S3-411410527,S2-875720106,S2-975664547,S2-8293003,S2-506332239,S3-929474627,S3-576682237,S2-125539487,S2-463981978,S3-909293584,S2-134471437,S2-387588469,S2-529420923,S2-52880044,S3-467797859,S2-186099239,S3-230174557,S2-677611473,S3-498706413,S2-121889451,S3-233087378,S2-696036562,S3-349964138,S2-668767048,S2-713079290,S2-54935976,S3-641768317,S3-632920992,S2-503797365,S3-425805161,S2-52616727,S2-123255422,S3-61245170,S3-611712844,S2-856335836,S3-384294912,S2-633169784,S3-808651670,S2-775523121,S2-176998529,S3-989598809,S3-672963678,S2-410629067,S3-857706497,S3-328940207,S3-200210443,S3-581397602,S2-164885954,S2-898340782,S3-744989668,S3-44778115,S2-236079990,S3-970024616,S2-532908725,S2-364061806,S2-381495092,S3-27943567,S3-254399837,S3-552703624,S3-691478522,S2-189188919,S2-218163632,S2-776085512,S3-206143549,S2-75676145,S2-400962208,S2-810986651,S2-330344696,S3-144159472,S3-398501371,S3-98192207,S2-435541558
S1-666592077	S2-25405386,S2-245969844,S2-656847334,S2-287056624,S2-339550008,S2-649519469,S3-229954420,S3-651521850,S3-671760815,S3-983444251,S3-229605221,S2-676936328,S3-679130603,S3-930259562,S2-119602706,S3-60275754,S3-789248588,S3-449912506,S2-748301307,S3-779199417,S3-295940731,S2-782765375,S3-605050449,S2-777072767,S3-662721327,S2-803657118,S3-207380063,S2-485039069,S3-435621471,S3-280631652,S3-249548916,S2-649300155,S3-774060363,S3-785722797,S2-795080120,S3-966295764,S2-712979578,S2-829911136,S2-627642172,S2-573361682,S3-951793273,S3-758592144,S2-341701047,S3-394858338,S3-95463169,S3-955207746,S2-937189289,S3-788700547,S2-923247863,S3-476806006,S3-939467801,S3-793008679,S2-60682691,S3-946010660,S3-104810012,S3-73542323,S3-979609617,S2-916383925,S3-120893170,S2-450038746,S3-117575529,S3-549298,S2-723518012,S2-256556343,S2-627424347,S2-40233028,S2-900275593,S3-402393036,S3-650917881,S2-819205378,S2-672552028,S2-172393826,S3-48317841,S2-458619110,S2-537181883,S3-655711266,S2-576706082,S2-15576704,S3-688197948,S2-119260996,S2-170323293,S3-835898246,S3-676804287,S2-365954141,S2-14505038,S3-311469354,S3-870867359,S2-853829547,S2-934447098,S2-85749858,S3-754388223,S2-319794999,S2-181210769,S3-682104065,S2-236202105,S3-746706865,S2-78465009,S2-64310140,S2-525004536,S2-5262714,S3-823935201,S2-779171736,S2-860947028,S2-273301211,S2-443271648,S3-457939445,S3-791942362,S2-721215346,S3-575680850,S3-558652409,S2-145772427,S3-497015519,S2-711321945,S3-767454070,S3-851299052,S3-10304122,S2-675955548,S3-940386896,S2-710346048,S3-892825319,S2-699370711,S3-252274880,S3-157902210,S3-623774631,S3-307502694,S2-675366569,S2-96420541,S2-169686893,S2-641944323,S3-11127356,S2-741729997,S2-420061310,S2-353206306,S3-700365871,S3-677055875,S3-183306923,S2-35988050,S2-575547185,S2-325648550,S2-156968585,S3-887134130,S3-440589045,S3-327496689,S2-682246798,S3-457375219,S3-608878198,S2-652903084,S2-291344129,S2-660568756,S2-755763130,S2-246685020,S2-570328388,S3-175195300,S3-206378351,S2-14345892,S3-844042071,S2-903744231,S3-282781652,S2-101337037,S2-60296334,S2-297320898,S2-225798504,S3-710428159,S3-688447338,S2-837182380,S2-858333831,S3-611239188,S3-847959042,S2-384450374,S2-284797430,S2-480421778,S3-544576653,S2-681782072,S2-342141197,S2-778393754,S3-918393686,S3-989525770,S2-811776364,S2-139731253,S3-574636146
S1-509532493	S3-941982240,S2-495813079,S2-197152307,S2-958091853,S3-139562810,S2-558351724,S2-632855489,S2-770220978,S3-358342064,S2-845981082,S2-263208685,S3-513396375,S2-660050445,S2-649318572,S3-620413956,S3-447003747,S2-108622373,S3-333495062,S2-794453559,S3-498826222,S2-615080885,S3-346236080,S3-379094706,S3-550971959,S2-731309110,S2-363724774,S2-964866802,S2-805826813,S3-338313638,S3-25767934,S2-316671834,S2-617383205,S3-841438346,S2-361408797,S3-981594981,S2-971752377,S2-830021095,S2-703096481,S2-868296883,S3-751773795,S2-236077202,S3-728864800,S2-286938745,S3-49298045,S2-127314677,S3-354178407,S3-937732824,S3-489855669,S2-775777382,S2-80452903,S2-926444450,S3-563320658,S2-524291292,S2-828441604,S2-320308364,S2-951298381,S2-150636307,S2-281814132,S2-692013091,S2-506523931,S2-309729524,S2-652960468,S2-843672634,S2-971118945,S2-908389841,S2-122321754,S3-175443554,S2-240772791,S2-587614313,S2-285652234,S2-254772947,S2-499940885,S2-285112807,S2-731064164,S2-336875785,S2-852533600,S2-319107499,S2-657798806,S2-633111974,S2-520641242,S2-62816940,S2-265013845
S1-992285010	S3-675207366,S2-37998381,S2-496306318,S2-368526173,S3-467616579,S2-63997984,S2-823248283,S2-280811393,S3-782941503,S2-379203700,S3-819715801,S3-233456156,S2-69033603,S2-668050281,S3-264049044,S2-341347539,S3-893696149,S2-363080475,S3-347519927,S3-241526590,S3-903359756,S2-968710820,S2-913170244,S2-342081407,S3-413091594,S2-943101199,S3-677557632,S2-489972415,S3-687245749,S2-967688074,S3-170197820,S3-953992421,S3-838685346,S3-326317952,S2-868329380,S3-628917408,S3-336024369,S3-555465629,S2-988029522,S3-284891286,S2-503594277,S3-195050151,S3-676274168,S3-514166056,S3-31719237,S3-853925834,S3-830129258,S3-408208490,S2-367152592,S2-56325496,S2-741068630,S3-439518272,S2-323337217,S3-435262387,S2-350020248,S3-676467238,S3-472484301,S2-400186470,S3-649030755,S3-801127901,S3-10459329,S2-511302328,S3-931009866,S3-681546386,S2-198931605,S2-694073194,S2-289373702,S3-451369141,S3-655302474,S2-839421642,S2-557722246,S3-249624801,S2-447375514,S2-557113101,S3-863960483,S3-420537443,S2-856264714,S2-551914381,S2-476027171,S3-613434481,S2-615009478,S3-67709982,S3-57414868,S2-978338906,S3-824593571,S3-664710868,S3-149597191,S3-311404174,S2-316412535,S2-765413565,S3-604715797,S3-371049914,S3-602297320,S2-434970463,S3-764685422,S3-706962501,S3-97827472,S3-611986684,S2-431353385,S3-707227394,S3-982331095,S2-573858895,S3-635001181,S3-813639175,S2-198598305,S3-442452127,S3-711728433,S2-85144335,S3-749494147,S2-266263897,S2-642938176,S2-716695476,S2-172012401,S2-581955114,S3-786292635,S3-996303827,S3-161182112,S3-382131782,S2-693647039,S2-308151671,S2-224020409,S3-708257221,S3-277980535,S2-646202136,S2-501556734,S2-89091547,S2-809690243,S3-248953543,S2-130718705,S3-790605137,S2-703109,S3-919291751,S3-37873383,S3-646236694,S2-944704355,S2-263528180,S2-921296767,S2-405303215,S2-84337110,S2-227540736,S3-15007298,S3-60718083,S2-575432786,S2-687964286,S2-609923135,S3-115570384,S2-127463696,S2-983169183,S3-300174523,S3-346545428,S3-930549522,S3-279908440,S2-239085290,S2-969337377,S2-756552190,S3-52148510,S2-468126214,S3-34043394,S3-565843276,S2-565438229,S2-456217668,S3-201635373,S3-987884808,S3-853157811,S2-291827529,S2-396572222,S3-426617067,S2-947116767,S2-784038027,S2-134189268,S2-665911660,S2-786450045,S3-123801729,S2-201475833,S2-238297214,S3-11993669,S2-513638145,S3-579260327,S2-594478805,S2-304989017
S1-382076507	S3-628679355,S2-61372543,S2-889883466,S2-195840093,S2-521739469,S2-770588074,S2-903744231,S3-110038745,S2-672191745,S2-601268574,S3-896577132,S2-297983449,S2-151514660,S3-443779192,S2-480685367,S3-367727512,S3-425235174,S2-341257859,S2-17667673,S3-991423693,S3-983444251,S3-110476416,S2-782765375,S3-326956185,S2-495547562,S2-61743107,S3-287601759,S2-80283884,S2-984783037,S3-526611118,S3-699474112,S2-649300155,S3-765170320,S2-259406265,S3-711690143,S2-767453499,S3-785748503,S2-854532458,S2-337194824,S2-545005001,S3-730723372,S2-565874159,S2-418861086,S3-954670293,S3-531321291,S2-582676007,S2-509018756,S3-787445452,S3-564168770,S3-62355979,S3-295249459,S2-501211852,S3-191842349,S2-207875527,S2-958627837,S2-937397598,S2-501282473,S2-552878160,S3-504826209,S2-145772427,S2-990787030,S2-274697701,S2-49069229,S2-380989948,S2-759972274,S2-224100536,S2-343452452,S2-239698666,S2-771719189,S2-122078334,S2-260839023,S2-706271348,S3-404840947,S2-430551753,S2-333365468,S2-855114258,S2-313609382,S2-860442914,S2-316291152,S2-213780045,S2-472964087,S2-485456571,S2-638283084,S2-712179394,S3-972921629,S2-250985878,S2-318799519,S2-972274190,S2-440077511,S3-816521979,S2-486457812,S2-284777044,S2-461473974,S3-236755404,S3-107976059,S2-368995341,S2-774736197,S3-940948284,S2-25844522,S2-490413303,S2-675955548,S3-780695221,S2-520089106,S2-777097274,S3-460160365,S2-576080264,S2-113129592,S3-340942343,S2-495179311,S3-367481006,S3-746047380,S3-326636338,S3-676615790,S2-949044369,S2-809901111,S2-156292022,S3-51136306,S3-765673778,S2-159045308,S2-513577693,S3-59933893,S3-664245182,S2-397939055,S2-995715666,S2-980147149,S3-596281486,S2-618329833,S3-455375274,S3-179012918,S2-686803202,S2-256556343,S3-278902358,S2-205655615,S2-701285656,S3-611954606,S2-893653501,S2-913520939,S2-228717952,S2-964296464,S2-412583689,S2-834028716,S2-41216917,S2-776999904,S3-300820527,S2-468314434,S2-739329733,S2-891477386,S3-684056240,S2-892040046,S2-209320819,S2-21336310,S2-65651484,S2-155547755,S3-10157948,S3-235654496,S2-388958281,S2-996688177,S3-204884699,S2-229984535,S3-654341428,S3-705451366,S2-516874971,S2-67455305,S2-737471973,S2-149090348,S3-232163998,S3-780645225,S2-35980965,S2-918973885,S3-678986475,S2-353106669,S2-889706109,S3-423021908,S2-290349597,S2-9239069,S2-112531352,S2-399815856,S3-972554869,S2-360271895,S3-494603003
S1-185535466	S2-182364885,S3-599698929,S3-707502882,S3-486297806,S3-479259215,S3-330507123,S3-743202514,S3-878782457,S3-541263624,S3-436094562,S3-986947265,S3-23777620,S3-886126790,S3-132553935,S3-689371331,S3-986056455,S2-599659202,S3-614898515,S3-36041261,S3-972996570,S3-872205830,S3-54105148,S3-175650663,S3-746116324,S3-978855715,S3-194953308,S3-60718083,S2-606907506,S3-92048969,S3-326317952,S3-512882718,S2-857724735,S3-56236399,S3-982331095,S3-197817648,S3-634208605,S3-812279338,S3-579723113,S3-847333126,S3-662956244,S3-136630477,S3-905253683,S3-472484301,S2-218337544,S3-413091594,S3-952162166,S3-468731115,S3-843848530,S3-328876380,S3-29601257,S3-152162011,S2-857504798,S3-808325548,S3-602297320,S3-636001365,S3-324792015,S3-467616579,S3-22424402,S3-239229801,S3-828697568,S3-245669549,S2-823243394,S2-899411893,S3-284891286,S3-534578332,S3-352808478,S3-809992587,S2-645330149,S3-74427391,S3-716879886,S3-226853807,S2-197152307,S3-196271796,S2-179052007,S2-77668832,S2-322527048,S2-497654662,S2-113115082,S3-843924721,S2-587415397,S3-45389531,S3-190549426,S3-448909156,S2-62816940,S2-446197253,S2-595735456,S3-186811577,S2-491551718,S2-299285548,S2-568605,S2-908744447,S2-857275799,S3-708250772,S2-51615186,S2-895992482,S3-567015333,S3-574534442,S2-95876908,S2-626691513,S2-782561431,S2-595623864,S3-330691572,S2-660792558,S2-425334082,S2-435860715,S3-107645017,S2-582539737,S2-421948579,S2-123224411,S2-627682672,S2-809385565,S2-54101700,S2-424599024,S2-813179630,S2-878037834,S2-424138639,S2-169686893,S2-893868016,S2-308929278,S2-27508375,S3-284702369,S2-214580299,S2-310322327,S2-492635745,S2-407777610,S3-18624418,S2-330413414,S3-439750212,S2-230155344,S2-407216009,S3-777026034,S2-505150723,S2-539362493,S3-860146920,S2-159767476,S3-267878152,S2-840305758
S1-799535694	S3-352825217,S3-438375497,S2-393378258,S2-167032048,S2-957475471,S3-190393253,S3-695474225,S3-787077353,S3-461525971,S2-493655095,S2-834382585,S2-248990703,S3-739324560,S2-350512005,S2-223948769,S2-860947028,S3-634982798,S2-500795314,S2-372500373,S3-845518080,S3-467050341,S3-119633205,S2-849512498,S3-44710305,S2-579828239,S3-208758268,S2-412583689,S2-357874611,S3-460520036,S3-156008758,S3-423541227,S3-609485807,S2-100444556,S2-235808422,S3-488363429,S3-414790457,S3-861292785,S3-307004005,S2-108422593,S2-554480871,S2-29982663,S3-38122446,S3-29105750,S3-689097846,S3-202659366,S2-900139841,S3-765170320,S2-495547562,S3-830619303,S3-710047633,S2-468314434,S2-450022889,S3-519600906,S3-653901118,S2-7663294,S3-400848835,S2-192485522,S2-750887377,S2-434748052,S3-960416326,S3-406642337,S3-380454276,S3-177336223,S2-48203994,S2-178843096,S3-521889331,S3-129106856,S2-860395715,S2-542568485,S2-550756593,S3-866786428,S2-422099112,S2-246941213,S3-474993429,S3-998051891,S2-912935867,S2-74912632,S2-232272231,S2-457753565,S3-954157283,S3-402393036,S3-668046388,S2-939735565,S2-657406768,S3-29690205,S2-349816622,S3-768336457,S2-735966612,S3-682104065,S2-629412492,S2-690789382,S3-227329127,S3-389081074,S2-225305521,S3-568778412,S2-938060710,S3-605864449,S3-849703157,S3-498600231,S3-932516512,S2-900169821,S2-260839023,S2-856979001,S2-849447071,S3-396265074,S2-777072767,S2-24466926,S2-45821884,S2-919732103,S2-904962932,S3-546276732,S2-852376738,S3-720463467,S3-591871526,S3-864981389,S2-748299563,S2-79627178,S3-760457356,S2-613953997,S3-832695553,S2-487296565,S3-316672972,S3-531321291,S2-483346173,S2-882636372,S3-878582479,S2-221740113,S2-167574210,S3-670869126,S3-589030069,S2-497110054,S3-708246473,S2-128136930,S2-754042431,S2-257887414,S2-350491181,S2-139629249,S2-900800434,S3-278759204,S2-866219722,S3-504771088,S2-700776216,S3-417579311,S2-871779147,S3-161812849,S2-786970664,S3-764584652,S2-959823673,S2-230913336,S2-45536507,S2-816948200,S2-685938318,S2-665077110,S2-950121078,S2-502351575,S3-461227605,S2-821620925,S3-269828445,S2-85633962,S2-556208932,S2-198149485,S2-72383385,S2-268806363,S2-33556559,S2-608471433,S3-977399629,S3-456797383,S3-481892859,S2-430858827,S2-916383925,S3-324289320,S2-826790006,S3-779938695,S2-883942265,S3-943647207,S2-134433413,S3-830758507,S3-250625656,S2-201612232,S3-717908834
S1-598558953	S3-723460337,S2-327292904,S3-914499665,S2-951492245,S2-608659537,S2-439495552,S3-936457764,S2-672845556,S2-364825033,S2-949083237,S2-641573538,S3-937377640,S3-695524551,S2-474632845,S2-162945861,S2-264055037,S3-863151122,S3-207523924,S3-863462268,S2-258405683,S3-349608235,S3-795691256,S3-240733649,S2-800983404,S2-458668894,S2-905010895,S3-535655795,S3-861851872,S2-317425164,S3-399534449,S2-151979427,S3-473329233,S2-545034583,S2-8810066,S3-639090471,S2-454149306,S3-849863248,S2-390534351,S2-383220842,S2-332723605,S2-744863241,S2-220152592,S2-470202940,S2-575025324,S3-452003789,S2-767124640,S2-63560540,S2-797876474,S2-986617636,S3-967504921,S3-395662086,S3-730526549,S2-424973236,S2-258923421,S3-501171061,S2-462271583,S3-237661985,S3-719300067,S2-176315751,S3-786118042,S2-756492572,S2-316412535,S2-493814760,S3-862685733,S2-442492352,S3-68377394,S2-500222489,S2-372153637,S3-365591047,S2-462933950,S3-557439523,S2-760650160,S3-140865666,S2-354130409,S2-19533251,S2-748449054,S2-864996509,S3-36818945,S3-644533135,S2-965534736,S3-188434105,S2-208162427,S3-822074685,S3-379146773,S2-516652544,S2-506025373,S2-626414922,S2-239085290,S2-955226207,S2-791177849,S3-966662001,S2-267112456,S3-550675293,S2-523125777,S3-104756330,S2-514593415,S2-836257905,S2-816876366,S3-16882904,S3-815732391,S2-71384028,S3-431084906,S3-658540966,S2-332785928,S2-830655236,S3-676531581,S2-293830644,S3-40439793,S2-830021095,S2-88291232,S3-266022739,S2-965968398,S3-653292346,S2-199503780,S2-872662986,S2-334946317,S3-384288094,S2-682586639,S3-766479512,S3-600704329,S2-799535785,S2-249750800,S3-695211367,S2-117191419,S2-427066555,S3-402077562,S2-47859568,S3-90905055,S3-650321201,S3-271312351,S2-951151260,S2-529189576,S2-460846526,S2-405294229,S2-934283146,S2-185518652,S3-234739408,S2-59663373,S3-393821830,S3-296930044,S2-56321998,S2-484465030,S3-982827473,S3-791594814,S2-143488559,S2-544540033,S2-980301618,S2-957661130,S2-970594007,S2-314102783,S2-469878318,S3-456611956,S2-70088950,S2-252435291,S2-305368374,S2-883959541,S3-317601970,S2-274590228,S3-908538171,S2-635331091,S2-248611322,S2-62965176,S3-53738420,S2-86697611,S3-838628841,S2-762942469,S3-899902174,S2-606117113,S3-820273363,S2-752749962,S3-935354109,S2-1409964,S2-907487425,S2-736367852,S3-435980075,S2-965506586,S3-927013045,S2-699612111,S3-268210987,S3-466306651
S1-222645796	S2-341257859,S2-368104649,S2-122078334,S3-533603553,S2-774736197,S2-552878160,S2-115200301,S3-748156390,S2-822526227,S2-777097274,S3-64110685,S2-424031278,S2-782765375,S2-440077511,S2-822636700,S2-921226399,S2-297983449,S2-49069229,S2-741094905,S2-224100536,S2-521739469,S2-9239069,S2-367421312,S2-193151395,S2-501282473,S2-383355616,S2-771719189,S2-545005001,S2-205655615,S3-965405807,S2-287732160,S2-520089106,S2-937397598,S2-770588074,S2-745735340,S2-759972274,S2-25844522,S2-776999904,S2-591540353,S2-672191745,S2-675955548,S3-51136306,S2-892040046,S2-918973885,S2-712179394,S2-834028716,S2-380989948,S2-388958281,S2-409073014,S2-156292022,S2-490413303,S2-34954098,S2-333365468,S2-8334667,S2-903744231,S2-61372543,S2-228717952,S3-797638440,S2-397939055,S2-889706109,S2-418861086,S2-588330548,S2-980147149,S2-576080264,S2-202662079,S2-145772427,S2-889883466,S2-686803202,S2-207875527,S2-510964533,S2-989054089,S2-990787030,S2-592412285,S2-684535262,S3-984869397,S2-337194824,S2-803379088,S2-211605037,S2-135283869,S2-485456571,S2-461473974,S2-599990359,S2-155547755,S2-157066539,S2-958627837,S2-196065955,S2-113129592,S2-21336310,S2-578321005,S2-315480683,S2-195840093,S2-4769332,S2-601268574,S2-618329833,S2-486457812,S2-965609781,S2-49302628,S2-501211852,S2-921691864,S2-250985878,S2-185048111,S2-513577693,S2-614545003,S2-612471006,S2-6556535,S2-251205321,S2-151514660,S2-516874971,S2-495179311,S2-98413260,S2-890290909,S2-649300155,S2-703785339,S2-617116527,S2-67455305,S2-95876908,S2-314930291,S2-910090974,S2-399815856,S2-988697979,S2-694714742,S2-257887414,S2-937626661,S2-159657193,S2-894491577,S2-480685367,S3-780695221,S2-152671133,S2-964296464,S3-364139807,S2-125475310,S2-381338827,S3-846130008,S2-941004388,S3-596078173,S2-42706732,S2-701285656,S2-788713060,S2-344162889,S2-269509975,S2-594115095,S2-767453499,S2-206957287,S2-468314434,S2-41216917,S2-823947595,S2-551024375,S2-150304161,S2-725361973,S2-265968188,S2-571152274,S2-984783037,S2-296357492,S2-999235003,S2-229984535,S2-893653501,S2-827722721,S3-94263476,S2-224488144,S3-919621279,S2-599628293,S2-321308609,S2-708749034,S3-326636338,S3-383539270,S2-32964322,S2-851473099,S2-130666595,S2-353106669,S2-244960264,S2-192312865,S3-260035935,S2-298152489,S2-73971417,S2-471214036,S3-730723372,S2-977360078,S2-54885777,S2-263434387,S2-805198168
S1-192481319	S3-893818826,S3-411652215,S2-673419052,S3-54950780,S3-703086048,S2-691296000,S2-147483891,S2-538358423,S2-226359557,S3-380523986,S2-17853482,S2-193510687,S3-456730919,S3-898344342,S3-573721806,S3-613662854,S3-260419415,S2-577857669,S3-640375681,S3-884473350,S3-500519667,S3-931358398,S3-100407896,S3-266959944,S3-107808344,S3-255731557,S3-55982890,S2-118916909,S3-93034073,S2-474182304,S3-894054651,S3-135009024,S3-272245831,S3-104905044,S3-142598267,S3-732416048,S3-118955015,S2-520321005,S3-986560205,S3-912504688,S3-943285065,S3-3331620,S3-835801910,S3-57675566,S3-149138134,S2-745197573,S3-406000210,S3-405836558,S3-501670567,S3-132269019,S3-812853393,S3-983571439,S3-237542653,S3-202539585,S3-834710181,S3-455972381,S3-402638321,S3-517431260,S2-347016188,S3-999358771,S3-781645425,S3-177391666,S2-814231606,S3-581743070,S3-812705094,S3-120893170,S3-423541227,S3-271028931,S3-352825217,S2-149519174,S3-521241081,S2-302955107,S3-565415624,S3-729943632,S3-393879712,S3-10445894,S3-939467801,S2-950221059,S3-393675543,S3-239374760,S2-825708379,S3-164768925,S3-25237004,S2-37613343,S3-533215747,S2-188321945,S3-528367030,S3-96351537,S3-986333913,S3-399526928,S2-876628765,S3-206378351,S3-556823884,S3-288476084,S3-871865896,S3-889969441,S3-924470597,S3-803086345,S3-368149715,S3-232783280,S3-325261411,S2-392587514,S3-706989830,S3-179845689,S3-740556230,S3-990182634,S3-986601547,S3-583984779,S3-518579107,S3-166087036,S3-171332589,S3-915826424,S3-477842127,S3-683881642,S3-559935852,S3-707199302,S3-984576001,S3-642532437,S3-80563314,S3-596225469,S3-19893372,S3-249548916,S3-95114435,S3-315248122,S3-355241663,S3-843493474,S3-212565493,S3-960416326,S2-789823337,S2-365954141,S3-403852704,S2-498710588,S3-2716954,S3-547907242,S3-556112729,S3-117575529,S3-939227531,S3-332613541,S3-212379372,S3-951347403,S2-57425874,S3-496250177,S3-702105679,S3-149955130,S3-255150389,S3-529954622,S3-519600906,S3-81664953,S3-716501229,S3-648964505,S3-446353128,S3-350564524,S3-960223357,S2-902996327,S3-971667061,S3-777388537,S3-224356163,S3-548981760,S3-905160476,S3-716913013,S3-21639446,S3-913749091,S3-179099570,S2-996605554,S3-797869398,S2-335659628,S3-496782763,S3-907162129,S3-722838544,S3-204115708,S3-493306688,S3-183637231,S3-393771992,S2-812789644,S3-348558423,S2-881987360,S3-51353956,S3-194450521,S3-890873020,S3-717787374
S1-413573159	S2-964866802,S2-440169412,S2-254038654,S2-938971434,S3-634962015,S2-887783351,S3-412337449,S2-595010045,S2-349333201,S3-580448397,S2-68630946,S2-869237296,S2-465552162,S2-187357367,S2-85856138,S3-905253683,S3-300170564,S2-445959715,S3-617198049,S2-591929527,S2-851004978,S2-184664617,S3-344493608,S3-978784157,S3-731998607,S2-121950175,S2-530262413,S2-958874877,S2-627107794,S2-713555570,S2-318368100,S2-295827882,S2-879173794,S2-452898435,S2-593925303,S2-56530385,S3-943890721,S2-504159815,S2-784038027,S2-288355900,S3-431688886,S2-666211711,S2-877531568,S2-977780040,S2-959955541,S3-89416308,S2-516072254,S3-870097276,S2-480340961,S3-330277958,S2-346168719,S2-46068313,S2-672154735,S2-3968593,S2-734341992,S2-16747749,S2-446399386,S3-851806313,S2-158048,S3-186053665,S2-661862537,S2-108827062,S2-881279609,S2-770430129,S3-674162274,S2-88727206,S2-627555144,S2-501738846,S2-728352511,S2-804787437,S2-588062011,S2-321254951,S3-868035501,S3-629889028,S2-501352835,S3-139391283,S3-305787135,S3-694958387,S2-235021072,S2-17333249,S2-237067819,S3-226734230,S2-835296898,S3-405882266,S2-781158896,S2-776349471,S3-586164835,S2-624616044,S3-435262387,S3-177830648,S3-71583866,S3-754833724,S3-274028520,S2-903960106,S3-211608846,S3-807947911,S2-594707438,S2-641777383,S3-760520402,S3-442724889,S3-120474184,S2-558622412,S2-60975095,S3-25566315,S3-718801714,S3-934378613,S2-865137666,S3-696348312,S3-439744991,S3-93919017,S2-573454754,S3-481581345,S3-967364237,S3-595479189,S3-522092597,S3-307652350,S2-401440468,S2-259254879,S3-876755425,S2-145828209,S3-242570502,S3-723763017,S2-891510997,S3-24511714,S2-393187202,S3-886347935,S3-482737159,S3-559259806,S3-737603194,S2-338607941,S3-354193409,S3-16195469,S2-129923577,S2-251912278,S2-924848580,S3-166460782,S2-936008160,S2-961432901,S3-830454069,S3-174253794,S3-266789161,S2-51638504,S2-327712896,S3-555769770,S3-695184112,S2-607743000,S2-70578260,S3-465857994,S3-586715309,S2-646027073,S2-347790985,S3-287315017,S2-179243380,S2-999498948,S2-949200036,S3-515551054,S3-669082057,S2-813362237,S3-604883637,S2-530423017,S2-53117643,S2-700776216,S2-424158769,S3-221586001,S2-43305732,S2-223948769,S3-243515600,S2-729915788,S2-441186612,S2-650014426,S3-611907521,S3-13895070,S3-57954490,S2-583423469,S3-458492679,S2-193510687,S2-114477802,S3-150255606,S3-423724516,S2-653177325
S1-782634160	S2-18558428,S2-891051808,S2-378018206,S2-167404095,S3-202310086,S2-945687659,S2-450674971,S3-898978073,S3-575904198,S3-88754068,S3-869600850,S3-333518557,S3-864359294,S2-231093985,S3-896331791,S3-498600231,S3-444621941,S2-146765462,S2-852619340,S2-79627178,S3-629256241,S3-178197607,S3-779938695,S3-58604367,S2-786582431,S2-386326864,S3-47771899,S2-759972274,S3-537068132,S2-898765121,S3-975084483,S3-919652692,S2-103221007,S3-88134182,S3-980617970,S2-115236597,S2-355656005,S2-923432289,S3-109415205,S3-39381225,S3-77919636,S2-758894611,S2-230913336,S3-676233177,S2-150783646,S2-197062539,S3-889832691,S3-974437077,S2-817424023,S3-47729253,S3-573972920,S2-762964930,S2-404433856,S2-268091491,S2-240363643,S3-553487261,S3-967710137,S2-469164780,S2-54885777,S2-9185162,S3-89599735,S2-555109544,S2-465366653,S3-652287374,S2-618136856,S2-643336283,S3-555830574,S2-627766170,S2-485280761,S3-667577595,S2-711854311,S2-692313839,S3-875921981,S3-658531399,S3-172611700,S3-132977414,S2-738847239,S2-384450374,S2-866219722,S2-954941109,S2-464448321,S3-161461861,S2-620867050,S3-289836575,S3-832838489,S3-15156962,S2-740495186,S2-266834478,S2-317822683,S3-117852201,S3-715777368,S3-790420760,S2-406545673,S3-764860937,S2-530603237,S2-658263835,S2-211048574,S2-543519668,S2-546154473,S3-259402162,S3-189852702,S3-291219749,S3-643341816,S3-186832900,S2-117604558,S3-193036878,S3-472669814,S2-748301307,S3-819001322,S3-203915,S2-585685802,S2-427637832,S2-274272202,S2-389013354,S2-207998815,S2-991830104,S2-649300155,S3-75504376,S2-853829547,S3-789576639,S3-739179587,S3-23939949,S3-216745957,S3-269283294,S2-617399739,S2-178387107,S3-621233267,S2-415897985,S3-494733519,S3-13895070,S2-71894171,S3-701747481,S3-769518935,S3-293352282,S3-268907071,S3-612556249,S2-905576737,S3-927491453,S2-424599024,S3-435742150,S3-152310868,S2-32964322,S3-719154835,S3-525615575,S2-338375951,S2-951961479,S2-144034060,S2-967038518,S3-319411378,S3-192679481,S2-887959244,S2-566349110,S3-928753653,S2-698502526,S2-466089629,S3-20711393,S2-73896819,S3-25857919,S2-211841230,S3-849320713,S3-729412713,S2-479203488,S2-760648057,S3-584101714,S2-230479372,S3-653123971,S2-315210913,S3-954660422,S2-441186612,S3-243621880,S3-672582225,S2-789711646,S2-898227139,S3-266319746,S3-585697465,S2-110582342,S3-142604605,S2-463148509,S2-449395841,S3-374271602
S1-394334841	S2-200306947,S2-443894211,S2-22816278,S2-310379746,S2-247452793,S3-283930201,S2-595265518,S2-868833660,S3-21945435,S2-875478399,S3-718580991,S2-508597312,S2-812550702,S2-992159397,S3-807687704,S2-664694864,S3-959195423,S3-119589506,S2-357777796,S2-81425876,S2-30453435,S2-709516176,S3-980889386,S2-577592963,S2-283641440,S3-858159591,S3-905555150,S3-711430755,S3-390936221,S2-75451904,S3-790605137,S3-274864221,S3-912358363,S3-356777632,S2-344397151,S3-615356718,S2-809385565,S2-530061167,S2-783532480,S3-370455942,S2-943813960,S2-22541885,S2-146021424,S2-586506427,S3-985751969,S2-436970609,S2-736586353,S2-664886462,S2-960252604,S3-998309289,S2-542568485,S2-895906111,S2-963542969,S2-427673109,S2-455280274,S2-117278723,S3-663696206,S2-248427739
S1-759762834	S2-745343993,S2-473427722,S2-200620479,S2-706954273,S2-505281043,S3-483042277,S3-805987623,S3-708801054,S2-799201738,S2-304719869,S2-160949684,S2-427649642,S2-323205883,S2-973619712,S3-436046914,S2-312863538,S2-518679206,S2-735945462,S2-460796334,S2-959731145,S3-180090918,S2-522004411,S2-798496726,S2-579777488,S2-286092318,S2-301759252,S2-650289538,S3-120208241,S3-455411016,S3-10891585,S2-723513824,S2-858333831,S2-274181567,S2-876548627,S2-374753079,S2-536401840,S3-642147080,S2-125457218,S2-559271677,S2-790080617,S2-885143036,S2-476465262,S2-55371613,S2-619042771,S2-722700267,S2-601113320,S3-193164754,S2-531262492,S3-644142812,S2-778722505,S2-649103744,S2-93944014,S2-410804005,S2-335147570,S2-614146034,S2-483346173,S3-743729368,S2-676390111,S3-865892093,S2-345109638,S2-16371592,S2-544571699,S2-701496773,S2-7134548,S3-95522602,S2-481946162,S2-365338688,S2-528371982,S2-418297862,S2-848114053,S2-485885002,S2-303037664,S2-672457193,S2-367560858,S2-733946572,S2-412527378,S2-394968734,S2-930705691,S2-46251183,S3-16944263,S2-2907580,S2-640031357,S2-431834266,S3-270197670,S2-521137694,S2-64310140,S2-662724974,S2-553921087,S2-14075834,S2-574999870,S2-839110260,S2-504765147,S2-795335462,S3-777737836,S2-337736101,S2-278186236,S2-515585165,S3-726496649,S2-622177531,S2-64327670,S3-856075014,S3-167258292,S3-847768849,S2-930127878,S3-394858338,S3-264729325,S2-411971892,S2-608963132,S3-444717485,S3-988193270,S2-25603252,S2-527436414,S3-841697956,S2-992249487,S2-538599452,S2-462810789,S2-196824171,S2-218396425,S2-621212069,S3-882479923,S3-366504618,S3-448378941,S3-114658296,S2-391588088,S3-290225853,S3-557495509,S2-399669447,S2-85764223,S3-701641546,S2-695324397,S3-779007929,S3-513478682,S3-591492307,S2-359498,S2-988974568,S3-785560465,S3-933333822,S3-100977482,S3-615688314,S3-477355064,S3-437359926,S2-601032627,S2-284797430,S2-342387202,S3-46615497,S2-673540283,S3-937929471,S3-293863909,S3-643154035,S2-480897317,S2-158865015,S3-990105007,S3-927881041,S2-629654694,S3-16147297,S2-943852279,S2-212476792,S2-988725816,S2-322894222,S2-580457434,S2-324335779,S3-60275754,S3-200739789,S2-145030081,S3-635511582,S3-926280112,S2-833273458,S3-768477629,S2-844440381,S3-921468859,S3-21511926,S2-12987045,S2-91313595,S2-559296948,S2-101777891,S3-699398730,S2-83962742,S2-499949518,S2-530481446,S3-10497575
S1-653070765	S2-501282473,S2-511490226,S2-601268574,S2-889883466,S2-480685367,S2-774736197,S2-380989948,S2-599628293,S2-95770597,S2-151514660,S2-259406265,S2-112317893,S2-984783037,S2-297983449,S2-776999904,S3-59933893,S3-981206444,S2-495547562,S3-58604367,S3-937415948,S2-906688291,S2-762147696,S2-897270738,S3-553774195,S3-326636338,S2-854532458,S2-150304161,S3-862146881,S2-551024375,S2-115200301,S2-782765375,S2-198202218,S2-860442914,S2-41216917,S2-461473974,S2-972274190,S2-521739469,S2-672191745,S2-860395715,S2-928046600,S2-287732160,S2-256556343,S2-937397598,S2-501211852,S2-122078334,S2-228717952,S2-545005001,S2-213780045,S2-440077511,S2-565874159,S2-145772427,S2-337194824,S2-834028716,S2-125475310,S2-34954098,S2-430551753,S2-207875527,S2-397939055,S2-520089106,S2-552878160,S2-100573405,S2-581562220,S2-21336310,S2-9239069,S2-35980965,S2-51573355,S2-156292022,S2-765810220,S3-300897977,S2-770588074,S2-980147149,S2-485456571,S2-675955548,S2-712179394,S2-195840093,S2-205655615,S2-224100536,S2-490413303,S2-61372543,S2-684535262,S2-771719189,S2-388958281,S2-383355616,S2-333365468,S2-591540353,S3-383347018,S2-49069229,S2-686803202,S2-486457812,S2-860406542,S2-874586310,S2-25844522,S2-113129592,S2-668435606,S2-141738332,S2-418861086,S2-112531352,S2-759972274,S3-908996282,S2-341257859,S2-159045308,S2-316291152,S2-918973885,S2-270221388,S2-193151395,S3-746047380,S2-609451836,S2-578321005,S2-271279318,S2-167668369,S2-621473365,S3-286512684,S2-155547755,S2-894491577,S2-618329833,S2-576080264,S2-61638653,S2-211605037,S3-846130008,S2-229984535,S2-777097274,S2-321308609,S2-588330548,S2-5009845,S2-612471006,S2-990787030,S2-851473099,S2-95876908,S2-361274973,S2-227679316,S2-803379088,S2-968381500,S2-617116527,S2-892040046,S2-552847105,S2-890290909,S2-708749034,S2-513577693,S2-614545003,S3-672930639,S2-63805139,S2-251205321,S2-516874971,S2-196065955,S2-594115095,S2-67455305,S2-958627837,S3-140599439,S2-701285656,S2-135283869,S2-903744231,S2-409544847,S3-387058070,S2-257887414,S2-413476924,S2-159657193,S2-162571160,S2-290349597,S2-468314434,S2-964296464,S2-399815856,S2-910090974,S2-988697979,S3-780695221,S2-495179311,S3-64110685,S2-725361973,S3-650193133,S2-42706732,S2-805198168,S2-999235003,S2-248410697,S2-51246152,S2-98413260,S2-86010362,S2-244960264,S2-430052970,S2-6556535,S2-767453499,S2-937626661
S1-94096071	S2-66354294,S3-678081167,S2-737805067,S2-998178180,S2-825158584,S3-80503101,S2-645330149,S2-905010895,S3-444241004,S2-517824552,S3-312828113,S3-942910587,S3-138709282,S2-122398080,S3-5280433,S3-858453610,S2-848860693,S3-596575988,S3-609474738,S2-109519318,S3-412434453,S3-550627832,S3-923180934,S2-323071794,S3-140865666,S2-230765756,S2-210702579,S2-594667757,S2-171371026,S2-396385004,S2-547573172,S2-913712414,S2-363356875,S2-660693925,S3-880532265,S3-721761087,S3-51526742,S2-440570965,S2-757903279,S3-662628026,S3-104763969,S2-218394251,S3-966746635,S3-634734805,S3-201837476,S3-838278070,S2-864136348,S2-84714475,S2-957334808,S3-168727532,S3-405651007,S3-499623421,S2-900738223,S3-408217441,S3-849863248,S2-725430941,S2-987703082,S2-870855126,S2-213784445,S2-522377123,S3-301092734,S3-221148613,S2-834729,S3-744448609,S2-485171350,S2-837276645,S2-577592963,S2-230121619,S3-671805793,S3-704207971,S3-337421231,S3-215199655,S2-380637226,S2-840144902,S2-735844659,S2-973792760,S3-909517796,S2-826845923,S3-563440300,S2-451601186,S2-644063245,S2-37140873,S2-43284984,S2-438748930,S2-461774711,S3-540353197,S2-402525290,S2-721023618,S3-573100021,S3-418482731,S3-775300772,S3-556608965,S3-867307446,S3-919058692,S3-634962015,S3-669914233,S2-776855122,S3-970529444,S2-282416839,S2-311059422,S2-60538009,S3-510945278,S3-187865546,S2-271505956,S3-896661983,S2-334006623,S3-822130810,S3-700312594,S2-500705046,S3-981594981,S2-395436183,S3-652808257,S3-116091986,S2-772475174,S2-69572194,S3-29619913,S2-600389910,S2-989431296,S2-164515021,S3-744350656,S3-910753717,S3-869841551,S2-815252019,S2-303854659,S3-497407713,S3-160167643,S2-592287673,S2-429226728,S3-244381380,S3-214260171,S3-423222028,S2-261119668,S2-821758517,S2-299685676,S3-191173240,S3-196692472,S2-947784266,S2-745026058,S2-644189313,S2-318401274,S3-860555773,S3-568985509,S2-6675537,S2-496883836,S2-552524015,S2-144521339,S2-338960565,S3-349679455,S3-182683024,S3-234739408,S2-601677778,S2-440104204,S3-257311499,S2-372506596,S2-426918845,S3-579892924,S3-721365453,S2-73638823,S3-121524516,S3-521496466,S2-478424673,S2-780734911,S2-547904670,S3-329186848,S2-563701958,S2-170219232,S3-175039721,S3-71504117,S2-454335634,S3-138302151,S3-840876421,S2-906218141,S2-361736820,S2-705684042,S3-778592118,S3-40439793,S2-880334820,S3-393455659,S2-876316392,S3-247442919
S1-682391735	S2-194482594,S3-1802526,S3-785779708,S2-301073018,S3-494441152,S3-676744424,S3-152571144,S2-142786757,S3-419014750,S3-761354474,S3-818722089,S3-595763975,S3-577927061,S2-72650353,S3-777326326,S3-912712169,S2-493735561,S3-328984561,S2-274721885,S2-783648666,S3-792028036,S2-841604447,S2-238848449,S3-730405898,S3-697660906,S3-156174783,S2-647945622,S3-967707800,S2-920587005,S2-506155991,S3-258552232,S2-652202457,S2-849705833,S2-341168532,S2-570950731,S3-757774115,S3-682610611,S2-972765034,S2-486605502,S3-677028172,S3-476382537,S3-988961148,S2-736753207,S3-345633415,S3-881366751,S3-22266838,S2-210128326,S3-78013040,S2-596503094,S3-319322627,S3-504729320,S2-588358069,S2-521485245,S3-956639857,S2-111438775,S3-89846531,S2-108984077,S3-687471713,S2-877613262,S3-621306900,S3-187929272,S3-33319226,S3-305215419,S2-743986971,S2-242899863,S2-127425839,S2-303995574,S2-262646344,S2-687464505,S3-675446230,S2-782671757,S2-65702873,S3-742091948,S3-55329844,S2-866237757,S3-175732102,S2-93865913,S2-225835857,S3-220842618,S2-46302793,S3-33630525,S3-331972603,S3-71943791,S2-879573885,S2-508523305,S2-383030202,S2-375101252,S2-453119217,S2-416595506,S3-780090761,S3-1148001,S3-197008620,S3-582077735,S2-682939593,S3-342039463,S3-96658915,S2-634410066,S2-660795723,S2-713264333,S3-110193234,S3-358729746,S2-453365854,S3-416595074,S3-356844799,S2-54070460,S2-109747337,S2-689319970,S2-982792981,S3-473478704,S3-960049027,S2-602985825,S3-665164579,S2-630508432,S3-16768563,S3-424612588,S3-492369834,S3-451380040,S3-647610122,S3-959743474,S2-379470628,S3-254393046,S2-726853688,S2-660792558,S2-844660399,S2-992769431,S3-91566872,S3-789445280,S2-49455096,S3-106632444,S2-31275344,S3-736975655,S3-436201384,S2-990799112,S3-258887002,S3-77257430,S3-120443833,S3-926711431,S3-662175430,S2-584739653,S3-453960501,S2-726539574,S2-272351032,S2-463286962,S3-314754092,S2-15297238,S3-29782137,S3-945074510,S3-453025706,S3-17625050,S2-818434951,S3-922753681,S2-410801265,S2-412246544,S3-585130700,S3-729283303,S3-426099075,S2-835681531,S2-641290779,S3-136450097,S3-523932436,S3-257431531,S3-745381024,S3-220903435,S3-525968369,S2-580173238,S3-17928427,S3-652520759,S2-268265302,S2-326224715,S3-809535079,S3-214737749,S2-464405632,S3-909287402,S2-396175329,S3-469361546,S3-398254055,S2-378662414,S3-719863593,S3-511350495,S3-180899848
S1-559968662	S2-192816498,S2-483966601,S2-903583158,S2-239755861,S2-104250308,S3-619302515,S2-753026532,S2-737095949,S2-62589627,S2-333169758,S2-979270547,S2-322613553,S2-423878707,S2-868991043,S2-736201964,S2-379558632,S3-800853767,S2-64960194,S2-874720845,S2-959043908,S2-809797879,S2-780571485,S2-637238292,S2-737422272,S2-824156374,S2-717079309,S2-638893019,S2-143612139,S3-713648050,S2-53302256,S2-783278513,S2-219458294,S2-296081180,S2-192514667,S2-656156067,S2-898271371,S2-686044170,S2-789354771,S2-644861038,S2-544823081,S2-41236988,S2-846701348,S2-885873507,S2-811100170,S2-102681369,S2-953534362,S2-108641786,S2-588569107,S2-124922967,S2-947038284,S3-368791488,S2-477818514,S3-244661143,S2-548500463,S2-362348935,S2-10364422,S2-655344342,S2-402845317,S2-98348512,S2-376866981,S2-236420794,S2-167199915,S2-332808660,S2-193345406,S2-423536344,S2-92377745,S2-706014502,S2-2881302,S2-919550413,S2-638798002,S2-716369286,S2-464448321,S2-350720502,S2-952729281,S2-449075159,S2-252703957,S2-348597809,S2-934211245,S2-105897776,S2-103820670,S2-546413750,S2-899542587,S2-809475395,S2-997064281,S2-14369844,S2-147581622,S2-411528886,S2-781847432,S2-445507381,S2-898898141,S2-451589467,S2-41523484,S2-787022205,S2-321339681,S2-587132126,S2-704409228,S2-491216315,S2-453862802,S2-757634461,S2-194439893,S2-161869963,S2-428885362,S2-697505073,S2-7847064,S3-20531187,S2-240497529,S2-209886371,S3-864795579,S2-579825316,S2-545961593,S2-498628515,S2-48203994,S2-450674971,S2-207136581,S2-874062666,S2-518055291,S2-351813481,S3-726808292,S2-810332449,S2-735890423,S2-893651892,S2-784442772,S2-183597752,S2-343331000,S2-963557416,S2-799684633,S2-150768105,S3-422397477,S2-907810221,S2-654579408,S2-989772793,S2-89101680,S2-414857913,S2-83613039,S2-630389727,S2-766857167,S2-991671297,S3-137837163,S2-799068137,S2-432919140,S2-743556959,S2-192008620,S2-464227034,S2-525295669,S3-771614318,S2-688910097,S2-554889050,S2-649776937,S2-706648023,S2-924450619,S2-658840503,S2-621587820,S3-964779344,S2-959823673,S2-930942733,S2-140039445,S2-980677142,S2-910351373,S2-476119338,S3-962441607,S2-398758623,S2-4533541,S2-122321754,S2-259467264,S2-710759094,S2-726472303,S2-690742992,S2-661745417,S2-919585353,S2-641936803,S2-599640629,S2-479203488,S2-83896121,S2-506523931,S2-614641916,S2-440910055,S2-714951069,S2-527035635,S2-44185193,S2-194490292
S1-964877324	S3-370642320,S2-423536344,S3-847768849,S3-297969883,S2-496121735,S2-420350455,S2-474475305,S3-408413212,S2-774736197,S3-227329127,S3-319165160,S2-688975544,S3-18624418,S3-548946276,S2-954744252,S3-657983769,S2-947038284,S3-137502374,S2-151772630,S3-17552184,S2-732505504,S2-226039585,S2-835588115,S2-264746180,S2-826552583,S2-817751216,S3-428243874,S3-348499014,S3-534107653,S3-234192726,S2-600541439,S3-200662409,S3-405835838,S2-179243380,S2-689351576,S2-397551252,S3-383639864,S3-641517456,S2-589445977,S2-412882978,S2-802063836,S2-26523309,S2-427637832,S3-258490761,S2-765709230,S2-129122193,S2-543051367,S2-656714200,S3-777737836,S2-244859654,S3-555804508,S3-394082629,S3-29791337,S2-46688604,S2-808324918,S2-892453924,S2-793243336,S3-994258368,S2-803126271,S3-183637231,S3-42105685,S3-51310032,S2-469342044,S2-287858288,S2-653806982,S2-896768736,S2-723597531,S2-184572243,S3-926015847,S3-183674905,S3-714903191,S3-954795374,S2-649925616,S3-522619416,S2-767242243,S3-937915654,S3-767700296,S2-746828821,S3-816404328,S2-176998236,S3-286670435,S2-924644317,S3-7274255,S3-145729614,S3-318533342,S2-987222700,S2-919874812,S2-265242099,S3-575904198,S3-413455931,S2-672071028,S2-409018201,S3-621019792,S3-119035414,S3-118296785,S3-386192619,S3-790981249,S2-454730079,S3-17977041,S3-35031835,S2-817195716,S3-441511023,S2-588898157,S2-786275618,S2-675426432,S2-16919161,S3-267833484,S2-165398328,S2-760124395,S3-23295928,S3-932725703,S2-412672407,S2-472513298,S3-231069738,S3-632373455,S3-298424749,S2-892626771,S3-499284289,S3-924326168,S2-838319803,S3-10445894,S2-887123026,S2-395526553,S2-202615365,S3-272805897,S3-359258691,S3-407317435,S2-442790965,S2-713628638,S2-641260910,S3-504445047,S2-395530092,S3-183456504,S3-269302662,S3-494274569,S3-957191648,S3-173398261,S3-253977022,S3-458410843,S2-591945540,S3-236523428,S3-424465372,S2-190332188,S2-598120004,S3-86712625,S3-94514179,S2-2804013,S2-379216819,S2-759484504,S2-940366297,S3-267878152,S2-80818105,S2-638055764,S2-569329313,S3-777821211,S3-185212919,S3-256697494,S3-12512529,S3-676667152,S2-622039170,S3-797517715,S2-944776221,S2-701120434,S2-513266951,S2-79627178,S2-974644350,S2-749754768,S3-388823502,S3-617929805,S3-577578952,S2-167998065,S3-347905583,S3-299357765,S2-214721534,S3-56295844,S3-621202322,S2-543632868,S3-38878462,S3-722332764,S3-584685670
S1-883416047	S2-532515474,S2-923755234,S2-883785499,S2-116390537,S3-984602243,S2-351586681,S2-437136287,S2-328994531,S2-245634569,S2-772806454,S2-162568649,S2-246760623,S2-657995058,S2-165898626,S2-117267519,S2-898849110,S2-555024120,S2-892097632,S2-951998320,S2-723518012,S2-664252999,S2-239469513,S2-310754463,S2-197846147,S2-644663956,S3-692515774,S2-60869404,S3-901679358,S3-826923040,S2-828853188,S2-837092653,S2-895103617,S2-34433329,S2-172931117,S2-692619586,S2-503620985,S2-126425595,S2-128136930,S2-202615365,S2-307685063,S2-461623009,S2-294766157,S2-693633433,S2-991842499,S2-950077998,S2-788223086,S2-871779147,S2-270848867,S2-971092647,S2-415479390,S2-553971690,S2-993071707,S2-437267325,S2-371301714,S2-416878413,S2-948660637,S2-307665843,S2-466061998,S2-571105839,S3-458492679,S2-753618829,S2-794347476,S2-530744031,S2-707000935,S2-568530409,S2-910940946,S2-512747049,S2-869996613,S2-541694475,S2-236543422,S2-591519148,S2-367421262,S2-299309149,S3-894109506,S2-271439012,S2-440916264,S2-77795814,S2-714868741,S2-494227665,S3-361491851,S2-142645843,S2-182175113,S3-111276487,S2-689098862,S2-630413009,S3-671760815,S2-698207989,S2-811529948,S2-177137107,S2-555793148,S2-944100561,S2-651672148,S2-258043694,S3-485442650,S2-923816782,S2-836691288,S2-238705629,S3-81618303,S3-228664279,S2-340761478,S2-210314492,S3-467396944,S2-796614766,S3-631679743,S2-538744698,S2-847601546,S2-173849971,S2-677512797,S3-370033439,S3-316664209,S2-850760806,S2-869015498,S2-292567038,S2-885655563,S2-910490822,S2-726819490,S2-215602689,S3-945676752,S2-429797969,S2-466247761,S2-348424823,S2-902899534,S2-840373534,S2-276569893,S2-627930224,S3-435621471,S2-246436905,S3-428181810,S2-835946562,S3-346334033,S2-29174208,S2-711782291,S2-987072189,S2-784098039,S2-63184086,S2-188773330,S2-729311287,S2-917564869,S2-895781808,S3-192700570,S2-956867829,S2-750760369,S2-345443624,S3-53668839,S2-242643000,S3-602960033,S2-854176166,S2-935957493,S2-687826763,S2-427035087,S2-854348240,S2-485471128,S2-587699981,S2-401962585,S2-387488972,S2-164012387,S3-954723487,S2-219066070,S2-455724566,S2-889543511,S2-286668482,S3-601210579,S3-636018493,S3-370211835,S2-154961257,S2-723489515,S2-719866228,S2-214812366,S2-119312652,S2-526493060,S2-221302335,S2-910665630,S2-277735731,S2-96509421,S2-953493960,S2-753939967,S2-83963491,S2-951661363,S2-784313083,S2-957273357
S1-182458975	S2-817398661,S2-688006532,S2-218962874,S2-793539268,S2-234289048,S2-805578818,S3-523374695,S3-700113172,S3-569106283,S3-560302972,S2-788892634,S2-478476274,S3-60419323,S2-595169618,S2-300578239,S3-876721377,S3-237505747,S3-323362814,S2-327310910,S2-835285677,S2-720857242,S2-617217010,S2-979401692,S3-690790369,S3-423670365,S3-975712115,S2-842164766,S2-348272654,S2-324947743,S2-780101867,S3-35113452,S2-612310456,S3-984929729,S3-135021916,S2-607335711,S2-178849334,S3-595635287,S3-373725097,S2-755502561,S3-900017401,S3-756144151,S2-72490086,S3-993467614,S2-702891480,S2-8642823,S2-591554825,S3-569670913,S3-538199397,S3-564955430,S3-244281607,S2-914343016,S3-95072393,S2-269845336,S3-858125272,S3-646705030,S2-614086869,S2-682964084,S2-89660732,S2-222462114,S2-329987138,S3-106446414,S2-313670026,S3-278868668,S3-145606203,S3-965178898,S3-44266062,S3-242049877,S2-430628976,S2-805735222,S3-172266482,S2-89474571,S3-824183219,S3-472293246,S3-257994377,S2-451418222,S2-438704568,S2-352869153,S2-315001936,S2-61368935,S2-599320719,S2-282379676,S3-951874330,S2-639885343,S2-369174145,S2-166310828,S3-694329796,S2-702887315,S2-374434323,S2-797130651,S3-994134137,S2-598036698,S3-156767464,S3-76488121,S3-681932740,S2-259467264,S3-45364968,S3-696445514,S2-11116451,S2-297287809,S2-419919116,S2-200306868,S3-158438612,S2-298348416,S3-896842939,S3-55921003,S3-657235525,S3-757331862,S2-704784327,S2-266499977,S3-384645877,S2-632078568,S2-193345406,S3-170176936,S3-469810223,S3-957161620,S2-610816900,S3-188441417,S3-232722224,S2-701746253,S2-63618400,S2-945489187,S3-385365835,S2-721675766,S3-725239964,S2-910490822,S2-124031933,S3-308918741,S3-229954420,S2-371619657,S2-911312911,S2-759735369,S2-259273068,S2-664371260,S2-919524280,S2-716695476,S2-73994111,S3-896715825,S3-864482789,S3-222306979,S3-728196517,S3-276427681,S2-619124272,S2-427566651,S2-608928037,S2-896690580,S3-683568308,S3-870588828,S2-415023029,S2-594032406,S3-975084483,S2-619472351,S2-60538603,S3-15156962,S2-815252019,S2-512038976,S2-683171793,S3-957594577,S2-939630934,S3-940068452,S2-571730537
S1-339269492	S2-962455440,S3-32603306,S2-368320826,S2-744927083,S2-639397615,S2-249425502,S2-426918845,S2-678107312,S3-978855715,S2-688943467,S2-148464133,S2-829714452,S3-529368145,S2-258426119,S2-716695476,S3-486402879,S2-966811424,S3-214339155,S2-450774271,S2-316412535,S3-511828502,S2-721866791,S2-259783588,S2-412384596,S2-306337777,S2-385777067,S3-524929343,S3-228269476,S3-80136668,S2-547573172,S3-660173531,S2-144187963,S2-280986729,S2-703055559,S3-920915230,S2-22682745,S3-197833928,S3-245675405,S2-860341701,S3-835478115,S2-84337110,S2-610816900,S2-681129137,S3-519237389,S2-563797179,S3-192316447,S2-941573909,S2-257006624,S3-645469146,S2-24740322,S3-777118932,S2-445857424,S2-528832257,S2-122799052,S2-292663044,S2-154195211,S3-402406660,S2-840686664,S2-167075079,S2-751387140,S2-452430272,S3-572091269,S2-94494747,S3-860555773,S2-651193935,S2-121808907,S2-129068134,S3-661799435,S2-839421932,S3-568974033,S3-971389096,S3-233456156,S2-651613970,S2-95409207,S3-974882510,S2-210354852,S2-703814445,S3-847384473,S2-174551919,S2-210033452,S2-520280887,S2-66354294,S2-951415889,S3-683936956,S2-847930705,S2-987703082,S3-522092597,S3-611215767,S2-858498846,S2-547472758,S2-504884709,S2-161545092,S2-558395015,S3-383731346,S2-175042336,S3-966746635,S3-689974753,S2-389130360,S2-377032895,S2-912845741,S2-535201703,S2-178856257,S2-387315399,S2-505150723,S2-125457218,S2-671297991,S3-761998818,S3-958487791,S3-681981404
S1-621676240	S2-99785869,S2-383337007,S3-384425649,S2-945273014,S3-960227281,S2-127145,S2-786123845,S2-866564035,S3-383496206,S3-266990952,S2-530569520,S3-775639560,S3-83622354,S2-903065910,S2-377942211,S3-32596116,S3-997532747,S2-363356875,S2-341022152,S2-517824552,S2-421873936,S2-355741990,S2-614790032,S3-878389502,S3-475968547,S2-683133156,S2-338606966,S2-765496791,S3-337421231,S2-112176830,S2-381614500,S2-756483322,S2-935531352,S2-722586919,S3-999458458,S2-763230362,S3-518470289,S2-141972025,S3-711599508,S3-369001474,S2-816954568,S3-418245470,S2-562745995,S3-850947434,S2-884040388,S2-170479725,S2-720648641,S2-605748588,S3-705900490,S2-237976616,S2-907998694,S3-124263632,S2-809385565,S2-46349999,S2-16665514,S2-958710955,S2-59679118,S2-343762711,S3-699693444,S2-980281177,S2-456942765,S3-54156463,S2-594478805,S2-503641456,S3-87994289,S3-864402191,S3-330054533,S3-879903794,S3-758187216,S2-565332493,S2-428413915,S2-318510425,S3-665900009,S2-152884904,S2-42165651,S2-477073381,S2-545182449,S2-636982797,S3-958657712,S3-355308377,S2-446761313,S3-940561911,S3-518978010,S2-176058042,S2-414446167,S3-342820718,S2-886117102,S2-160166199,S3-891482481,S3-979877020,S3-660484540,S3-21945435,S3-747205629,S3-766817544,S3-245675405,S3-582536456,S2-818874693,S2-40614351,S2-405294229,S2-818129818,S2-754529082,S3-600864845,S2-852587233,S3-3918535,S2-890428204,S2-994705111,S2-725612831,S2-809060165,S2-521820136,S3-323753282,S3-341578031,S2-427036882,S2-506312279,S2-560614389,S2-137254059,S2-449087347,S2-932996903,S3-719684142,S2-341347539,S3-628083423,S2-343142753,S2-578943842,S2-574385619,S2-584230624,S2-892144402,S3-684007672,S2-868336243,S2-805044363,S3-961797494,S3-120319456,S3-523432340,S2-217212887,S2-678981366,S3-314641869,S3-408328037,S3-989086224,S2-569055372,S3-515466422,S2-477909395,S2-988099919,S3-642693961,S2-732674919,S2-549602049,S3-763683219,S3-451547774,S2-828867563,S2-538033064,S3-408913046,S3-204752989,S2-920871115,S3-938437273,S2-913895904,S3-43492550,S3-1173237,S2-811142265,S2-783323885,S3-214416248,S3-11465461,S3-417230072,S3-159838340,S2-115258774,S3-662732186,S3-387712949,S3-110576858,S3-401160979,S3-10199064,S2-997094088,S2-748973412,S3-712474790,S2-855837260,S3-339481146,S2-378166742,S2-187743820,S3-499234511,S2-413919071,S3-409959052,S3-309207394,S3-648936950,S2-978338906,S2-330429863
S1-103138354	S3-581762127,S3-155611732,S2-911429299,S2-985078920,S3-746507879,S2-284190237,S3-812938645,S2-407814797,S2-94251094,S2-665596445,S2-890960181,S2-467766863,S2-834411985,S3-588370458,S3-606768697,S2-233586234,S2-378889028,S3-271337561,S2-966504770,S3-285046275,S3-243506706,S3-236584638,S3-876999427,S3-924601071,S3-316327855,S2-532708976,S3-452732418,S2-61211378,S2-321814110,S3-208029648,S2-823489243,S3-771197215,S2-345404191,S2-584226770,S2-694702241,S2-82110262,S2-421049238,S3-492635654,S3-235815560,S2-919239980,S2-809026670,S3-931597542,S3-800579619,S2-88727206,S3-271359184,S3-54105148,S2-817016316,S2-159216667,S3-806522958,S2-440023709,S3-304869776,S3-977573175,S3-322772761,S3-196692472,S3-122921708,S3-293216569,S3-523493786,S3-940895167,S3-538671461,S2-147686039,S2-388303443,S2-362298533,S2-988352114,S2-527012256,S3-918586599,S3-202659366,S3-882934575,S3-435832741,S3-95145837,S2-970978419
S1-279963953	S3-523397952,S2-865883573,S3-8891885,S2-148150788,S2-237238180,S3-867263941,S3-730554819,S2-53892054,S3-773883197,S2-378335414,S2-692533662,S3-21565900,S3-580448397,S2-498122673,S3-739713747,S2-626067252,S3-569223417,S2-164498834,S3-247388065,S2-253997818,S2-828281664,S2-648554709,S2-173020296,S3-429040708,S2-977610769,S2-807777671,S3-678533840,S3-815706232,S2-317480348,S2-465626424,S2-616986080,S2-126819365,S2-897876703,S2-577711295,S3-471343482,S2-620164197,S2-714051477,S2-216643480,S3-467168457,S2-16859429,S3-581288707,S2-90975147,S3-678070755,S2-139506199,S3-626987959,S2-911629941,S3-27547634,S2-323799756,S3-135262039,S2-992338916,S2-123501882,S2-538538065,S2-921041645,S2-909111431,S2-148467570,S2-590996822,S2-718665805,S2-76465213,S2-683642640
S1-317707487	S3-138302151,S3-579384604,S3-694329796,S2-254339845,S2-259126930,S3-997532747,S3-208763638,S3-710359691,S2-993314144,S3-547934555,S2-835386493,S2-580615251,S2-317931503,S3-744448609,S2-820044844,S2-400190057,S3-740498387,S2-217238999,S2-231256061,S3-261144863,S3-92825660,S2-939880782,S2-37377358,S2-96471525,S3-499326420,S2-318531873,S3-672969398,S2-384824595,S2-591415594,S3-244152277,S3-388787994,S3-790707845,S3-715639921,S2-95948115,S3-660173531,S3-906559955,S3-594280982,S2-416961271,S3-728109434,S2-918011306,S2-219000671,S2-386961372,S3-464637790,S2-684727310,S3-265180639,S2-799159831,S3-985811237,S2-386724887,S3-261935637,S3-925442843,S3-192299544,S3-416552775,S3-470022967,S2-804632740,S2-496771746,S2-147224246,S3-916685476,S2-493814760,S2-111783485,S3-217213986,S2-876114239,S2-287166350,S2-379760088,S2-606560091,S2-602837161,S2-738845766,S3-673731662,S3-455747228,S2-519042017,S3-255382934,S3-888022216,S3-285202361,S3-945225197,S3-180631905,S2-348988483,S2-896465381,S3-388736740,S3-739877530,S2-470202940,S3-313746921,S2-436717573,S2-817029992,S2-399750231,S2-782289908,S3-590285256,S3-311100124,S3-640183792,S2-428352,S2-114749631,S2-500783784,S3-510427551,S2-882130114,S2-439086559,S2-89712012,S3-629743833,S2-433188453,S3-855873197,S2-456004843,S2-878311927,S3-445482340,S2-555361369,S3-525530432,S2-863235387,S3-553963838,S2-189699599,S3-808856735,S2-538618768,S3-573737584,S2-865883573,S3-257698168,S2-89240147,S2-446986156,S3-889754183,S2-266077862,S2-901270840,S3-656277116,S2-717068052,S2-761602964,S2-933568743,S2-727778987,S2-202328620,S2-240492564,S2-795011774,S3-108108353,S3-994420217,S3-808387247,S2-193016113,S3-964489065,S2-691968259,S3-26714872,S2-824205072,S3-863992050,S2-757755510,S2-965365329,S2-177952394,S2-459529438,S2-616038866,S3-295003370,S2-488463193,S2-106352233,S3-131890394,S2-53137097,S3-412229266,S2-927940634,S2-354060049,S2-868833660,S3-201441610,S3-984084906,S3-729273261,S3-337064812,S2-875243761,S2-117178476,S3-770412976,S3-240183821,S2-14302759,S3-314780629,S2-216295125,S2-862026657,S3-320593807,S2-941101545,S3-733074319,S2-706292578,S3-767189601,S2-228736232,S3-170649826,S2-914338082,S3-331588542,S2-408196647,S2-932569098,S2-314606486,S2-334497937,S3-210263077,S3-99733471,S3-320488619,S2-426445572,S3-772360786,S3-106599462,S2-476719085,S3-271028819,S3-910602200
S1-391244573	S2-643635527,S2-152714697,S2-693512889,S2-525004536,S3-746706865,S2-40233028,S3-611168787,S3-844042071,S2-846945459,S2-72523726,S2-450038746,S3-35107543,S2-231978756,S2-777072767,S3-252274880,S2-741729997,S2-46251183,S2-164154000,S3-476806006,S3-924546512,S2-673419052,S3-940386896,S3-381990447,S3-532832289,S3-931563201,S3-625372232,S3-380113570,S3-835898246,S3-663826548,S2-620532515,S2-829911136,S3-688447338,S3-175195300,S3-439340109,S2-705261374,S3-887134130,S3-650917881,S2-751850903,S2-64327670,S2-587461470,S3-608878198,S3-436046914,S3-114352248,S3-655711266,S3-806367166,S3-721879064,S3-414790457,S3-128208950,S3-378335881,S3-88962579,S3-497015519,S3-139989241,S3-457939445,S3-704173048,S3-397998767,S3-440589045,S3-597425555,S2-578973470,S2-682246798,S2-909130034,S2-241760567,S2-853167873,S3-85598318,S3-183306923,S2-509966472,S3-11127356,S3-693443949,S2-469164780,S2-462810789,S3-535250175,S3-754388223,S2-99389198,S3-476579220,S2-418133248,S2-587699981,S2-963070219,S2-522916531,S2-525295669,S2-942557136,S3-17584470,S3-533444652,S3-566943087,S2-103032139,S2-479124662,S3-295940731,S3-272805897,S2-675851706,S3-245411021,S2-292589275,S3-435621471,S2-688639436,S2-480897317,S3-957733239,S2-10325703,S3-544576653,S3-538460116,S3-977399629,S3-595736882,S3-298443935,S2-240499356,S3-679130603,S2-486069787,S3-131734609,S3-31791125,S3-35454564,S3-991407105,S3-748088896,S3-886088707,S3-360597006,S3-39738917,S3-10175952,S2-772944394,S3-676942890,S3-704182822,S3-883697230,S3-789248588,S3-614319407,S3-705038879,S2-852619340,S3-259310976,S3-619302515,S2-485285523,S3-238934201,S2-992019566,S3-539235056,S3-161518824,S2-101337037,S3-667784583,S2-511878585,S2-6869184,S3-835374358,S2-585680211,S3-629082496,S2-158865015,S2-730808154,S3-370458032,S3-434023234,S2-943813960,S3-24139544,S2-978424631,S2-700776216,S3-237786991,S3-307550529,S3-762042342,S2-362270885,S2-546071752,S3-359927414,S3-565050191,S3-682745384,S2-564886018,S3-597655695,S3-347560578,S2-398898639,S3-852084895,S3-961061490,S2-447902259,S3-872013487,S2-400328385,S3-776276317,S3-754055728,S3-620642699,S2-813362237,S3-127380091,S3-374271602,S3-428101653,S3-631180714,S3-865293282,S3-558210810,S2-259528459,S3-200797902,S3-434944518,S2-832737171,S2-244352440,S3-663713076,S3-619267752,S2-293872168,S2-258043694,S2-995997303,S3-70528841,S2-85698014
S1-603458137	S3-215096194,S2-208890076,S3-533630743,S2-565787935,S3-906359112,S2-299890701,S2-788344240,S2-98775184,S2-843725986,S2-619483487,S2-89474571,S3-186875006,S2-401440468,S2-795868119,S2-457185936,S2-10469228,S2-786006021,S2-538121894,S3-958825639,S2-577258741,S2-603561878,S2-982588724,S2-826758502,S2-969149183,S2-633362485,S2-237209707,S2-867984472,S2-400339315,S3-429396140,S3-489831241,S2-192540920,S3-820410195,S3-383378872,S2-599320719,S2-753003743,S3-967056290,S3-545685908,S3-112921665,S3-677590466,S3-636596525,S2-359212203,S3-224886259,S2-217034051,S3-254561692,S3-46138977,S2-824687779,S2-726942782,S3-455333651,S3-698064644,S3-26444204,S3-194593889,S2-30242438,S3-59710094,S3-141889520,S2-33168384,S3-70784381,S3-786349009,S3-419956827,S3-97669932,S3-708263433,S3-377331363,S3-609158438,S3-681546386,S3-157577006,S3-481659563,S3-58404053,S3-970550763,S2-238182010,S2-568518852,S3-790687673,S3-801438236,S2-272607771,S3-876988958,S3-383017179,S3-236844879,S3-944739100,S3-805102523,S3-66672789,S2-864197444,S2-244253799,S2-222883417,S3-554008779,S2-665596445,S2-952109285
S1-429550703	S2-334362501,S2-711772554,S3-169820243,S3-495646538,S3-950165485,S2-115400988,S2-743722065,S3-996316470,S3-384537596,S2-893716684,S3-130143312,S2-327798183,S3-242645790,S3-181508463,S2-478704493,S2-614705727,S3-379658867,S2-654987180,S2-423866335,S3-71429399,S3-534578332,S3-401754115,S3-520215173,S3-573926286,S2-878648293,S3-853305906,S2-372606362,S2-474301975,S2-568579698,S3-482318421,S3-706485564,S2-650777811,S2-388242142,S3-671150571,S3-234011238,S2-734341992,S2-296491616,S3-943850002,S3-778343866,S2-50247137,S2-500337723,S2-754581506,S3-417230072,S3-257362934,S2-267369607,S2-496497737,S3-416633133,S2-688290572,S2-508391784,S3-690750189,S3-129416567,S2-587171542,S3-209584694,S3-152903089,S3-415566983,S2-512094960,S2-120317674,S3-683295642,S3-255739917,S3-999319576,S2-19831491,S3-754341174,S2-96068662,S2-808190290,S2-749534801,S2-24740322,S3-27273976,S2-895690234,S2-61368935,S3-578025073,S3-487859782,S2-179052007,S2-237808599,S3-760959067,S3-786118042,S2-931084864,S2-185213512,S3-471492239,S2-244698568,S2-342655156,S3-470022967,S2-831507418,S2-778206248,S2-81894381,S2-842164766,S3-279973987,S3-363098675,S2-95733093,S3-823248853,S2-549227107,S2-374632896,S2-616265562,S2-890084877,S2-465774238,S2-896959330,S3-489831241,S2-571058772,S2-131435329,S2-623316486,S3-186500588,S2-891383097,S3-791182780,S3-613405618,S3-425451804,S2-137809473,S2-515100149,S3-358955723,S2-939985815,S2-615778579,S2-950931840,S3-144987339,S3-922573625,S3-768040803,S2-172268075,S3-335862156,S3-940961658,S3-977817872,S2-296525470,S2-519283641,S3-377017879,S2-91776046,S3-975475279,S3-552180348,S2-199515763,S3-116102122,S3-183805716,S2-675644302,S2-902707815,S2-322277968,S2-378335414,S3-181175418,S2-791399008,S2-143986867,S3-876046407,S3-707258096,S2-327173375,S3-293559393,S3-458492030,S2-463502496,S2-311302945,S3-233557361,S3-874997263,S3-588285349,S2-836691288,S2-996924512,S3-144784336,S2-208712449,S3-865293282,S2-392517361,S3-803365358,S3-200179973,S3-820536037,S2-7847064,S2-545961593,S2-95876908,S3-474522650,S3-966260464,S3-484024669,S3-31798764,S2-756551313,S2-516874971,S3-25759504,S3-397441613,S2-395802601,S2-511878585,S2-893378604,S3-275270650,S2-474124252,S2-910490822,S2-704409228,S2-42312843,S3-956059747,S3-984602243,S2-442251246,S2-90628299,S2-742874598,S2-36098914,S3-625069348,S3-308918741,S2-845185779
S1-302219416	S3-990105007,S3-643154035,S2-672457193,S2-601113320,S2-676390111,S2-531262492,S2-538599452,S2-723513824,S2-335147570,S3-507870144,S2-365338688,S2-211680515,S3-477355064,S2-427649642,S2-518679206,S2-662724974,S2-790080617,S3-635511582,S2-839110260,S2-673540283,S2-7134548,S3-172826012,S2-858333831,S2-312863538,S2-64310140,S3-743729368,S2-522004411,S2-521137694,S2-93944014,S3-615688314,S2-722700267,S3-120208241,S2-806956628,S3-323904182,S3-591492307,S3-448378941,S2-323205883,S3-538186103,S2-125457218,S2-504765147,S3-557495509,S2-483346173,S2-55371613,S3-907937362,S2-345109638,S2-304719869,S2-778722505,S2-342387202,S3-193164754,S2-367560858,S2-513049531,S2-14075834,S2-476465262,S2-988725816,S3-513478682,S2-608963132,S3-10891585,S2-322894222,S2-783711706,S2-614146034,S3-542174661,S3-16944263,S3-479320850,S2-795335462,S3-760520749,S3-921468859,S3-701641546,S2-303037664,S3-815796924,S3-841697956,S2-930127878,S2-274181567,S2-25603252,S2-286092318,S2-544571699,S2-304713900,S3-100977482,S2-446159552,S2-2907580,S2-619042771,S2-701496773,S2-711313605,S3-16147297,S3-401637627,S3-644142812,S3-236344840,S2-885143036,S3-988193270,S2-536401840,S3-290225853,S2-166204215,S2-553921087,S3-840365372,S2-745343993,S3-772310206,S2-789750249,S3-883805136,S2-410804005,S2-740640658,S2-29165633,S2-587679768,S2-527436414,S2-733946572,S2-499949518,S2-730590985,S2-791288340,S3-745853069,S2-374753079,S3-95522602,S2-258201185,S3-785560465,S2-601032627,S2-301759252,S2-722548684,S3-264729325,S3-60275754,S2-337736101,S3-443929776,S2-530481446,S2-101777891,S2-237142721,S2-992249487,S2-284797430,S2-200620479,S2-649103744,S2-158865015,S3-847768849,S2-359498,S3-270197670,S2-196824171,S3-77004161,S2-495395238,S3-643779851,S2-515585165,S2-348752606,S2-440788806,S3-647738739,S2-843654433,S2-422993819,S3-856075014,S3-209797343,S2-394968734,S2-400453463,S2-462810789,S2-295130212,S3-7525865,S2-528371982,S3-732232820,S3-715389618,S3-167258292,S3-927881041,S2-640031357,S2-46251183,S2-844512989,S2-204135404,S2-621212069,S3-485370521,S2-480897317,S3-671586945,S2-412527378,S3-431726820,S3-933333822,S2-629654694,S2-887473202,S3-437359926,S2-399669447,S3-779007929,S3-677084096,S3-625112657,S2-446226433,S2-278186236,S3-774292319,S2-197601980,S2-258376150,S3-831804871,S2-208712449,S3-200739789,S2-983421828,S3-434944518,S2-559271677
S1-693956169	S3-801458660,S2-11399040,S2-828902755,S2-774664132,S3-274269512,S2-642379815,S2-584739653,S3-25281609,S3-23518063,S2-752039767,S2-135243872,S2-964463489,S3-468509415,S3-367614197,S2-773388064,S3-872197884,S3-695929806,S2-651740526,S2-110518311,S2-646218526,S2-514477715,S2-186323318,S3-55634045,S2-806978517,S2-404007568,S2-690072954,S2-908376650,S2-521485245,S3-511350495,S3-89010063,S2-169701692,S3-424943129,S2-518518982,S2-374741531,S3-997870187,S3-430431212,S3-525968369,S3-475503985,S3-912712169,S2-966481815,S3-818348994,S2-566025912,S3-253568336,S3-300102996,S2-58995303,S3-898958292,S3-421264795,S3-698630993,S2-571844929,S2-379470628,S2-677611473,S3-281447424,S2-239605693,S3-584028612,S2-626761254,S3-201822629,S2-386555546,S2-384976557,S2-844816252,S2-429776897,S3-358729746,S3-436224263,S3-306653140,S2-868266996,S3-662175430,S3-273272215,S3-752237914,S2-919675684,S3-943916703,S3-951418237,S3-999335994,S2-133271608,S2-865296385,S3-82266746,S2-672367090,S2-982792981,S3-886284228,S3-253865524,S2-687464505,S2-799342669,S3-809083820,S3-766141107,S3-681977972,S2-14976599,S2-235711711,S3-112958176,S3-745381024,S2-175110533,S3-591772690,S3-736975655,S2-841604447,S2-365209194,S3-784784513,S3-660838032,S2-489173239,S2-375101252,S2-713264333,S3-563838302,S3-6742502,S3-248002675,S2-142919569,S2-448626177,S2-107820820,S2-532673061,S2-187180436,S2-892637813,S3-156174783,S3-258887002,S3-38298918,S2-11737014,S2-72650353,S2-710830158,S2-998836123,S2-462428237,S3-585130700,S2-835681531,S3-69003773,S3-302542023,S3-520093980,S2-109747337,S2-570546898,S2-543173344,S2-59604091,S2-396661958,S3-715060299,S2-641290779,S3-319092992,S3-892330054,S3-71943791,S3-852035874,S3-17766771,S3-113272007,S3-777326326,S2-574233987,S3-54470773,S3-988961148,S2-111438775,S3-463960582,S2-653042915,S2-338638004,S3-1148001,S3-742091948,S3-301622173,S3-449787572,S3-50392946,S3-305215419,S3-436201384,S3-512400683,S3-548625741,S3-857937906,S2-268265302,S2-580853997,S3-621306900,S3-876425841,S2-352931738,S3-170838278,S3-282222572,S3-314754092,S2-754075332,S2-49655685,S2-257820483,S2-272351032,S2-420814161,S2-967923679,S2-577204741,S2-48974459,S2-128720916,S2-783392194,S2-540565178,S3-293163847,S3-186670324,S3-785126381,S3-594607762,S2-736753207,S3-306313196,S3-120443833,S3-520326237,S2-543310171,S2-783648666,S3-813037581
S1-837916944	S3-19339829,S2-679813434,S3-576069189,S2-939101446,S3-696684999,S3-557622195,S2-818742137,S3-932905518,S2-753435932,S3-270279909,S3-744367198,S3-885399159,S2-943105432,S2-828050039,S2-712942644,S3-810060615,S3-236721116,S3-260812104,S3-489941683,S3-554074334,S2-225590910,S3-699574986,S2-68825976,S2-189857773,S3-262723171,S2-188033825,S2-281224093,S3-328840802,S2-963261487,S2-819087568,S3-325774786,S2-932567028,S3-993311695,S3-992933777,S3-462381740,S3-983443913,S3-811182718,S3-451860021,S3-725281466,S2-113116193,S3-772409254,S3-855714464,S2-460308813,S3-536232459,S3-923444675,S3-945445902,S3-678654237,S3-21680515,S3-584657116,S3-534004445,S2-762766956,S2-400493855,S2-13072938,S3-59221790,S3-301572751,S2-167830215,S2-816390814,S2-984676843,S3-921850387,S3-845445437,S3-151967478,S2-297579015,S3-909444108,S2-967309356,S2-175192432,S2-21923784,S3-28391425,S2-636400387,S2-913195122,S3-217491610,S2-795664994,S2-881217666,S3-786680696,S3-74863948,S2-813718745,S3-72551382,S2-697514180,S3-31368913,S2-129760559,S2-825908631,S3-157769318,S3-960612880,S3-844741994,S3-872416531,S2-394519812,S2-20924316,S2-267134773,S3-162798249,S2-567940802,S2-105902821,S3-255657902,S2-20869901,S2-744736880,S3-932723023,S3-665164579,S3-395314793,S3-371911416,S3-554700151,S3-304215038,S3-867366490,S3-983812890,S3-380145819,S2-177140915,S2-386934307,S2-336750623,S3-595620152,S3-710323041,S2-580343030,S3-174497076,S3-331103538,S3-272536280,S2-908079681,S3-861078163,S3-945479776,S2-554792568,S3-171139327,S2-995631959,S2-617186571,S2-444133746,S3-551594228,S3-968953815,S3-483905353,S2-49948280,S3-740366073,S3-796837184,S2-709602418,S2-886484824,S2-676196560,S2-278976022,S2-791580552,S3-672183258,S3-190355473,S3-735677932,S3-235857616,S2-704784114,S3-338787581,S2-659318092,S2-185013334,S3-367677565,S3-889671181,S2-247738094,S2-647202535,S3-494271652,S3-917727008,S2-367703621,S2-179380437,S3-591095582,S3-311837639,S2-648693678,S2-460100326,S2-203099050,S3-267259002,S3-298047597,S3-59547065,S2-883108268,S3-99584532,S2-754866151,S2-617513552,S2-13682032,S2-419385758,S2-282715976,S2-283217054,S2-769563545,S3-944953237,S3-42046426,S2-831938698,S3-281302626,S3-281534404,S2-509829201,S3-93363345,S3-28204129,S3-208520456,S3-846531317,S2-621225139,S3-514185992,S3-664375045,S2-612591290,S3-978862386,S2-889139960,S3-43058467
S1-336786786	S3-60718083,S2-85144335,S2-137180602,S2-681261480,S2-657007862,S2-357615540,S2-55491066,S2-545780191,S3-749530185,S3-31719237,S3-124578688,S2-383289673,S2-312397594,S3-971460215,S3-537932752,S2-941761654,S2-304989017,S2-839648719,S3-22274589,S2-828441604,S3-627410971,S2-302143413,S3-74427391,S2-520641242,S3-977102523,S2-703516110,S3-384456289,S2-728352511,S2-602405925,S2-4312466,S3-749494147,S2-891068902,S3-572143343,S2-621663546,S2-291827529,S3-233212231,S3-503962485,S3-248953543,S2-980256837,S2-795371733,S3-699191426,S2-551914381,S2-608309788,S3-407347257,S3-565843276,S2-663050270,S2-363080475,S2-677418029,S2-443731996,S2-572865884,S3-117530409,S3-261118865,S3-101707804,S2-771076573,S2-750024428,S2-141279511,S2-80734166,S3-976849016,S3-67750046,S3-251522598,S3-790605137,S2-390204019,S2-201475833,S3-177244648,S3-857392225,S2-562185797,S3-925928023,S2-719478968,S3-640263072,S3-906980377,S2-634942099,S2-405303215,S2-691303035,S2-499383307,S3-231860842,S3-630156235,S2-342081407,S2-603597059,S2-876933047,S2-875254141,S2-251853502,S2-959489188,S2-999959283,S2-969337377,S3-668629842,S2-298347903,S3-769988353,S2-199280788,S2-266592280,S2-765559686,S2-923305420,S2-256407354,S2-109172202,S3-122108657,S3-943933402,S2-426704259,S2-814206532,S2-367152592,S3-514166056,S2-913268296,S2-713637360,S2-489090621,S3-613434481,S2-687964286,S3-674351824,S2-701617188,S3-809196284,S3-905497206,S3-161182112,S3-992198052,S2-1734121,S3-500214791,S3-814382992,S3-657919288,S2-618328454,S2-865500418,S3-34766123,S3-553465960,S2-21645518,S2-30681866,S2-643036049,S3-180737251,S2-609112356,S3-81833880,S2-581955114,S2-535368070,S3-195887077,S2-354060049,S2-443034683,S2-122929275,S2-171504672,S2-913170244,S3-381008246,S3-534066918,S2-995219531,S2-117036112,S3-555465629,S3-60511000,S3-311404174,S3-708257221,S2-881286121,S2-431132818,S3-445805755,S2-164166256,S2-983169183,S3-538771990,S3-461931434,S3-997424981,S3-65254576,S2-56408222,S3-919291751,S2-642938176,S2-940690414,S3-380960610,S3-318015471,S2-14302759,S2-50551369,S3-270946423,S3-19179895,S3-500244008,S2-520658265,S3-29062484,S3-28078346,S2-688943467,S2-11748354,S2-738298889,S2-37998381,S2-308151671,S2-476350086,S3-588285349,S2-379203700,S2-757534042,S2-630157922,S3-181320509,S3-928813841,S2-859991791,S3-864402191,S2-594388053,S3-243506706,S3-69221188
S1-800911534	S3-289456993,S2-99449591,S2-375151053,S2-118451620,S2-538090739,S2-932990531,S3-499075271,S3-534622973,S2-162945861,S3-371339898,S2-854603170,S2-910633498,S2-477409278,S2-352869153,S2-977140870,S2-529024396,S2-209068375,S3-188685947,S2-404475368,S2-365604487,S2-197516037,S3-749494147,S2-386760313,S2-394696306,S2-484465030,S2-991225313,S3-757735462,S2-1054063,S2-349794931,S2-538033064,S2-962871783,S2-414446167,S3-146445953,S2-207175341,S3-299564484,S2-763630737,S3-892319511,S2-471006012,S2-348099732,S2-981983929,S2-396258558,S2-866223538,S2-22867118,S2-53206908,S2-926735122,S2-854780942,S2-628990996,S2-582291655,S2-380445126,S3-63510211,S2-819327020,S3-355440384,S3-93643980,S3-370376384,S2-545545731,S2-32223841,S3-916565178,S3-891231558,S2-948894912,S2-298540642,S2-252251189,S3-815706232,S2-224712890,S2-930022210,S2-636982797,S3-423065528,S3-543088599,S2-382561902,S2-150753932,S3-417315037,S3-895491540,S3-408413212,S2-349524060,S3-207774842,S3-85566500,S3-241306976,S3-317956827,S2-555235475,S3-236489598,S2-383420348,S3-656622424,S3-744886842,S2-214730447,S3-704152307,S3-928589074,S3-708398093,S2-149781121,S2-395026060,S2-927555880,S3-240494404,S2-979735800
S1-181883447	S2-321308609,S2-918973885,S2-175527408,S2-571152274,S2-586506427,S2-146884818,S2-67455305,S2-124035848,S2-949044369,S2-335173353,S2-367421312,S3-137931626,S2-990787030,S2-284777044,S2-638283084,S2-960229601,S2-104769383,S3-867263634,S2-418861086,S2-417445200,S2-382696361,S2-259406265,S3-107757096,S2-471214036,S3-690824148,S3-346814313,S2-551024375,S3-830307062,S2-333365468,S3-814843124,S3-700611915,S3-29690205,S3-201183791,S3-602206274,S2-495179311,S2-185048111,S3-710805509,S2-60015838,S3-284273662,S2-460178658,S2-942573685,S2-213780045,S2-601951103,S2-250505170,S3-222293323,S3-611038334,S2-368995341,S2-270221388,S3-654341428,S2-31965582,S3-161461861,S2-618329833,S2-686803202,S2-511252603,S2-34808681,S3-870867359,S2-155547755,S2-224100536,S2-874586310,S2-34954098,S2-318799519,S3-898541620,S2-737471973,S3-64810791,S3-714208112,S3-494603003,S2-996688177,S2-340880073,S3-449196818,S2-290349597,S3-584682680,S3-797638440,S3-196744268,S2-697016349,S3-203598800,S3-294261058,S2-342184546,S2-209320819,S2-343689116,S3-209955580,S2-809901111,S3-764845380,S2-641643569,S3-833912747,S2-972274190,S2-315218684,S2-339312141,S2-681644560,S2-921691864,S3-117965996,S3-530213977,S3-894829659,S3-982799684,S3-369958430,S2-887990019,S3-57191623,S2-928417717,S2-35980965,S2-703646134,S2-287646541,S2-836059566,S2-229984535,S2-225263694,S2-860406542,S3-186465328,S2-151514660,S2-208497171,S2-495547562,S2-918367197,S3-785748503,S2-250643106,S3-250223854,S2-565874159,S3-869410716,S2-857904693,S2-152412703,S2-410652102,S3-595382501,S2-770588074,S3-69729963,S2-686101197,S2-54885777,S3-36950313,S2-890290909,S3-739649986,S2-893653501,S2-592412285,S2-600860109,S2-199337810,S2-578321005,S2-759972274,S2-552587599,S2-232369974,S2-906688291,S2-964296464,S3-564168770,S2-712179394,S2-100573405,S2-826552583,S3-819538473,S3-555755015,S3-560021963,S2-986646969,S2-835458073,S2-782765375,S2-296357492,S2-372259938,S2-860442914,S2-552878160,S2-111017131,S2-43009798,S2-937397598,S2-255376163,S2-601268574,S2-917675802,S2-480685367,S3-648708506,S2-316291152,S2-360271895,S2-822636700,S2-154239685,S2-989054089,S3-59933893,S3-56250000,S2-910090974,S2-337194824,S3-986739557,S2-749836922,S3-780695221,S2-521739469,S2-701285656,S2-733558769,S2-122293852,S2-63805139,S2-892040046,S2-672191745,S2-319851392,S2-292574990,S3-728580671,S2-771719189
S1-1433093	S2-858333831,S3-662721327,S2-155995224,S3-250324284,S2-767453499,S2-921226399,S3-460759790,S3-184704783,S3-635729164,S2-169686893,S2-383443818,S3-564464453,S2-138013558,S2-305518448,S2-307351456,S3-878692629,S3-468512341,S3-434252808,S3-558652409,S2-391035386,S2-59125050,S3-355741208,S3-327496689,S3-712400606,S2-456510542,S3-943647207,S3-114072012,S2-711321945,S2-710254316,S2-458619110,S2-723518012,S2-15576704,S2-356098620,S2-900959400,S3-700365871,S2-738661191,S3-307502694,S2-819205378,S2-469081581,S2-161061110,S2-246685020,S2-384450374,S2-240363643,S3-791942362,S2-930382947,S2-916383925,S2-64310140,S2-948660637,S2-180634553,S2-341701047,S3-939467801,S2-223604666,S2-245612075,S3-35537831,S2-797348450,S2-122078334,S3-107051372,S3-747192214,S3-639721472,S2-106302105,S2-829911136,S3-688194826,S3-84513983,S2-358799296,S2-321409161,S3-676804287,S3-575680850,S2-70578260,S2-580651946,S2-732155812,S3-297664676,S2-325648550,S2-273301211,S2-246760623,S2-86429229,S3-501236006,S2-139506199,S3-457375219,S3-117882754,S3-677055875,S2-756683937,S3-993648164,S3-477842127,S3-692515774,S2-580171629,S3-921863275,S2-757960276,S2-682093109,S2-656847334,S3-394858338,S2-853829547,S2-921191764,S3-175001935,S2-923247863,S2-643635527,S3-16147297,S3-983444251,S2-225798504,S2-643440099,S2-3632893,S2-261086166,S2-677512797,S2-570328388,S2-236202105,S3-546906063,S2-14345892,S2-903744231,S2-898431581,S2-118674825,S2-156968585,S2-592630143,S2-334438457,S2-365110244,S3-44375592,S2-886683237,S2-625443154,S3-105833231,S2-287056624,S2-741586016,S3-971595905,S2-102506722,S2-939647243,S2-580975006,S3-870867359,S3-791006834,S2-675283470,S2-420061310,S3-580559062,S2-78465009,S2-362079222,S2-196430197,S3-201770309,S2-845834254,S3-117575529,S2-325666336,S2-721215346,S3-683291192,S3-549298,S3-930259562,S2-84294594,S3-991693492,S2-145772427,S3-54422741,S3-838001955,S2-275270455,S3-867678166,S2-14505038,S2-910251810,S3-804887078,S2-203077478,S2-641944323,S2-675955548,S2-573361682,S2-811776364,S2-411697167,S2-753945924,S2-828729653,S2-627424347,S2-496323076,S3-999836754,S2-30048306,S2-144522770,S2-329265368,S3-194745519,S2-905336963,S2-681782072,S3-714453823,S3-202539585,S2-998179263,S3-989525770,S2-527435655,S2-202401902,S3-177994966,S2-314020709,S3-175195300,S3-5039747,S3-206378351,S3-71174119,S3-3331620,S3-55948637
S1-733472967	S2-324476050,S2-269177273,S2-20839428,S2-867917626,S2-682639092,S3-125023947,S2-577972441,S2-313842939,S2-740992066,S2-62323312,S2-328497332,S2-940366297,S2-276705656,S2-944747002,S2-178387107,S2-469205972,S2-894235221,S3-480132061,S2-805803025,S3-926900487,S3-217874671,S3-117882754,S2-143004935,S2-245651045,S2-194241870,S2-638299856,S2-322701594,S2-296550285,S2-533939583,S3-373673251,S2-305518448,S2-874855092,S3-999424305,S3-430142087,S2-964338893,S2-591480430,S3-186638392,S2-99725676,S3-464391993,S3-233259820,S2-639237773,S2-845094219,S2-675426432,S2-629412492,S2-179288484,S3-706081406,S3-278595025,S2-210879384,S2-513049531,S2-313349742,S3-628046578,S2-455643447,S3-641488020,S3-453626465,S3-524528722,S2-803126271,S3-604688013,S2-464655979,S2-323998042,S2-594032406,S2-139259960,S3-709742859,S2-685464768,S2-696096188,S3-981142977,S3-851121897,S2-286441052,S2-975836913,S3-192892090,S3-764044621,S2-289775365,S2-199830292,S3-213220069,S3-389641536,S3-708398093,S3-260454168,S2-363312407,S3-180624605,S3-939187911,S2-214111708,S2-298965929,S2-625996612,S3-343757570,S2-598120004,S3-980673588,S2-565351387,S2-54101700,S2-945032106,S2-622352317,S3-531741517,S3-617128162,S2-485669693,S2-381054184,S2-904174951,S3-496440095,S3-729175054,S2-525991477,S2-432719132,S3-656686413,S3-893544514,S3-704152307,S2-404564295,S2-106392848,S2-33428201,S2-491725211,S2-675478858,S2-135491601,S2-486211748,S2-566773221,S2-980703297,S3-159576600,S3-32654056,S3-447415861,S3-242645790,S3-655398272,S2-816954568,S3-144266734,S2-84631992,S3-900221638,S2-765239042,S3-62524449,S3-412563770,S2-581549782
S1-89100953	S2-972087927,S2-411773002,S2-206687952,S2-636355308,S2-675843528,S2-140503523,S3-928813841,S3-813639175,S3-432961713,S3-277275384,S2-344859265,S2-49177043,S2-499383307,S2-145801286,S3-830129258,S2-609923135,S3-65838660,S2-584926436,S3-542370901,S2-910030043,S3-97827472,S3-498156461,S2-262333602,S2-546983027,S2-254482649,S3-650247863,S2-447240357,S2-978338906,S3-169383713,S2-395256796,S2-478737337,S3-639988715,S2-72346937,S2-923305420,S3-31719237,S3-421753436,S2-520658265,S3-284891286,S3-67750046,S3-461931434,S3-565843276,S3-195887077,S2-74135034,S3-173981567,S2-573858895,S2-663050270,S3-283772757,S2-648561550,S3-801127901,S3-469064442,S2-765239042,S2-330133447,S3-670236252,S3-958657712,S3-900274247,S3-978534496,S2-238702934,S2-799535785,S2-377024628,S3-149597191,S3-664710868,S2-693647039,S2-291827529,S2-53201470,S2-715442998,S2-383902035,S2-52165657,S2-207728587,S3-861796991,S3-254258571,S2-751202314,S2-141279511,S3-689205987,S2-581278983,S2-426704259,S2-786450045,S2-925186565,S2-802207145,S2-707259925,S2-547878739,S3-347563849,S3-907378208,S3-416247723,S2-58857525,S2-50551369,S2-256407354,S2-209534431,S3-749794451,S3-13487981,S2-80734166,S2-665911660,S2-841071717,S3-106961405,S3-558454374,S2-431132818,S3-18570244,S2-637469359,S2-631545015,S3-905497206,S2-16747749,S2-199280788,S2-497654662,S2-266592280,S3-500244008,S2-781973860,S3-766128490,S2-713637360,S3-858132953,S2-134189268,S2-719478968,S3-422815078,S2-657007862,S2-458125826,S2-125450413,S2-51615186,S2-97367999,S2-801684160,S3-708257221,S3-713832596,S2-171504672,S3-60511000,S3-827297363,S3-54808490,S3-635001181,S3-862103721,S3-382131782,S2-738298889,S2-594388053,S3-34043394,S3-820177024,S3-893696149,S3-302818833,S2-263528180,S3-251573302,S3-380960610,S2-872099735,S3-853925834,S3-816244994,S2-859991791,S3-596909294,S3-971460215,S2-725612831,S3-197233859,S2-686236213,S2-980256837,S2-917859734,S2-547594988,S3-75598677,S2-642938176,S2-677418029,S3-47335107,S2-941761654,S3-381008246,S2-103762621,S3-366975565,S2-352669081,S2-89240147,S3-442452127,S2-846172522,S2-4626408,S3-299014922,S2-476350086,S3-347519927,S2-959742970,S2-489090621,S2-865500418,S2-915610056,S2-378353934,S3-16339106,S2-668050281,S2-463134710,S3-316852993,S3-103114129,S2-266263897,S2-681261480,S3-592095362,S3-873093932,S3-777758790,S3-78164153,S2-224020409
S1-848293840	S2-978433569,S2-932902115,S2-167075079,S2-333241756,S2-324022434,S2-293830644,S2-973792760,S2-154841114,S2-496883836,S2-539325349,S2-129206464,S2-137820506,S2-973074537,S2-967080091,S2-976793661,S2-32792012,S2-211092999,S2-1240491,S2-956930163,S2-168780966,S2-909745274,S2-705965047,S2-170487169,S2-451766122,S2-809536880,S2-353831891,S2-771476868,S2-766496603,S2-281222144,S2-595081201,S2-995169645,S2-864520816,S2-298347903,S2-231977294,S2-219926911,S2-544163733,S2-262516740,S2-707259925,S3-401400567,S2-282797451,S2-103781604,S2-246257965,S2-471800381,S2-804612202,S2-442021143,S2-192666276,S2-172066960,S3-752844575,S2-767825344,S2-765044773,S2-817026751,S2-339550008,S2-857804209,S2-566083944,S3-111018331,S2-733544107,S2-830131819,S2-685765159,S2-577955573,S3-510636044,S2-659432589,S2-726819490,S3-978032427,S2-212287689,S2-879945459,S3-529954622,S2-718494723,S3-357708997,S2-40274524,S2-84994998,S2-209372086,S2-182040116,S2-320101922,S2-32509436,S3-515663185,S2-828021823,S2-799065523,S2-32353150,S2-954304309,S2-625633367,S2-564453148,S2-967697141
S1-17003766	S2-13072938,S3-174497076,S3-868927600,S3-281302626,S3-992933777,S2-20869901,S2-816390814,S2-225590910,S2-790883248,S2-399569338,S3-554700151,S3-213603178,S3-455546969,S3-878948097,S2-795638586,S3-845445437,S2-704784114,S3-489941683,S2-482075294,S2-519959909,S3-960889502,S3-921850387,S3-963392613,S3-328840802,S3-591095582,S3-398336588,S3-909444108,S3-302566298,S2-353769894,S3-121655814,S3-668236807,S2-803605381,S2-247738094,S2-172751739,S2-216581706,S2-913195122,S2-935388504,S3-567339124,S3-85943421,S3-59221790,S3-969102189,S2-45308003,S2-762766956,S2-829602188,S2-13682032,S3-412486451,S2-267134773,S2-302364041,S2-345065620,S3-602420532,S3-451860021,S3-510185044,S3-262723171,S2-68825976,S2-782958098,S3-730405898,S3-595636811,S3-217491610,S2-984676843,S2-502078035,S3-197008620,S2-886484824,S2-527599400,S2-679813434,S3-130647528,S2-105902821,S3-43058467,S2-342016797,S2-185013334,S3-28204129,S3-409513890,S2-554792568,S3-30972,S3-584657116,S3-261543392,S3-469393386,S2-974838439,S3-108021098,S3-710323041,S3-788116288,S2-786869781,S3-725281466,S2-582661068,S2-108209369,S2-831938698,S2-769563545,S3-844741994,S3-479958114,S2-302318672,S2-967309356,S2-567940802,S3-19339829,S3-151967478,S3-554074334,S3-462381740,S2-166780275,S2-428616464,S3-310293123,S2-809953611,S3-640389423,S3-536232459,S2-765834139,S2-647742770,S3-672183258,S2-419385758,S2-612591290,S3-267510270,S3-913254865,S3-38070179,S2-963261487,S2-442249232,S3-59547065,S2-825908631,S3-609100325,S2-16442072,S2-734060241,S3-488775705,S2-693935015,S2-636400387,S2-262770634,S2-460308813,S3-536391720,S2-643692461,S2-791580552,S3-581827040,S3-809083820,S2-299154817,S3-74863948,S3-218056616,S2-188033825,S2-943105432,S2-480937386,S2-883108268,S3-786680696,S3-900152062,S2-61011233,S3-372792768,S3-156546450,S3-72551382,S3-576069189,S3-292257272,S3-852869350,S3-270279909,S3-741055102,S3-811182718,S2-367703621,S3-796837184,S2-742285186,S2-299167606,S3-318930254,S3-483905353,S2-676196560,S3-170134173,S3-494271652,S2-772985419,S3-767992797,S3-514185992,S2-659711649,S3-616747941,S2-819087568,S2-857319192,S3-502258413,S2-330582538,S3-740366073,S3-861078163,S3-171920830,S3-805849381,S3-237615864,S2-17052575,S2-340444360,S2-339358981,S3-30496819,S3-21680515,S2-869919762,S2-11464153,S2-726853276,S3-872416531,S3-810060615,S2-818236267,S2-617186571
S1-915512126	S2-401547923,S2-248821054,S2-513739444,S2-489090621,S3-765252858,S2-914730369,S3-269409801,S2-106131253,S2-249877830,S2-682195010,S2-754522704,S2-898478551,S3-456611956,S3-740972676,S2-256407354,S3-980745367,S3-749393473,S3-307593492,S2-90764496,S2-204964383,S2-559930336,S3-573394955,S2-545156358,S3-3284585,S2-563237016,S3-243014103,S3-191839695,S3-174325500,S2-270054473,S2-19831491,S3-428054373,S2-394305051,S3-601066570,S3-661622671,S3-583257361,S2-249107607,S2-81573988,S2-230246211,S2-784517142,S2-477302457,S2-96222742,S3-878055476,S2-995998104,S2-114128058,S2-858549926,S2-485267967,S3-971460215,S2-34215208,S2-499292289,S3-126108201,S2-283513686,S2-790678270,S2-424905759,S2-397422518,S2-347200186,S2-420996634,S2-672061424,S2-897519906,S2-415920913,S2-47581387,S3-723641951,S2-802067461,S3-747940647,S2-638650888,S2-483966601,S3-238714505,S2-243696406,S2-928502608,S2-385554587,S2-676238202,S3-893331737,S2-218408906,S3-626523907,S3-878212868,S3-192697795,S2-466457038,S2-143609583,S3-488828865,S2-456209924,S2-377921227,S3-417960204,S3-127117392,S3-587740655,S3-759949635,S3-679169172,S2-561179523,S3-814843124
S1-901504091	S2-747600072,S3-425566588,S2-332503571,S2-575432786,S3-193108247,S2-999012259,S3-668629842,S2-37998381,S2-322001398,S2-143610967,S2-435114688,S2-751202314,S3-375363933,S2-266263897,S2-160364112,S2-521058989,S3-965174376,S2-335565564,S3-925928023,S2-532708976,S3-281588298,S3-906176808,S3-129365768,S2-636275568,S3-984455002,S3-433821912,S3-315661495,S3-863960483,S2-535368070,S2-508252114,S2-437001277,S2-550653968,S2-227155379,S2-30681866,S3-474561165,S3-706962501,S2-144304702,S3-433245057,S2-82110262,S2-839472548,S2-643036049,S2-969149183,S3-646236694,S3-75554428,S3-273689707,S2-251853502,S2-233546324,S3-628844727,S2-149852320,S3-312750452,S2-11748354,S2-602405925,S3-311404174,S3-861851872,S2-872953423,S3-225312696,S2-463134710,S3-185456191,S2-700356863,S2-280811393,S2-695784416,S2-703516110,S2-900732677,S3-350145046,S3-393441582,S3-40203460,S3-476845641,S3-177244648,S2-400186470,S3-537932752,S3-764685422,S2-940494273,S3-173981567,S2-972467267,S2-917859734,S2-171504672,S3-846283559,S3-616092059,S3-354772939,S3-32596116,S3-22274589,S2-316412535,S3-471499195,S2-609112356,S3-261416922,S2-701777161,S2-706548751,S3-716805174,S3-408208490,S2-198931605,S3-15007298,S3-977507533,S3-971460215,S2-478737337,S3-663026748,S2-664828053,S2-126555429,S3-864402191,S2-501556734,S2-476027171,S2-630111107,S2-77964936,S3-563137754,S2-350020248,S2-256407354,S3-39115533,S3-293366364,S3-805116804,S3-646522415,S3-5605653,S3-995351005,S2-809665812,S2-443729359,S3-895524409,S2-829314901,S3-355308377,S2-600916444,S3-537382324,S3-125301343,S3-191115514,S3-724781420,S3-718504937,S3-431738670,S2-713637360,S3-872205830,S2-590435810,S2-603137073,S2-379203700,S2-936264037,S2-447375514,S3-463326544,S2-944941126,S2-823497950,S3-245675405,S3-346545428,S2-857724735,S3-676467238,S3-949088497,S2-411773002,S2-562185797,S2-615009478,S2-923305420,S2-859991791,S2-407675341,S2-402723648,S2-243296118,S3-472484301,S3-987884808,S3-82993346,S3-302818833,S2-354060049,S2-887783351,S2-263528180,S3-350806906,S3-911594260,S2-199021860,S2-854739841,S3-844468139,S3-115570384,S3-578011415,S2-195480753,S3-11993669,S3-9588560,S2-283233683,S3-978534496,S3-334864251,S3-432940469,S3-342752882,S3-760433788,S3-801127901,S3-567419654,S3-214593864,S3-247632454,S3-773711855,S2-967688074,S3-530031272,S2-545403249,S3-416247723,S2-163009953,S3-149756405
S1-724741475	S2-580599447,S2-498589580,S2-744098365,S3-764852050,S2-975741876,S2-148054463,S2-498847231,S2-757054231,S2-456514313,S3-128268117,S3-543565278,S2-103781604,S3-430937321,S2-779691746,S2-870204959,S2-854739841,S2-357545523,S2-598312557,S2-775330636,S3-29733754,S3-814620080,S3-4402421,S2-864588945,S2-670162547,S2-715669813,S3-812047194,S2-987123781,S2-589171726,S2-63997984,S2-738845766,S3-445482340,S3-892528125,S2-237983272,S2-219000671,S3-155611732,S2-267116455,S2-418144525,S2-26031011,S3-573737584,S3-521374106,S2-374086598,S3-277871237,S3-962623720,S3-982916620,S3-925315489,S2-927940634,S3-141476573,S3-106599462,S2-680133409,S2-386961372,S3-937791576,S2-511948417,S2-652580859,S3-131890394,S2-868833660,S3-137209638,S2-317636270,S2-271369594,S2-36973049,S2-933845077,S2-95948115,S2-288355900,S3-929042212,S3-680082767,S2-942688007,S2-182824158,S3-772360786,S3-651842016,S2-979989344,S3-401031185,S2-369634827,S2-440419245,S3-132198355,S2-430984136,S3-147393291,S3-435078343,S2-243787642,S3-412229266,S2-965365329,S3-618399680,S3-853704128,S2-488463193,S2-316927869,S3-323007511,S2-83011570,S3-790707845,S3-586164835,S3-984202777,S3-999145116,S3-386151861,S2-570963942,S3-349591121,S3-872668108,S2-11428451,S2-999683538,S2-189699599,S2-606560091,S3-324808989,S2-774420919,S2-879155825,S2-890815313,S2-928703176,S3-358342064,S2-265254100,S2-865137666,S3-125776910,S3-849960506,S3-462685489,S3-257698168,S2-385312142,S3-710194416,S3-679465045,S2-748332200,S3-538824498,S3-241083303,S3-747107358,S2-969379726,S2-158898318,S2-360549470,S2-124573596,S3-610270095,S2-732562740,S2-228370756,S2-705708442,S3-925442843,S2-148709971,S2-118874856,S2-476719085,S3-757028366,S2-399750231,S3-696348312,S2-166582012,S3-58268615,S2-470202940,S3-336899491,S2-561605456,S2-496771746,S3-805729669,S2-261228864,S2-820744499,S3-664930211,S3-187873403,S3-265180639,S3-387547796,S3-320593807,S3-764266218,S3-609133668,S3-859778310,S3-388722834,S2-266077862,S3-749393473,S3-182435629,S2-972467243,S3-910602200,S3-119405414,S2-580615251,S3-271028819,S3-927198232,S3-414627989,S3-991676728,S3-495422409,S3-399887121,S3-377060072,S2-896465381,S3-612006426,S2-712294921,S2-931417905,S2-220248812,S3-256444418,S2-498800847,S3-634681848,S3-301221082,S3-164158212,S2-452430272,S3-445051431,S2-927888887,S3-303511825,S2-330632317,S2-53725511,S3-758549169
S1-851421910	S2-592136669,S2-501396255,S3-315427726,S2-149492730,S2-505969853,S2-442585888,S2-799457326,S2-947937295,S2-192388907,S2-187694060,S2-251311805,S3-435150918,S3-311145376,S2-250632510,S2-770062007,S2-902239948,S2-565578979,S2-897173190,S3-218566871,S2-750099771,S3-871160437,S3-470132836,S2-495748996,S2-703640552,S2-639237773,S2-495813079,S3-544832710,S3-366413508,S2-551522049,S3-359433677,S3-851809622,S3-24828814,S3-304559946,S3-654935469,S2-806864654,S2-220860399,S3-186962564,S3-372633521,S2-959875371,S3-631332691,S2-35980965,S2-226192457,S3-522534108,S2-952111219,S2-850954829,S3-571149917,S3-358441800,S2-240325608,S3-502443905,S3-688194826,S2-195469849,S2-174733266,S3-330220436,S2-877133584,S3-662861736,S3-694769270,S3-845342470,S2-474034600,S3-277979310,S2-957516988,S3-482486513,S2-269177273,S2-690303634,S2-651161449,S2-379558632,S3-821925805,S3-506605305,S3-351645299,S3-749311024,S3-118892490,S3-985302341,S3-618885734,S3-813005065,S2-898076393,S3-568778412,S3-690072187,S2-673679322,S2-630389727,S3-142604605,S2-910835933,S2-44209004,S3-212512637,S3-598971722,S3-532080170,S3-991693492,S3-738747099,S2-898611179,S3-961421742,S2-654324281,S2-164154000,S2-620563082,S3-468772188,S2-260839023,S2-622792679,S3-918214418,S3-696978260,S3-768606168,S2-587812193,S3-896168860,S3-706088587,S3-374614489,S3-420770645,S2-449452467,S3-95417883,S3-964328776,S2-711854311,S3-763584593,S3-605853037,S2-857086247,S2-54101700,S2-947934443,S2-626902403,S3-332529388,S2-996605554,S3-692862857,S3-945684412,S2-281814132,S3-89897073,S2-769710367,S3-573797000,S3-869059972,S3-851121897,S3-780746209,S2-496121735,S3-374391328,S2-26419621,S3-30677504,S2-805771573,S2-491755789,S2-917281249,S3-951668539,S3-63665211,S2-139259960,S3-880824964,S2-333613490,S2-799684633,S3-377978037,S3-790192866,S3-184227007,S3-89272133,S3-393601740,S3-805053403,S3-600456061,S3-59571619,S3-37365625,S3-943647207,S3-97664864,S2-189048601,S3-737988809,S2-993960432,S3-609998941,S3-75793043,S3-764744632,S3-408413212,S2-830859966,S3-77655688,S3-498433392,S2-328922214,S2-777285682,S3-277798848,S3-837339481,S3-494440310,S3-522722729,S3-418775247,S2-73643021,S2-644146285,S3-955382355,S2-399383337,S2-995729916,S3-723984211,S2-221643753,S2-119463027,S2-197741618,S3-296651603,S3-918118985,S3-653575386,S2-881711235,S2-741094905,S2-808824236,S2-796753102
S1-430298053	S2-747285616,S2-365487618,S2-196262364,S2-213232996,S2-768613402,S2-577253485,S2-532708976,S2-719013321,S2-827757112,S2-577101665,S2-465849879,S2-410936191,S2-601147209,S2-393133386,S2-436639368,S2-546106962,S2-145998122,S2-551447872,S2-607335711,S2-406883681,S2-398155221,S3-774154355,S3-586928900,S2-563028756,S3-586684390,S2-628867895,S2-211194839,S2-579952522,S3-712431594,S3-509957303,S3-245510188,S2-303791329,S2-256945478,S2-713637360,S2-751681252,S2-348232985,S2-313536981,S2-724191712,S2-1396972,S2-358836213,S2-466521198,S2-377865304,S2-697504957,S2-867017103,S2-400899419,S2-287779024,S3-442293746,S2-353852049,S2-4794145,S2-138265296,S2-201278101,S2-904174951,S3-514572990,S2-613680891,S2-563729335,S2-476119338,S2-455820480,S2-667998932
S1-307277652	S2-609923135,S2-581278983,S2-750578524,S2-497654662,S2-69052711,S2-728352511,S2-875254141,S3-251522598,S2-941761654,S2-89240147,S3-384456289,S3-222368736,S3-109666861,S3-857392225,S3-270748256,S2-689700592,S3-749530185,S2-694073194,S3-906980377,S3-214982367,S2-972087927,S3-173981567,S2-854603170,S2-158388966,S3-342752882,S2-45956246,S2-501556734,S2-304989017,S3-937140604,S3-613087360,S2-594388053,S2-201475833,S3-471035359,S2-443034683,S3-514172021,S2-765239042,S3-764229107,S2-140503523,S3-928813841,S2-802207145,S3-849863248,S3-232673356,S3-335312367,S3-815184361,S2-59040544,S2-117036112,S2-865500418,S2-141279511,S2-940690414,S3-316852993,S3-29062484,S2-828441604,S3-776296790,S3-106211265,S2-209534431,S2-551914381,S3-984823715,S2-72705987,S2-634942099,S3-912573068,S2-995014741,S2-923305420,S3-432940469,S3-174593595,S3-42776329,S2-913268296,S3-71583866,S3-755180834,S2-377024628,S2-741068630,S3-583737131,S2-636553802,S2-719478968,S2-841559379,S2-708073438,S2-581955114,S3-238780379,S2-499505081,S2-648561550,S2-978338906,S2-799535785,S3-18982697,S3-463326544,S2-866276574,S2-693901543,S2-238297214,S2-218337544,S3-311404174,S3-809196284,S2-944704355,S2-769123206,S3-461931434,S3-664710868,S3-949088497,S3-572400424,S3-682966227,S2-25484276,S2-227540736,S2-549650330,S3-162614273,S2-621663546,S2-395256796,S3-976849016,S3-642991553,S3-801127901,S2-206687952,S2-351003590,S3-126518477,S3-279908440,S2-427066555,S3-205613692,S2-983169183,S2-126555429,S2-881286121,S3-943933402,S3-650247863,S3-896961060,S2-797034424,S3-283772757,S2-757534042,S2-695784416,S2-254482649,S3-588881635,S2-708416992,S3-149597191,S3-63911929,S3-416247723,S2-919239980,S2-959489188,S2-547878739,S3-724781420,S2-485267967,S3-729687518,S2-143610967,S2-291827529,S2-915610056,S2-665911660,S3-616092059,S3-790605137,S2-175442173,S2-290662910,S2-263528180,S2-308151671,S3-67750046,S3-51420235,S3-995351005,S2-266592280,S3-315661495,S2-298774133,S2-781973860,S2-751202314,S3-543089127,S2-511302328,S2-939202117,S3-988575988,S2-572865884,S2-516652544,S3-807570078,S2-352669081,S3-65254576,S2-716695476,S2-657007862,S2-258360599,S3-121879323,S3-498156461,S2-571755639,S2-809665812,S3-195887077,S3-640263072,S2-161545092,S2-876933047,S3-853925834,S2-103626594,S3-677557632,S3-760433788,S3-684702049,S2-1734121,S3-751725133,S3-611986684,S2-713637360
S1-503010787	S2-649519469,S2-305423855,S2-407777610,S2-424998513,S2-802395851,S2-573016689,S2-430858827,S2-912881534,S2-772700123,S3-563017662,S3-255150389,S3-217169499,S2-95889450,S2-77970392,S2-108594879,S2-977360078,S2-860395715,S2-293281145,S2-193726137,S2-371750015,S2-605162695,S3-269283294,S2-996783395,S2-561000812,S2-433538301,S2-933810763,S2-78465009,S2-246685020,S2-615089280,S2-792023005,S3-365536082,S3-574934313,S3-261841399,S2-748299563,S2-166809876,S2-697965360,S3-708246473,S2-260688535,S3-62772223,S2-911221562,S3-573500616,S3-779938695,S3-949172422,S3-808466506,S2-474062070,S2-777072767,S2-725167020,S2-287056624,S2-721215346,S2-852376738,S2-100444556,S2-149726747,S3-769039681,S2-658840503,S3-110476416,S2-805068624,S3-12543552,S3-385275144,S2-348424823,S3-556823884,S3-896577132,S3-723736397,S3-864981389,S2-859094191,S2-794896485,S2-731381882,S2-556208932,S2-53311320,S2-813823076,S3-187812551,S2-535201703,S2-537577036,S3-555285092,S2-349816622,S3-199439730,S2-553971690,S3-261157182,S2-942797293,S2-103721651,S2-248990703,S3-605289520,S2-24658923,S3-948354428,S2-937149003,S2-621860820,S2-305544390,S2-788061781,S3-261920231,S3-644835672,S3-820253844,S2-977401025,S2-457753565,S3-883633200,S2-39547519,S2-460111695,S2-916383925,S3-652287374,S2-268806363,S3-971426936,S2-323758989,S2-45821884,S3-720567584,S3-6341900,S3-472151265,S2-138375597,S2-853673158,S3-597539262,S3-788060680,S2-325666336,S2-714263938,S3-119633205,S3-347087196,S2-912845741,S2-338375951,S3-202310086,S3-898453800,S2-828129937,S3-998051891,S2-867917626,S2-692313839,S3-764584652,S2-294903186,S2-969574474,S2-333613490,S2-350491181,S2-470541284,S2-457681515,S2-223948769,S3-453576408,S3-926900487,S3-317378859,S3-122352388,S3-102516415,S3-637383939,S2-695175095,S2-303220531,S2-918321815,S3-805656406,S2-487296565,S2-17853482,S3-131921907,S2-127170526,S2-253568804,S3-109796435,S3-24478964,S3-225515813,S2-664108852,S2-278612152,S2-412882978,S3-889948496,S2-60869404,S2-424031278,S2-218053979,S2-411720838,S2-335659628,S3-700534009,S3-932516512,S2-957475471,S3-679794357,S3-172020842,S2-209920613,S2-313955120,S2-623309134,S3-408594973,S2-246077211,S2-395272028,S3-742404090,S3-73703196,S3-63004746,S3-438375497,S2-72383385,S2-839245549,S3-849703157,S2-613953997,S2-465185415,S3-923500190,S3-183055603,S3-541896279,S3-227329127,S3-254667676
S1-520627257	S2-754529082,S3-304043536,S2-980281177,S2-587121100,S2-174764910,S2-127145,S2-112176830,S2-141972025,S3-681883395,S2-816954568,S2-958710955,S2-177952394,S3-451547774,S2-383337007,S3-384425649,S3-299603866,S2-594478805,S2-818129818,S2-144187963,S2-414446167,S2-381614500,S2-829533261,S3-369001474,S2-777328717,S2-170479725,S2-763230362,S3-184174096,S2-716778843,S3-850947434,S2-59679118,S2-99785869,S2-920871115,S2-363356875,S3-989086224,S3-510837837,S2-932996903,S2-732674919,S2-982588724,S2-805044363,S3-339481146,S2-562745995,S3-337421231,S2-341022152,S3-940561911,S2-578943842,S3-347519927,S3-931639328,S2-988099919,S2-343762711,S3-32596116,S2-978338906,S2-884040388,S2-725612831,S2-270105873,S2-935531352,S2-945273014,S3-476408037,S2-892144402,S2-852587233,S2-574385619,S2-662239839,S2-678981366,S3-67348889,S2-378166742,S2-217212887,S2-565332493,S3-833056573,S2-449087347,S2-386113796,S2-427036882,S3-692024084,S2-875100010,S2-793082753,S2-405294229,S2-584230624,S2-408401704,S3-572678060,S2-657209556,S2-503641456,S3-976170494,S2-517824552,S2-605748588,S3-245675405,S2-545182449,S3-711599508,S2-890428204,S2-330429863,S2-46349999,S3-11465461,S2-204966912,S2-712359876,S3-747205629,S2-152884904,S3-764964905,S3-572130571,S2-160166199,S2-636982797,S3-375897732,S2-868336243,S3-665900009,S3-54156463,S3-766817544,S2-614790032,S2-65284847,S3-582536456,S2-525611852,S3-699117402,S3-763683219,S2-237976616,S3-513834371,S3-417230072,S2-446761313,S3-604550713,S2-913895904,S2-146844088,S3-664667824,S3-342820718,S3-518470289,S3-662732186,S2-506312279,S2-722586919,S2-811200076,S3-21945435,S3-401160979,S3-78587319,S2-907998694,S3-301607905,S2-40614351,S2-555777237,S3-938437273,S3-878389502,S2-811142265,S3-600864845,S2-109022521,S3-824978368,S2-559152757,S2-477073381,S3-87994289,S3-660484540,S3-339344708,S2-421873936,S3-758187216,S3-648936950,S3-979877020,S2-774959621,S3-490251316,S2-656074162,S3-775639560,S3-961797494,S3-120319456,S3-45389531,S3-864402191,S3-408913046,S3-611709270,S2-68759678,S3-383496206,S2-341347539,S2-549602049,S3-43492550,S3-498404103,S2-318510425,S2-886117102,S2-176058042,S3-110576858,S3-246169538,S3-705900490,S3-523432340,S3-101208990,S2-998453699,S2-355741990,S3-214416248,S3-317165971,S2-338606966,S3-418245470,S2-809385565,S2-428413915,S2-866564035,S3-475968547,S3-699693444,S2-765496791
S1-667272642	S3-461344675,S3-414036886,S2-847014050,S2-468427870,S2-187119816,S3-773498036,S3-734747152,S2-196613960,S3-572176821,S2-555124789,S2-39765864,S2-783703941,S3-46440014,S3-309194877,S2-671788102,S2-370515215,S2-748394573,S3-339272710,S2-353769894,S3-676307816,S2-152218404,S2-302364041,S3-276488973,S3-591095582,S3-668236807,S3-992933777,S2-259426163,S3-510185044,S2-813086379,S3-33574842,S3-328840802,S2-281224093,S3-121655814,S3-462823430,S2-217260065,S3-498927268,S3-350935382,S2-803605381,S2-796837749,S2-394519812,S3-174497076,S2-522232069,S3-818113885,S3-380145819,S2-973605948,S2-826295013,S3-9655523,S3-787634420,S3-952935394,S2-400498714,S2-54599306,S2-812057266,S2-829602188,S2-558100740,S2-299154817,S2-196983139,S2-572036092,S2-123018989,S3-441881659,S3-260812104,S3-303505497,S2-263347086,S2-877682695,S2-712942644,S2-906190563,S3-469393386,S2-6815124,S3-338787581,S3-754769050,S3-744367198,S2-247738094,S3-43058467,S2-955629599,S3-934940861,S3-478690867,S3-885399159,S3-576069189,S3-288187158,S3-929804406,S2-153275752,S3-21680515,S2-11464153,S2-818742137,S3-752021853,S2-755971789,S3-402051873,S3-69610097,S3-869546266,S3-588288342,S3-821780659,S2-137901846,S2-697209928,S2-175371742,S2-342016797,S2-554792568,S3-264207613,S3-916135645,S2-367703621,S2-791580552,S2-261771601,S2-825908631,S2-113116193,S3-760073478,S2-707825867,S2-823495263,S3-157769318,S3-899716627,S3-244946176,S3-64079929,S2-822681145,S2-61732760,S3-595636811,S2-435801582,S3-333600887,S3-100125488,S2-503689232,S3-192534763,S2-676196560,S2-412280451,S2-305100591,S3-459373673,S2-221282101,S2-75328302,S2-973692550,S3-788116288,S3-192263409,S3-348252178,S3-295968491,S3-591057900,S3-297307346,S2-943105432,S2-744736880,S3-710323041,S2-576745524,S3-108450076,S2-517534561,S2-862717457,S3-630840237,S3-886389884,S3-790614175,S2-185013334,S3-936817038,S2-828050039,S3-932723023,S2-967309356,S3-236721116,S3-992362711,S2-572509666,S3-372792768,S2-676780645,S2-439748080,S2-742868674,S2-386934307,S3-280574727,S2-782958098,S3-810060615,S2-412463278,S2-380877204,S3-146891286,S2-554836741,S3-72551382,S3-983812890,S3-38070179,S2-747380877,S2-335069828,S2-674711152,S2-716318600,S3-5269429,S3-940298374,S2-83965706,S2-442249232,S3-699574986,S2-602525219,S2-480937386,S3-576540657,S2-772985419,S3-400356542,S3-921850387,S2-364330651,S3-923444675
S1-827961773	S2-542711036,S3-727749384,S3-598392265,S2-443677278,S2-869982091,S2-739699756,S3-561839301,S2-135506804,S3-685042046,S2-566051128,S3-810720430,S3-412307944,S2-771831940,S2-672741465,S2-364061806,S3-50316458,S3-707134111,S2-898340782,S3-425805161,S3-88677244,S2-645886241,S3-582782794,S3-410173196,S3-636178822,S2-82265292,S3-427581158,S2-975664547,S3-22321512,S3-385176810,S2-717201533,S3-572123749,S3-209216351,S2-176998529,S2-822440226,S2-38555282,S2-747815181,S2-54935976,S2-465451543,S3-244006304,S3-44316493,S2-330344696,S3-282452546,S3-311423133,S2-499225253,S2-644806709,S2-664615263,S3-631044432,S3-808651670,S2-299138179,S3-411872979,S2-433063720,S3-148935498,S3-610269560,S2-529420923,S3-538366786,S3-691478522,S3-688859974,S2-152132333,S2-462781289,S2-47713163,S3-624620641,S3-167188465,S3-526886844,S2-828080801,S3-535419935,S2-370919988,S3-432037879,S2-52880044,S3-954007146,S3-929474627,S2-813841226,S2-258925491,S3-787827761,S3-857183109,S2-714017413,S2-158681675,S3-945445902,S2-921744764,S2-567469512,S3-555433333,S3-501865392,S2-821879986,S3-106710114,S2-75676145,S3-71255008,S2-699224357,S2-312291757,S3-81363390,S3-752003064,S2-889990643,S2-110110097,S2-416049336,S2-530243272,S2-376616809,S2-15909748,S3-352939093,S3-44778115,S2-976140156,S2-871343207,S3-735911553,S3-402540896,S3-46391919,S3-480550295,S3-229727223,S3-349964138,S3-44497553,S3-855714464,S3-285673802,S2-968505057,S2-400962208,S2-626243373,S2-767497774,S2-952556671,S2-810986651,S3-774854286,S3-121571566,S3-919087060,S3-345261156,S3-113477780,S2-274657814,S3-459650342,S2-407687701,S3-542824123,S3-924210756,S3-681435394,S3-452825312,S2-294874898,S3-881417865,S3-835032939,S3-141135397,S3-39709854,S2-485748674,S3-716912871,S3-638107571,S3-918955816,S3-496087702,S2-114819826,S2-895744526,S3-160526692,S2-52624665,S3-619973393,S2-503797365,S2-425292799,S2-358267895,S3-601999764,S2-126302552,S2-235842721,S2-705455824,S3-699855249,S2-332225099,S3-755632474,S3-293099804,S3-93641732,S2-227333460,S2-569891847,S3-267333100,S2-236079990,S2-676901170,S2-192795894,S3-91490161,S3-39519674,S2-817595762,S2-70822028,S3-746567199,S3-692740830,S3-655482194,S3-36762141,S3-152643787,S3-661050290,S3-677162702,S3-549374021,S3-560823819,S3-776238049,S2-401975713,S3-721951487,S3-991590448,S3-413655374,S2-832266307,S2-20798878,S3-344746098
S1-255349799	S2-201612232,S3-824909265,S3-546276732,S3-488363429,S3-29075645,S3-960884999,S2-576742243,S3-873790858,S3-768336457,S3-998051891,S3-129106856,S3-787077353,S2-871227814,S2-329265368,S3-708246473,S3-476331583,S3-324289320,S2-7663294,S3-634982798,S3-670869126,S2-750887377,S3-521889331,S3-954157283,S3-438375497,S3-931200264,S2-826790006,S3-720463467,S3-706594790,S3-212450898,S2-299517177,S3-227329127,S3-562805276,S3-317514589,S3-269828445,S3-634870270,S2-664108852,S3-396265074,S2-85633962,S3-682104065,S3-716114722,S3-508527143,S2-849169870,S2-958931757,S3-668046388,S2-849187717,S3-830619303,S3-313989656,S3-124044603,S3-132415306,S3-710047633,S3-679887350,S3-589030069,S2-24466926,S2-944215859,S3-75368171,S3-597801182,S2-924197859,S3-172953440,S2-340390872,S2-887099972,S3-210901220,S3-992087204,S2-966217193,S3-796063681,S3-82585295,S3-456797383,S2-571375099,S2-167032048,S3-961095579,S2-113030650,S3-3010225,S3-29105750,S2-892987804,S2-945056046,S3-930096165,S3-355222760,S2-924194092,S3-768924601,S3-354374172,S3-159667152,S3-623356780,S3-430759882,S3-988733475,S2-429546569,S3-882225970,S3-705276886,S3-725335467,S2-871531214,S3-218483920,S2-225792201,S3-179668499,S3-906791967,S2-969604325,S2-727304056,S3-293969902,S2-599328437,S3-437530632,S3-746860417,S3-535116768,S2-173791058,S2-281789460,S3-347249498,S3-997140555,S2-690742992,S3-147409593,S2-768553495,S2-919732103,S3-966068770,S2-701978516,S2-543324708,S3-486567365,S3-794448047,S3-498618641,S2-122146903,S3-566160421,S2-911141492,S2-74212020,S3-481622772,S2-562968493,S3-982137986,S2-672990282,S2-269904958,S2-441901391,S3-547842457,S3-897164409,S2-202706398,S3-448276847,S2-150274944,S2-552834852,S2-698297854,S3-33220914,S3-238477063,S2-910025769,S3-398496487,S3-578757413,S3-512633312,S3-223420817,S3-763348510,S2-66532234,S2-413207336,S2-228653453,S3-389039964,S2-591449172,S2-510842397,S2-530710156,S2-387513455,S2-444937345,S3-758597926,S2-751446042,S2-752978648,S3-843399276,S2-991803075,S2-863503730,S2-782765375,S2-468896058,S2-599004199,S2-135491601,S3-882310856,S3-440966139,S3-507817466,S2-182288088,S3-692007644,S3-50445567,S2-316291152,S2-579096696,S3-456365102,S3-109471467,S3-642908810,S2-141345465,S2-419256161,S3-893967040,S3-724566014,S3-706010386,S3-209503456,S2-77137709
S1-418524279	S2-739699756,S3-84457279,S2-465451543,S3-734973628,S2-717201533,S2-504284947,S3-777809192,S2-521049331,S3-819857072,S2-810300100,S3-598392265,S2-103992773,S2-672741465,S3-94466409,S2-542711036,S3-254399837,S2-975664547,S2-645886241,S3-727749384,S2-348744548,S3-63244810,S3-50316458,S3-209216351,S3-703496100,S3-170271354,S3-597760194,S3-22321512,S3-746567199,S2-176998529,S3-806928667,S3-929474627,S2-637136663,S3-631044432,S3-609556235,S3-244006304,S3-755632474,S2-82265292,S3-141135397,S3-691478522,S3-954007146,S2-54935976,S3-526886844,S3-46391919,S3-86491747,S2-921744764,S3-47419216,S3-774854286,S2-110110097,S3-535419935,S2-529420923,S2-258925491,S2-771831940,S3-102933237,S3-402540896,S3-688859974,S3-695370441,S3-624620641,S3-808651670,S3-601999764,S2-898340782,S2-747815181,S3-459650342,S2-715593762,S3-501865392,S2-828080801,S3-71255008,S3-349964138,S2-416049336,S3-153886846,S2-821879986,S2-952556671,S3-945445902,S2-75676145,S3-172261363,S2-743735511,S2-530243272,S2-950797288,S3-92547147,S2-462781289,S2-425292799,S2-192795894,S3-524457791,S2-312291757,S3-345261156,S3-426990951,S2-330344696,S2-496470215,S3-643239202,S3-721951487,S2-693068285,S3-752003064,S2-170498782,S2-52880044,S3-282452546,S2-47713163,S3-354476820,S2-300443218,S3-425805161,S2-129284889,S3-148935498,S3-394930084,S3-334279665,S2-135506804,S3-881417865,S3-167188465,S2-236079990,S3-538366786,S3-551329487,S2-274657814,S2-443677278,S3-88677244,S3-293099804,S2-400962208,S3-285673802,S3-928125785,S2-405084080,S3-44316493,S3-192295368,S2-227333460,S3-699855249,S3-160526692,S3-961715406,S2-14402848,S2-810986651,S3-253975410,S3-418710361,S2-170571699,S3-327272005,S3-996229603,S3-171876413,S2-338246524,S3-550998501,S3-344746098,S3-620678237,S3-735911553,S2-433063720,S2-52624665,S3-561839301,S2-323003081,S2-776085512,S2-644806709,S3-750917543,S2-636169234,S2-384403697,S2-15909748,S2-697514180,S2-73405617,S2-356235629,S2-721273162,S2-332225099,S3-559216489,S2-589557905,S2-642968609,S3-851710769,S2-370919988,S3-990630708,S3-368711513,S2-976721780,S2-813841226,S2-495837003,S3-311423133,S3-644102218,S3-992137102,S2-281044982,S2-507811828,S3-891971592,S2-767912318,S2-615651599,S3-799336760,S3-39709854,S2-158681675,S2-899266386,S3-425970770,S2-44713064,S3-636178822,S3-411872979,S3-44497553,S3-356039312,S2-306407759,S2-538671636
S1-661144640	S3-517738761,S2-499299724,S2-606608228,S2-333865760,S2-382331983,S3-719899507,S2-287693608,S2-179288484,S2-120638028,S2-872573983,S3-7122157,S2-49027669,S2-635543733,S2-105744335,S2-207663980,S2-672089669,S3-250523417,S2-790695031,S2-717813805,S2-100444556,S2-101737789,S2-552344048,S2-549393453,S2-129998399,S2-647534277,S2-74351789,S2-276198613,S2-742307239,S2-591876506,S2-364729817,S2-81905759,S2-363906243,S2-449953927,S2-382561902,S2-454288890,S2-824282783,S2-260115985,S2-637437297,S2-887058391,S3-513430517,S2-905336963,S2-913169920,S2-754779681,S2-345648173,S2-938846865,S3-388972379,S3-150255606,S2-343991836,S2-354971231,S2-713168031,S3-294917824,S2-597694282,S2-647059994,S2-565744021,S3-359243490,S2-950869462,S2-135244630,S2-779910674,S2-267693953,S2-469081581,S2-480230562,S2-219223249,S2-131651142,S3-139707823,S2-757644408,S2-225667164,S3-561634135,S2-828206744,S2-871621372,S2-923247863,S2-290114593,S2-776933635,S2-765677324,S2-387291567,S2-780643260,S3-290293800,S2-769979843,S2-636514738,S2-69292456,S2-374485588,S2-898431581,S2-618136856,S2-759355073,S2-802395851,S2-77137709,S2-731051338,S3-58785412,S2-875547665,S2-86132595,S2-453762798,S3-337142950,S2-183965359,S2-116866113,S2-340390872,S2-444178224,S2-182273804,S2-717773569,S2-991925682,S2-211278332,S3-580053533,S3-155279112,S2-275873069,S2-129206832,S2-198589700,S2-829547526,S2-998450705,S2-988352114,S2-120300748,S2-727649817,S2-689013563,S2-207693620,S2-235325225,S2-703085578,S2-285556917,S2-847590509,S2-652903084,S3-309245988,S2-297320898,S2-685396460,S2-276949736,S2-40757259,S2-518608113,S2-739894230,S2-599106166,S2-2366485,S2-178779915,S2-928635359,S2-74721315,S2-670795197,S2-648929810,S2-772700123,S3-332243977,S2-796991793,S3-752032262,S2-287858288,S2-886729162,S2-603765591,S2-819205378,S2-429314182,S3-805656406,S2-525800553,S2-673126415,S2-904430012,S2-279964439,S2-859686899,S2-152310863,S2-883874995,S3-371496910,S2-87473476,S2-908717602,S2-779985981,S2-78465009,S2-963803488,S3-488045551,S3-84513983,S2-994671947,S2-102577854,S2-72437668,S2-502351575,S2-295646726,S2-192191241,S2-462414628,S2-72790142,S2-669957816,S2-426933123,S2-822263206,S2-24811772,S2-920364019,S2-731198634,S2-582680087,S2-202401902,S3-597641719,S3-649166684,S3-528291616,S2-458748624,S3-709547160,S2-21994381,S2-276757029,S2-281056837,S2-850232647
S1-892745196	S3-332196623,S3-629001444,S3-217151656,S3-727098961,S3-58629609,S3-740189283,S3-160961194,S3-729687518,S3-747940647,S3-962596929,S3-580186213,S3-125155048,S3-29600387,S3-200947660,S3-169067084,S3-80704059,S3-391637494,S3-407347257,S3-668488454,S3-739386281,S3-378709231,S3-506810019,S3-993551781,S3-144987339,S3-806108529,S3-41605196,S3-699804094,S3-661006315,S3-702898359,S2-346163774,S2-754567862,S3-937791576,S2-395436183,S3-350684533,S3-482737159,S3-907394423,S2-142904697,S2-72383385,S2-172393826,S2-685396460,S2-754579364,S2-963557416,S2-502135996,S3-485442650,S2-569271678,S2-909231541,S3-263846014,S2-972467243,S2-510964533,S3-737296002,S3-512665364,S2-662521443,S3-351645299,S3-522722729,S2-965409761,S3-498600231,S3-652673949,S2-68504680,S2-996605554,S2-667211271,S2-504557351,S3-458492679,S2-753298687,S3-177360640,S2-894751120,S2-862000237,S2-948176976,S2-236502124,S2-761602964,S2-172354994,S2-730808154,S2-171400053,S3-723641951,S3-464207121,S3-155543860,S2-922701569,S3-317097221,S2-392580447,S2-386611611,S2-329091536,S2-691968259,S2-883181682,S3-961959598,S2-552344048,S2-328046498,S2-520322872,S2-940603889,S3-796950220,S2-474062070,S3-636486626,S2-228455810,S2-187514254,S2-374766437,S2-123619757,S2-738041764,S2-275110987,S2-968894071,S3-495880608,S2-427637832,S2-887830305,S3-175001935,S3-562354478
S1-751409146	S2-868351479,S2-485171350,S2-905010895,S2-826845923,S3-775300772,S3-276171871,S2-775786467,S2-965506586,S2-815252019,S2-735844659,S2-737805067,S2-451601186,S2-210702579,S2-299685676,S2-973792760,S3-405651007,S3-418482731,S2-864136348,S2-848860693,S2-825158584,S3-838278070,S2-870855126,S2-323071794,S3-51526742,S3-563440300,S3-848129507,S2-60538009,S3-301092734,S3-168727532,S2-532950722,S2-122398080,S3-915472950,S2-577592963,S2-840144902,S2-402525290,S3-568985509,S2-358654608,S2-338960565,S3-312828113,S2-500705046,S2-461774711,S3-864547260,S3-104763969,S2-660693925,S2-834729,S3-573100021,S2-787788460,S2-84714475,S2-396385004,S3-678081167,S2-365532266,S3-282045416,S3-634734805,S3-869841551,S2-757903279,S2-533100574,S2-592287673,S3-201837476,S3-540353197,S2-73638823,S2-440570965,S3-856896406,S3-423222028,S2-689334090,S3-860555773,S2-601677778,S3-710116871,S2-656512339,S3-909517796,S3-907472516,S3-721761087,S2-230121619,S2-218394251,S2-631009621,S3-150876388,S3-244381380,S3-349679455,S3-867307446,S3-497407713,S3-29619913,S3-160167643,S2-695952869,S2-311059422,S3-981594981,S3-891436302,S2-43284984,S3-609474738,S3-221148613,S2-271505956,S3-503972527,S2-389417235,S2-213784445,S2-645330149,S2-230765756,S2-745026058,S3-195222756,S2-776855122,S3-257311499,S3-689672159,S3-704207971,S2-561214725,S3-510945278,S2-88268880,S2-725430941,S3-744350656,S3-196692472,S2-522377123,S3-521496466,S3-822130810,S3-526114626,S3-46958936,S3-670513615,S2-644189313,S2-170219232,S2-900738223,S3-408217441,S3-683741745,S3-138302151,S2-334006623,S3-557267074,S3-919058692,S3-140865666,S2-69572194,S2-303854659,S2-37140873,S3-596575988,S2-395418467,S2-962455440,S2-304307378,S3-273172824,S3-267883217,S3-25767934,S2-516870300,S3-137471515,S2-277278938,S2-690674477,S3-441093834,S2-758127706,S2-438748930,S3-975101474,S2-120923609,S3-942910587,S3-15510876,S3-185659081,S2-726853310,S3-121524516,S3-652808257,S2-837276645,S2-44035259,S3-662628026,S3-223197041,S2-158257063,S2-652780677,S2-665332697,S3-634962015,S3-981722488,S2-171371026,S2-593223632,S3-389395592,S3-175398984,S3-393455659,S2-95217413,S3-492190355,S2-168108976,S3-260378726,S3-556608965,S3-214769932,S2-910360873,S3-412434453,S2-128605441,S2-733331034,S3-899902174,S2-489876714,S3-788927475,S3-552966868,S3-54659473,S3-115587691,S2-595265518,S3-527497325,S3-725681229
S1-13506955	S2-95770597,S2-433321114,S2-511490226,S3-637088900,S2-979096206,S2-457681515,S2-529882230,S2-470182555,S2-917161865,S2-16706628,S2-83198324,S2-82274468,S2-2641867,S2-156968585,S2-897270738,S2-683642640,S2-118314203,S2-819612114,S2-473944983,S2-148622220,S3-576602764,S2-120876126,S2-938060710,S2-198202218,S2-488977283,S2-306547398,S2-788628222,S2-110199306,S2-496826174,S2-581562220,S3-636461146,S2-245650715,S2-250033269,S2-367282992,S2-463547523,S2-930372797,S2-939972778,S2-491277475,S2-195598385,S2-857167023,S2-786671109,S3-244057525,S2-892595209,S2-849447071,S2-420574408,S2-210791875,S2-755645360,S2-792603765,S2-634910168,S2-644655973,S2-615089280,S2-601173803,S2-81791890,S2-784046963,S2-882848533,S2-197741618,S2-867917626,S2-521682474,S2-250407423,S2-262648277,S2-951564019,S2-685165779,S2-465255504,S2-10844142,S2-739820760,S2-903985964,S2-223276547,S2-706640273,S2-153590190,S2-892099405,S2-55225145,S2-480421778,S2-835523639,S2-97561703,S2-668206975,S2-688639436,S2-705186542,S2-335659628,S2-409544847,S2-801553070,S2-921191764,S2-673540283,S2-446751168,S2-606224920,S2-952603169,S2-193182845,S2-336821634,S2-426121095,S2-892453924,S2-419491073,S2-106341849,S2-383443818,S2-213110901,S3-985302341,S2-525621964,S2-506746490,S2-638650888,S3-752263490,S2-887123026,S2-470109102,S2-275125360,S2-751326812,S2-205674278,S2-406825129,S2-29982663,S2-874074111,S2-54530462,S3-115085151,S2-705921678,S2-795651686,S2-476721040,S2-839245549,S2-656780981,S2-386611611,S2-732700346,S3-898544362,S2-288592732,S2-547919532,S2-205874870,S2-42312843,S2-762541697,S2-565474831,S2-917444010,S3-384645877,S2-982874098,S2-907900549,S2-765806846,S3-560109748,S2-960666794,S2-278612152,S2-937149003,S2-858498846,S2-549867529,S2-322874543,S2-242588199,S2-389013354,S2-968381500,S2-271279318,S2-668025282,S2-396711531,S2-866750595,S2-996940195,S2-555716915,S2-482081238,S2-697787819,S2-372511111,S2-83832910,S2-108129111,S2-819244571,S2-402714269,S2-630585756,S2-235808422,S2-245612075,S2-501039792,S3-515551240,S2-237453164,S2-561700565,S2-156945895,S3-939386786,S2-627809306,S2-589215826,S2-553510214,S2-445448688,S2-171549682,S2-557865140,S3-363417372,S2-479154694,S2-946764664,S2-496121735,S2-697505073,S2-85673195,S2-811529948,S3-309969687,S2-696077581,S2-895906111,S2-205684855,S2-552065878,S3-230069375,S2-912005579,S2-227618431
S1-262020943	S2-375396973,S3-344773389,S2-653415006,S2-693790115,S2-272264130,S2-83613039,S3-670887747,S2-380626272,S2-518055291,S2-919979843,S2-783278513,S3-135262039,S2-680468889,S2-733494616,S2-735890423,S2-294766157,S3-976063475,S2-10364422,S2-978144883,S2-476119338,S3-24139544,S2-124406055,S2-632715688,S2-150768105,S3-380113570,S2-886163270,S2-637693531,S2-423878707,S3-964722761,S2-438922697,S2-821949203,S2-761954042,S2-411489912,S2-418317383,S2-220851068,S2-431834266,S2-396366670,S3-307482090,S2-357867653,S2-895289649,S2-909319470,S2-364551077,S2-645925142,S2-588569107,S2-96465947,S2-145514301,S2-379816909,S2-357935842,S3-422638742,S2-236321150,S2-910351373,S2-167199915,S2-756551313,S3-729701268,S2-799068137,S2-527652973,S3-604946597,S2-570058736,S3-602619799,S2-898898141,S2-167632715,S2-442300105,S3-871444815,S2-993960432,S3-911269666,S2-851420870,S2-118169626,S3-187839862,S3-540764543,S2-17829343,S3-404954210,S2-187694060,S2-281891041,S2-282814499,S2-471974049,S2-523198202,S2-498628515,S2-870984105,S2-638893019,S2-641936803,S3-406335797,S2-855277631,S3-869619159,S3-806365316,S2-400512612,S3-364140123,S3-939308277,S2-252703957,S3-200905690,S2-930942733,S2-716889441,S2-712174480,S3-367481006,S2-690742992,S2-781847432,S2-715960357,S2-172191509,S3-686580321,S2-389782236,S2-90928248,S2-656549066,S2-259528459,S2-733077418,S2-188803849,S2-808542221,S3-12616839,S2-242294970,S2-414857913,S2-705169952,S3-57133421,S3-444470862,S2-306233007,S3-115833624,S2-672089669,S2-423133892,S2-529653268,S2-582227972,S2-313041536,S3-154569063,S2-445507381,S2-897963925,S2-947038284,S2-783532480,S2-337949057,S3-228655681,S2-91969961,S2-43000848,S2-392560228,S2-742026157,S2-239949030,S2-418300115,S3-26441553,S2-727111603,S2-808767392,S2-511878585,S2-479203488,S2-259467264,S2-45536507,S2-259504978,S2-873929373,S2-218631475,S2-486692461,S2-468067303,S2-603765591,S2-520089106,S2-336053234,S2-105897776,S2-219458294,S2-169727784,S2-48203994,S2-200160631,S2-227706467,S2-2881302,S2-871779147,S2-536821956,S3-997140555,S2-616571247,S2-440964085,S3-136792093,S2-753026532,S2-947934443,S2-236420794,S2-183597752,S3-193651729,S2-492723155,S3-666893710,S2-838812336,S2-497867787,S2-362348935,S3-956930840,S2-217397065,S3-560988841,S2-746370141,S2-159216727,S3-216316195,S2-449821738,S2-441637872,S2-416878413,S2-387219003,S2-518359538
S1-746909581	S2-396538001,S2-181493926,S3-789674378,S2-481946162,S3-894109506,S2-465103305,S2-786394275,S2-32110550,S3-208302843,S2-539034189,S2-200620479,S2-158865015,S2-304713900,S3-309140560,S3-945362795,S2-152412703,S2-649103744,S2-50658187,S2-986820545,S3-325328101,S3-519831393,S2-305550866,S3-85566500,S2-929262140,S2-726616192,S3-46615497,S2-321339681,S3-339751850,S2-252241796,S3-61036530,S3-643154035,S2-290277100,S3-803840646,S2-25603252,S2-94528535,S3-547412982,S3-568778412,S2-473788507,S2-830388848,S3-990105007,S2-860102078,S2-949300513,S2-616464963,S3-951668539,S3-573797000,S2-276208795,S2-450930798,S2-975836913,S2-112305359,S2-218396425,S2-251677157,S2-711313605,S3-288818284,S3-12857213,S2-161885479,S3-849417653,S2-241033694,S3-384792080,S2-487439097,S2-114477802,S2-482188735,S2-26310330,S2-806956628,S3-699666206,S2-527110195,S3-417900483,S2-328617826,S3-601137744,S2-29165633,S2-538599452,S2-442099802,S2-208712449,S2-920446948,S2-176219321,S3-985302341,S2-399669447,S2-461812070,S2-495395238,S2-326504154,S3-293863909,S2-660129846,S2-873269194,S2-113653299,S2-503434250,S2-159856715,S2-844512989,S2-389774500,S2-134830088,S3-618885734,S3-847768849,S2-676390111,S2-427649642,S2-410036896,S2-787579072,S3-307856028,S2-278186236,S2-446219150,S3-193164754,S2-574999870,S2-591480430,S2-531262492,S2-320850249,S2-898125627,S2-328194111,S2-791288340,S2-284797430,S2-207691374,S2-843952537,S2-7134548,S2-844440381,S2-312863538,S2-499949518,S2-488645517,S2-195564008,S2-773064412,S3-932657684,S3-120208241,S2-672457193,S2-541239977,S2-518679206,S2-723513824,S3-95417883,S2-930127878,S3-431726820,S2-601113320,S2-338667337,S3-628325063,S2-701496773,S2-422241712,S2-707170527,S2-623316095,S2-905378431,S2-790080617,S3-95522602,S2-37907319,S2-725755699,S3-708906322,S2-788515011,S3-815796924,S3-708722675,S3-840365372,S3-458017609,S3-294717043,S3-866786428,S2-226000422,S2-712300732,S2-322550444,S2-16371592,S2-943852279,S2-323205883,S2-957958749,S2-504765147,S2-488641898,S2-833957018,S2-335147570,S3-83358589,S2-55371613,S2-695324397,S3-538186103,S3-758699164,S2-249882471,S2-656176327,S2-579777488,S3-212379372,S2-687165160,S2-656182799,S2-166173801,S2-570347335,S2-110050312,S2-601032627,S2-843654433,S2-839919858,S3-964114735,S2-592630143,S2-575983569,S2-701729084,S2-46251183,S2-372401984,S2-142528141,S3-477355064
S1-481776787	S2-576657941,S2-969679435,S3-174976435,S2-355725569,S3-558285322,S3-313746921,S2-862000237,S3-336576651,S3-216875938,S2-204145464,S2-122768568,S2-261367489,S2-438170924,S2-154492366,S2-317844913,S3-57414868,S2-910030043,S2-314482661,S2-655225446,S2-355741990,S3-395776701,S3-800785281,S2-244208993,S3-417576148,S2-119341457,S3-654148754,S3-238111539,S2-972177873,S3-646347099,S2-468126214,S2-323470221,S3-52431464,S2-444045793,S3-515547621,S3-951041514,S3-350684533,S3-590162383,S2-447972083,S2-414446167,S2-177250454,S3-613661622,S2-583840796,S2-844872649,S2-171664139,S2-356094853,S2-918359037,S2-780373643,S2-589083365,S3-59749524,S3-693617736,S3-439518272,S3-402986196,S2-657740664,S3-276659674,S3-775422074,S2-588528841,S3-192074497,S2-680803742,S2-825648706,S2-205613259,S3-1173237,S3-968619783,S3-951671124,S2-342070265,S3-489881000,S2-948180855,S2-990897950,S2-826483371,S2-94251094,S2-689967503,S2-407447896,S3-663893773,S2-936678412,S3-151982139,S3-330414434,S2-799074470,S2-122929275,S3-438938964,S2-252641622,S2-214746945,S2-261114063,S3-130693494,S2-556734147,S3-181410580,S3-311237964,S2-891230476,S2-761060817,S3-803349000,S3-486185519,S2-502147308,S2-440086449,S2-401266314,S2-462254746,S2-699805801,S2-969576108,S2-779225293,S2-11986113,S2-262333602,S2-333709656,S2-935321703,S2-676242905,S2-974183727,S3-927021655,S3-801673438,S3-303920717,S3-727286989,S2-887992542,S2-55637946,S3-884442315,S2-864979545,S2-333677266,S2-881013576,S2-177211398,S3-852497833,S2-756552190,S3-275991136,S3-462612360,S3-574534442,S3-659278034,S3-356817222,S2-649600466,S2-503805402,S3-259377995,S3-341578031,S3-967238374,S2-607335711,S2-938971434,S2-123163259,S2-910193453,S2-97863107,S3-75604340,S3-445482340,S3-487790426,S3-194593889,S2-275712222,S2-581461605,S2-882130114,S2-933568743,S3-426048278,S2-144497184,S2-593468085,S2-864996509,S2-280694476,S2-763009269,S3-331880758,S2-515589139,S2-477753672,S2-854261574,S2-190472754,S2-184287603,S3-249624801,S3-405636278,S2-754241534,S2-70554454,S2-480924405,S3-647119104,S3-670976574,S3-70776477,S3-360867520,S2-864197444,S3-371464300,S2-990815845,S3-661799435,S2-177239124,S3-569670913,S2-565774108,S2-21120998,S3-139726492,S3-257362934,S3-557016568,S3-568610300,S3-565137378,S3-712334186,S3-191994493,S3-935073878,S2-206138477,S2-672867689,S2-161826228,S2-908237910,S3-818617248
S1-870654726	S2-990747706,S3-135907540,S3-981664684,S2-866058022,S2-272174221,S2-751692547,S2-744384640,S2-65807521,S3-15979596,S3-205111330,S3-32142269,S2-419824011,S3-188434105,S3-127117392,S3-650637426,S3-81964172,S3-886461930,S3-173526100,S3-899902174,S3-54849170,S3-602802704,S3-888794135,S3-974214403,S3-686986580,S3-93919017,S3-466306651,S2-660132981,S3-613661622,S2-948419035,S2-491729969,S2-832537800,S2-65284847,S2-660745366,S2-29382278,S3-58435931,S2-170192254,S3-678561197,S2-503452667,S2-447815460,S2-903046871,S2-672652294,S2-738029460,S2-216295125,S2-148709971,S2-805114002,S2-614226193,S2-35835939,S2-103626594,S2-650665046,S2-215852053,S2-737471973,S2-187357367,S2-842062245,S2-406836203,S2-122411520,S2-656862657,S2-959955541,S2-979519572,S2-383861871,S2-929676044,S2-530262413,S2-97125385,S2-693512889,S2-314243637,S2-205674278,S2-960549243,S2-769810511,S2-768604514,S2-832431900,S2-328228890
S1-459183905	S2-575025324,S3-815732391,S3-150197054,S2-962455440,S3-936457764,S2-530569520,S3-805729669,S3-729273261,S3-644533135,S3-240733649,S2-493814760,S2-608659537,S2-905133103,S2-179656262,S2-56395691,S3-685910416,S2-158678843,S2-390534351,S2-965506586,S3-221430625,S2-767124640,S2-836257905,S3-967504921,S2-516652544,S3-377060072,S2-951492245,S2-189699599,S3-579384604,S2-757755510,S3-464637790,S3-147409964,S3-786118042,S3-252133610,S2-799159831,S3-501171061,S2-264055037,S3-861851872,S3-68377394,S2-63560540,S3-657048118,S3-809001449,S2-332723605,S3-320198133,S3-790707845,S2-634062175,S2-927940634,S3-2745352,S2-316412535,S2-949083237,S2-470202940,S2-220152592,S2-421049238,S3-863462268,S2-258923421,S3-572497174,S3-610571085,S3-862685733,S2-400190057,S2-354130409,S3-379146773,S2-699612111,S3-313746921,S2-286220478,S2-580615251,S2-972467243,S2-151979427,S3-210263077,S2-799535785,S3-452003789,S3-695524551,S3-966662001,S3-285202361,S3-276731440,S3-473329233,S2-430984136,S2-248130312,S2-8810066,S3-914499665,S2-748449054,S2-162945861,S2-876114239,S2-141427011,S3-535655795,S3-937377640,S2-907487425,S2-317425164,S3-996628307,S2-797876474,S2-364825033,S2-791177849,S3-365591047,S3-386151861,S2-51443909,S2-868833660,S3-40439793,S3-908538171,S3-772360786,S2-986617636,S2-458668894,S3-874276689,S2-652973499,S2-454149306,S3-349608235,S3-849863248,S3-207523924,S2-684727310,S2-744863241,S2-267112456,S2-623817751,S2-462271583,S3-258120728,S2-199503780,S2-405294229,S3-660173531,S3-49250317,S3-557439523,S2-598253468,S3-820273363,S2-965968398,S3-201441610,S2-957661130,S3-730526549,S3-176019746,S3-449675354,S2-514593415,S2-76898639,S2-228736232,S3-388722834,S3-650321201,S2-332785928,S3-126304270,S2-386961372,S3-187873403,S3-916685476,S2-903046871,S3-719300067,S3-394083549,S2-239085290,S2-591415594,S3-266317121,S3-228357321,S2-606560091,S2-433188453,S2-320267936,S2-219000671,S2-878082390,S3-388736740,S3-978784157,S3-234739408,S2-398059219,S2-955226207,S2-233586234,S3-452403478,S2-314606486,S3-614423246,S2-810569289,S3-266022739,S3-921659863,S3-320166656,S3-543088599,S3-651842016,S3-639090471,S2-399461760,S2-176315751,S3-646347099,S3-822074685,S3-140865666,S2-312397594,S3-711430755,S3-910602200,S3-664930211,S2-439495552,S2-519431803,S3-791594814,S3-430937321,S2-97367999,S2-905010895,S2-303165999,S2-334946317,S2-136853274
S1-782456413	S3-761559565,S2-333281190,S2-815620577,S2-556208932,S2-84294594,S2-950170744,S3-96333831,S3-523943279,S2-44528425,S2-370782443,S3-545012333,S2-618047227,S3-712584778,S2-279071487,S2-832761728,S3-953260820,S3-448024502,S2-331947866,S2-779508900,S3-482910072,S2-734979295,S3-593860092,S2-830082096,S3-125649242,S3-779938695,S3-93008788,S3-224957275,S3-2712037,S2-479477181,S3-572432762,S3-623867905,S2-895605166,S3-918633255,S2-839754549,S3-392365572,S2-760938661,S3-814128655,S3-672710418
S1-687813152	S2-154115208,S2-822440446,S2-952858710,S2-540851774,S2-306977583,S2-130621115,S2-898314032,S2-345404191,S2-319595732,S3-455211942,S3-295940985,S3-559011867,S2-642534468,S3-6011425,S2-98680389,S2-169043051,S3-387869658,S2-735585129,S3-191173240,S2-943824019,S2-234340927,S2-219268710,S2-533978047,S3-705042575,S2-214045922,S2-354130409,S3-10172960,S2-943789530,S3-254508914,S3-329534988,S2-718841338,S3-286750643,S3-50455750,S3-948600155,S3-493398571,S3-999284976,S2-871245143,S2-298594388,S3-809992587,S2-716351720,S2-726058757,S2-741250223,S2-738845766,S2-89089901,S2-279347296,S3-828183554,S2-253674303,S2-993067544,S2-383168464,S2-23878331,S2-102463165,S2-78760168,S3-375235913,S2-477445858,S2-388252998,S3-315559125,S2-220727413,S2-446226433,S2-561700565,S2-41601116,S3-417223796,S2-294998398,S2-507123854,S3-283284348,S2-936122535,S3-855873197,S2-938900390,S2-186325301,S2-77795814,S2-962641255,S2-978307502,S2-817037405,S2-310010668,S2-307665843,S2-219268199,S3-264153527,S3-56844484,S3-447259837,S3-925650490,S2-156055147,S3-442784463,S3-671405735,S2-299378101,S2-729157829,S3-95438049,S2-876424009,S2-537075356,S2-590286105,S2-772149078,S3-719154835,S2-738266912,S3-544755829,S2-523451508,S2-353794182,S2-53493926,S2-135302132,S2-108323789,S2-959218074,S3-937339559,S2-420746018,S3-332039840,S2-45431562
S1-528962373	S3-601646222,S2-55491066,S2-357615540,S2-545780191,S2-298347903,S3-749494147,S2-383289673,S2-988029522,S2-312397594,S2-771076573,S3-467616579,S3-971460215,S3-124578688,S2-4312466,S2-520641242,S2-404117069,S3-233212231,S3-977102523,S2-342081407,S3-627410971,S3-177244648,S2-765559686,S2-499383307,S2-31840237,S2-603597059,S3-992198052,S3-261118865,S2-757534042,S2-839648719,S2-891068902,S2-363080475,S3-749794451,S3-503962485,S2-609112356,S2-547878739,S2-700356863,S2-45956246,S2-496306318,S3-22274589,S3-241526590,S2-227540736,S2-634828042,S2-489090621,S3-74427391,S2-332053988,S3-371049914,S2-304989017,S3-670236252,S2-405303215,S2-390204019,S2-117036112,S3-310096351,S3-510137758,S3-150322987,S2-56325496,S3-381008246,S2-428385832,S3-668629842,S2-302143413,S2-811474803,S2-562185797,S2-426995438,S2-80734166,S2-713637360,S2-940690414,S2-199280788,S2-379577446,S2-738298889,S3-876988958,S3-67750046,S3-640263072,S3-572143343,S3-558673736,S3-274184024,S3-117530409,S2-201475833,S3-689205987,S2-51615186,S3-604715797,S2-37998381,S2-102534927,S2-357180028,S3-663026748,S2-532708976,S2-565438229,S2-944930958,S2-269699057,S3-13487981,S3-445131048,S3-907378208,S2-659836978,S3-657919288,S2-501556734,S2-642108717,S2-703516110,S2-551914381,S3-81833880,S3-312750452,S2-602405925,S3-699191426,S3-863960483,S3-500214791,S2-308151671,S2-258360599,S2-411236658,S2-944704355,S3-786292635,S3-701563540,S2-766716297,S3-254258571,S2-677418029,S3-583737131,S2-379203700,S3-162626400,S3-713832596,S2-103762621,S3-565843276,S2-865500418,S2-799535785,S2-939202117,S2-941761654,S2-557722246,S3-534066918,S2-287166350,S3-882581569,S2-431132818,S3-655302474,S2-135836556,S2-756552190,S2-637469359,S2-677424766,S3-15560873,S2-618328454,S2-198931605,S2-828441604,S3-137657041,S3-161182112,S3-751725133,S2-722101832,S2-1734121,S2-443034683,S2-471249278,S2-511302328,S2-453154158,S2-89240147,S3-177387705,S2-765239042,S3-588285349,S2-497654662,S2-352669081,S2-906218141,S3-711728433,S3-738183748,S3-923888648,S2-972467267,S2-663050270,S2-856264714,S3-407347257,S3-984455002,S3-274862063,S3-581471059,S3-28078346,S3-674351824,S3-896961060,S3-109085630,S2-925094654,S2-50551369,S3-617182114,S2-513638145,S2-11748354,S2-979401692,S3-63911929,S3-126518477,S2-267924925,S2-621663546,S2-476350086,S2-56408222,S2-427066555,S3-766815643,S2-751202314
S1-133484055	S3-432376245,S2-913520939,S2-778393754,S2-767825344,S3-110476416,S2-809901111,S3-525615575,S3-593599950,S2-321308609,S3-142946260,S3-273800636,S2-397868406,S3-462383491,S3-404840947,S3-250223854,S2-259406265,S2-257887414,S2-520623785,S3-840076704,S2-805198168,S2-591540353,S2-418861086,S2-195840093,S2-49069229,S3-940948284,S2-774736197,S2-24193308,S2-145772427,S2-501211852,S2-287732160,S3-907062186,S2-486457812,S2-480685367,S3-894829659,S2-341257859,S2-770588074,S2-990787030,S2-937397598,S2-440077511,S2-333365468,S2-150304161,S2-9239069,S2-552878160,S2-4769332,S2-958627837,S2-207875527,S2-449821738,S2-397939055,S2-389529206,S2-749836922,S3-460160365,S3-954670293,S2-521739469,S2-891477386,S3-460304682,S2-155547755,S2-343452452,S2-918973885,S2-889883466,S3-531321291,S3-144810130,S3-59933893,S2-903744231,S2-156292022,S2-490413303,S2-675955548,S2-855114258,S2-241386385,S2-228717952,S3-232163998,S2-545005001,S3-765170320,S3-817749941,S2-388958281,S3-610183592,S3-51136306,S2-113129592,S2-461473974,S2-122078334,S3-196384705,S3-110038745,S2-513577693,S3-596281486,S3-396618076,S2-851473099,S2-485456571,S2-495179311,S3-991423693,S2-337194824,S2-1258962,S3-804016287,S2-520089106,S2-576080264,S3-676615790,S2-672191745,S3-684056240,S3-205955981,S2-501282473,S2-771719189,S2-777097274,S3-62355979,S3-195835430,S2-205655615,S3-654225494,S3-196744268,S3-994591654,S2-297983449,S2-420574408,S2-712179394,S2-468314434,S2-208497171,S3-750166159,S3-896577132,S2-31965582,S3-107976059,S2-618329833,S2-601268574,S2-776999904,S3-287601759,S2-224100536,S3-278902358,S3-494603003,S2-980147149,S3-780645225,S2-759972274,S3-988495405,S3-340942343,S3-870867359,S3-399202507,S2-643440099,S3-765673778,S2-768072390,S2-42706732,S3-385323615,S2-67455305,S2-913930320,S2-412583689,S2-516874971,S2-684535262,S2-995715666,S3-628679355,S3-780695221,S3-705451366,S2-599990359,S2-25844522,S2-102506722,S2-890290909,S2-185048111,S2-472964087,S2-11764648,S2-834028716,S3-273067178,S2-910090974,S3-137931626,S3-611954606,S2-135283869,S3-231099763,S2-214451249,S2-61372543,S2-151514660,S2-611295194,S3-654341428,S2-95876908,S2-30048306,S2-21336310,S2-223276547,S2-380989948,S3-326636338,S2-99389198,S3-425235174,S2-588330548,S3-326956185,S3-300820527,S2-211605037,S3-954470998,S2-420539805,S2-305518448,S2-686803202,S3-972554869,S3-35120871
S1-784673398	S3-44120002,S2-509829201,S3-549187954,S2-185013334,S3-42046426,S2-829602188,S2-261771601,S2-956952534,S2-373539812,S3-322730145,S2-46491000,S3-261543392,S2-503689232,S3-267259002,S2-66089939,S2-796837749,S3-936817038,S2-286530945,S2-980369629,S2-222971625,S3-213182866,S2-576745524,S3-963862557,S2-659790455,S2-547574745,S2-850461049,S2-697209928,S2-530247686,S3-810060615,S3-618351506,S3-668236807,S3-349523134,S3-915560653,S3-740366073,S2-913706007,S2-305100591,S3-725557870,S2-519644358,S3-805849381,S2-707825867,S2-967309356,S3-59547065,S2-412280451,S2-335069828,S2-298772197,S3-729285481,S2-460308813,S3-151967478,S3-171920830,S3-113294326,S2-629643613,S2-364330651,S3-657458748,S2-428504979,S3-852869350,S2-621225139,S3-9655523,S3-940298374,S3-93363345,S2-884142428,S3-400356542,S2-61732760,S3-96658915,S3-190355473,S3-699574986,S2-285549357,S3-592261344,S2-137901846,S2-809443008,S3-957074940,S3-754769050,S3-389768246,S2-90993540,S3-550931391,S3-349956249,S3-483905353,S2-283217054,S3-362438995,S3-609100325,S3-966793368,S3-157769318,S3-262422193,S3-409513890,S3-402388716,S3-29884065,S2-560648295,S2-825142308,S2-970158591,S2-706146364,S2-21923784,S2-753435932,S3-530250452,S3-332039840,S3-739285212,S3-802206571,S3-262723171,S3-536232459,S3-288187158,S3-971426665,S3-932905518,S2-82693962,S2-159017636,S3-100454572,S3-21680515,S2-861455586,S2-441813094,S3-64079929,S3-952935394,S3-738734408,S3-534004445,S2-468427870,S3-192534763,S2-822681145,S2-419385758,S3-802377974,S2-476916012,S3-65902569,S3-923444675,S3-811182718,S3-402051873,S2-287647663,S2-336750623,S3-929804406,S3-462849697,S2-955629599,S2-973605948,S3-490822535,S2-648693678,S3-316101791,S3-792965551,S2-129397759,S3-260812104,S2-120139717,S3-436961036,S2-819087568,S2-262770634,S2-612591290,S2-567940802,S3-750136175,S2-444133746,S3-678402210,S2-314290114,S3-787634420,S2-278976022,S3-28391425,S3-983812890,S2-809953611,S2-835925705,S3-937330595,S3-295968491,S2-6528231,S3-291757151,S2-340146518,S2-367870951,S2-356235629,S3-418710361,S3-786680696,S2-984676843,S2-643692461,S2-372482270,S3-439286825,S2-995631959,S3-19339829,S3-441881659,S2-379311595,S3-978862386,S2-343084525,S2-155911543,S2-405661531,S3-842269234,S2-453894804,S2-558100740,S3-926251983,S3-306853514,S3-772537303,S3-855928482,S3-834496956,S2-881217666,S3-367677565,S3-764187997
S1-162954117	S2-808873293,S2-620867050,S2-236730713,S2-818243239,S2-20839428,S2-644146285,S3-607162390,S2-355900344,S3-662861736,S2-328922214,S2-799684633,S3-97664864,S3-44106607,S2-266499977,S2-713646686,S2-639237773,S2-543519668,S2-672669670,S2-491755789,S2-963557416,S2-789516288,S3-936796478,S2-617399739,S3-121932069,S2-85396808,S2-481775373,S2-941985225,S2-379558632,S3-359754423,S3-961421742,S3-456745373,S2-669641587,S2-4159012,S3-943647207,S2-913169920,S2-20595754,S2-732505504,S3-366413508,S2-867974324,S3-341508031,S3-568778412,S2-31344953,S2-651500640,S3-328857929,S2-876952271,S2-549390171,S2-685938318,S2-496121735,S2-260839023,S2-530603237,S2-917161865,S2-269177273,S2-664107396,S3-275341654,S2-978424631,S2-164949972,S2-796753102,S3-206209303,S2-36390503,S3-227755451,S2-676119483,S3-594590523,S3-89272133,S2-902239948,S3-58604367,S2-367817806,S2-560809641,S2-576706082,S2-608928037,S3-94808889,S2-898076393,S3-214688271,S2-689013563,S3-688194826,S3-374391328,S2-989975324,S3-556823884,S2-230913336,S3-103037509,S2-592803907,S3-435610479,S2-789698410,S2-517012835,S2-906091321,S3-315427726,S3-483363100,S2-219999340,S3-573797000,S3-169159253,S2-166204215,S2-208918525,S2-166809876,S3-435150918,S2-786671109,S3-507960000,S3-212512637,S2-421148861,S3-288818284,S2-155547755,S2-46688604,S3-417579311,S3-78738331,S3-40636200,S3-875921981,S2-622339061,S3-502443905,S2-918095988,S2-43273550,S2-197492532,S2-606859896,S3-408413212,S3-902593794,S2-313955120,S3-555830574,S2-617116527,S2-592630143,S3-278759204,S3-117882754,S3-250324284,S2-119463027,S3-696978260,S3-254667676,S3-797638440,S2-852619340,S2-831488886,S2-777097274,S2-624958248,S2-502297281,S2-717552019,S2-664560679,S2-34971961,S2-474475305,S3-740246017,S2-777285682,S3-388582058,S3-880824964,S2-947934443,S2-569329313,S2-841197515,S2-829878729,S3-510160241,S3-951668539,S3-193324646,S3-641988132,S2-135283869,S2-239619835,S3-960177122,S2-432885351,S3-201770309,S3-142604605,S3-355846923,S2-907177166,S3-277912244,S3-79872336,S2-738445050,S3-974539195,S2-877133584,S2-283746027,S2-993960432,S2-378838492,S2-860102078,S2-579930082,S3-970408388,S2-197741618,S2-931320779,S3-184227007,S3-787362369,S3-628046578,S2-752369607,S3-406865723,S3-940083800,S3-358441800,S2-630389727,S2-174733266,S2-415670470,S2-857086247,S2-463547523,S2-959875371,S2-372401984,S2-448687843
S1-547053441	S2-321272779,S3-849821847,S2-36969201,S2-216077985,S2-493277368,S2-754522704,S3-380862545,S3-922632740,S2-568143618,S3-670513615,S2-454760791,S2-352669081,S3-289000533,S3-18570244,S2-788344240,S3-880937,S3-695163844,S3-704847108,S2-365697146,S2-892040046,S2-787346516,S2-654658873,S2-871788283,S2-544571699,S2-765044773,S3-184079427,S2-612422472,S3-873851290,S3-932204662,S2-483025352,S3-46615497,S2-729260353,S2-179278937,S2-510842397,S3-467561722,S2-753026532,S2-765715070,S2-296857116,S2-979270547,S2-813365169,S2-741988967,S3-452209612,S2-67600942,S3-755898479,S3-714024418,S3-982137986,S2-574865421,S3-32125642,S3-121932069,S3-619003652,S2-552232981,S3-505294878,S2-696096188,S2-444745186,S3-424650004,S2-664240807,S3-714054761,S3-372115631,S3-526011719,S2-25722213,S3-392278511,S3-815704676
S1-302536542	S2-714051477,S2-577711295,S2-921041645,S2-664365421,S2-400283385,S2-962619150,S2-978885849,S2-99725676,S3-796504321,S2-912188013,S2-771017518,S2-906143380,S2-620164197,S2-102005272,S2-126608465,S2-126819365,S2-977610769,S2-429286061,S2-817541118,S3-109796435,S2-592630143,S2-701644210,S2-16821667,S2-387675681,S3-926222693,S3-640539120,S3-588026639,S2-568902552,S2-490033598,S2-683264618,S3-770612501,S2-777926654,S2-139506199,S2-555235475,S3-738732737,S3-819608471,S3-127427498,S2-911629941,S3-531724372,S3-569970438,S2-570283829,S2-900275593,S3-122352388,S3-364464392,S2-685464768,S2-626067252,S2-317480348,S3-269283294,S2-867324975,S3-515717408,S2-910490822,S2-906447487,S2-90975147,S2-86429229,S2-160824874,S3-629133280,S2-813691065,S2-724186028,S3-309512514,S3-214272119,S2-718665805,S2-902980698,S2-46192313,S2-123597232,S2-323799756,S3-585223550,S2-826359421,S2-807777671,S3-333641783,S3-197139847,S2-299458988,S3-305856563,S2-623569663,S2-590996822,S2-538538065,S3-581288707,S2-148150788,S2-33556559,S2-253997818,S2-378335414,S2-683642640,S2-865883573,S3-975587183,S2-76465213,S2-307656815,S2-148467570,S3-471343482,S2-237238180,S2-498122673,S2-872599903,S2-277735731,S2-307351456,S2-654270940,S2-53892054,S2-775523121,S3-995028277,S2-465626424,S2-633118078,S3-377994649,S3-716805174,S2-285549357,S2-584838025,S2-392595553,S2-37080803,S2-216643480,S2-993515161,S2-554899730
S1-457601305	S2-677627328,S2-219268199,S3-596078173,S2-513068956,S3-985302341,S3-485190739,S2-579096696,S2-76465213,S2-127170526,S2-746163347,S2-734716146,S2-965873837,S2-429190741,S2-335659628,S2-446751168,S2-907747334,S2-558100469,S3-63472877,S3-957981270,S3-9050987,S2-42312843,S2-879514123,S2-630585756,S2-137360083,S2-661994790,S2-529882230,S2-275125360,S2-792603765,S2-245651045,S2-732359945,S2-907042967,S2-614677852,S2-691552663,S2-888120580,S2-753604209,S3-372513690,S2-96465947,S2-356199360,S2-599932595,S3-446548920,S2-193182845,S2-473944983,S2-388029707,S2-926500371,S2-719499928,S3-76340991,S2-786275618,S2-830131819,S2-690780498,S2-481113885,S2-697505073,S2-83198324,S2-683642640,S2-615089280,S2-131592939,S2-95770597,S2-336821634,S2-496121735,S3-722142910,S2-39603967,S2-376728042,S2-167998065,S3-599174391,S2-95257193,S2-951564019,S3-721801189,S2-463547523,S3-652441284,S2-699197541,S2-148622220,S2-854872394,S2-588345541,S2-131735629,S2-721944962,S2-420996634,S2-555716915,S2-429789658,S3-244057525,S3-594482956,S2-120876126,S2-99072626,S2-133307875,S2-460240086,S2-982488853,S2-895906111,S2-55628148,S2-330693868,S2-262648277,S3-328253540,S2-866750595,S2-532894692,S2-201521380,S2-221883099,S2-397528344,S3-315135685,S2-911642902,S3-955554835,S2-235808422,S2-425724860,S3-678601401,S2-106341849,S2-198202218,S2-269753859,S2-495748996,S2-818674353,S2-396711531,S2-696077581,S2-954244736,S2-919703139,S3-653733580,S2-853864509,S2-801553070,S2-426121095,S2-630486694,S3-21417444,S2-528066598,S3-759807887,S2-564886018,S2-411275632,S2-227618431,S3-399101364,S3-16622452,S2-994698399,S3-202659366,S2-92424777,S3-313146525,S2-942825819,S2-384038746,S3-304478264,S2-501039792,S2-511490226,S2-262297553,S2-205874870,S3-316307606,S2-637647177,S3-552226150,S2-668025282,S2-882848533,S2-322874543,S2-58929129,S2-906447487,S2-562046488,S3-752263490,S2-364407346,S2-578943762,S2-245650715,S2-839245549,S2-898611179,S3-219682406,S2-430079779,S2-606224920,S3-143637321,S2-138036393,S3-338131534,S2-156292022,S2-10844142,S2-288592732,S3-509895115,S2-709927355,S2-553510214,S2-941338685,S2-210791875,S2-510635651,S2-965614954,S2-435466608,S3-400566176,S2-83832910,S2-110180281,S2-310203673,S2-601173803,S2-677462462,S2-605345323,S2-213110901,S3-208403934,S3-732416048,S2-205005303,S2-581562220,S2-477732440,S2-759387708,S3-981829338
S1-488635826	S3-366058287,S2-445959715,S3-914499665,S3-500966273,S2-972467267,S2-910691607,S2-997045095,S2-975659148,S2-971983289,S3-269196911,S2-729556984,S2-483485442,S3-794116504,S2-780856898,S2-513310752,S3-766403888,S2-32075012,S3-35113452,S3-522250218,S3-441474393,S2-705684042,S2-366769977,S3-471705607,S3-341799280,S3-695973055,S3-827297363,S2-395778865,S2-873389721,S3-965017318,S2-56408222,S3-431488114,S2-220449102,S3-983974376,S2-836102279,S3-374788637,S3-705051681,S3-384466371,S3-408913046,S3-709685407,S3-686282427,S3-403354837,S3-229963061,S3-768243216,S3-477827797,S3-868045523,S3-363740187,S2-725612831,S3-239183408,S3-377017879,S3-584788436,S3-48704160,S3-483627559,S3-442566277,S3-123693308,S3-257354344,S3-198009537,S2-648951836,S3-78904575,S2-366167363,S3-993467614,S2-439495552,S3-649484822,S2-710569071,S2-868135287,S2-589718163,S2-228370756,S3-448913894,S2-719605285,S2-976499881,S3-806936180,S3-654776539,S2-85843679,S2-685464768,S2-760124395,S3-336989982,S2-664886462,S2-804503773,S2-932156987,S2-411967947,S2-474062070,S2-465774238,S2-923953835,S2-899043918,S2-440086449,S3-598568146,S2-630817745,S2-783670116,S2-411275632,S2-236736296,S2-131407295,S2-581584070,S2-654033745,S2-281814132,S2-635662750,S3-596870963,S2-8615120,S2-39283104,S2-31259113,S2-282534895,S2-973692550,S3-845342470,S2-257887414,S3-885693597,S2-766721844,S2-561700565,S2-882754704,S2-460992467,S3-145955190,S3-118892490,S3-430531474,S3-59736918
S1-349698918	S3-284891286,S3-734821598,S3-614898515,S3-847333126,S2-597634181,S2-872662986,S3-579723113,S2-665381868,S3-573314762,S2-110254701,S2-863026055,S3-38426098,S2-985176518,S2-711330118,S3-422159233,S3-986947265,S2-851443197,S2-436797567,S3-872205830,S3-978855715,S2-436440977,S3-801222611,S3-777270356,S3-153190870,S3-812341551,S2-614063508,S3-742356818,S2-539053905,S3-22088661,S2-228736232,S2-96220644,S3-930199777,S3-472484301,S2-977780040,S2-507775662,S3-602297320,S3-442644984,S3-808325548,S2-566003861,S3-479259215,S3-80503101,S3-886126790,S2-391551971,S2-857504798,S2-499607209,S3-486297806,S2-13622406,S3-533247214,S3-330507123,S2-933283919,S3-60718083,S3-707502882,S3-995896418,S3-541263624,S3-689371331,S3-867514579,S3-830005345,S3-699969736,S3-878782457,S3-966662001,S3-767227607,S2-900234817,S2-815721073,S3-743202514,S3-128192838,S2-359606523,S3-982331095,S3-812279338,S3-136630477,S3-972996570,S3-56236399,S2-759290865,S3-929528963,S3-194953308,S2-825457488,S3-529738592,S3-132553935,S3-650637426,S2-937946084,S3-413091594,S3-966021760,S3-467616579,S3-239229801,S3-691089248,S3-512882718,S3-267964256,S3-78904575,S3-207523924,S3-436094562,S3-245669549,S3-989283048,S3-746116324,S3-952162166,S2-471561326,S3-328876380,S3-326317952,S3-673656216,S3-843848530,S2-719013321,S3-54105148,S3-197817648,S2-903046871,S3-36041261,S2-68220240,S3-92048969,S3-175650663,S3-74427391,S3-662956244,S3-636001365,S3-352808478,S3-634208605,S3-841090865,S2-414485912,S3-22424402,S2-631009621,S2-231220480,S3-986056455,S2-395671932,S3-324792015,S3-29601257,S3-226853807,S3-662889757,S3-91488731,S3-415590169,S3-234483277,S2-199451665,S3-109415205,S3-836867383,S2-491551718,S3-760559073,S2-288771595,S2-433135390,S2-299958103,S2-27053286,S2-143609583,S2-937189289,S2-434336539,S2-908744447,S3-555870124,S3-994420217,S2-191963917,S2-225081152,S2-653382745,S2-896690580,S3-523493786,S2-385312142,S3-547688322,S2-220860399,S2-303791329,S2-379816909,S3-716865471,S2-673317537,S3-527660042,S3-32282270,S2-428885362,S2-129434135,S2-785659578,S3-786486947,S3-227058133,S3-776500981,S3-773906230,S2-147686039,S2-250985878,S2-503434250,S2-262277816,S3-186596389,S2-517800889,S3-307115933,S3-59623594,S2-44724843,S2-345109638,S2-951998320,S2-530685908,S2-35513730,S2-557796585,S2-708184195,S3-292794271,S2-372401984,S2-61475515,S2-79176894
S1-72706873	S2-728117099,S3-388722834,S2-499478070,S3-859778310,S2-638268338,S2-737885870,S2-19831491,S2-241023816,S2-438748930,S2-755616181,S2-368320826,S2-216295125,S2-313452475,S2-511047341,S2-719376925,S2-671100864,S2-125262185,S2-855479156,S2-243808682,S2-278950483,S2-936711237,S2-930986886,S2-225834320,S2-452380997,S2-682299951,S2-65807310,S2-668787001,S2-990799777,S2-705684042,S2-436115830,S2-968278326,S2-854780942,S2-79119803,S2-429226728,S3-797061179,S3-566811411,S2-988926361
S1-78029452	S2-542382978,S3-910750284,S2-347790985,S2-636426908,S2-268701228,S3-536172089,S2-11555117,S3-877095205,S3-706081406,S3-98195526,S2-535679954,S3-629256241,S3-363656238,S2-939735565,S2-940918151,S2-139507072,S3-134959390,S3-175489145,S2-411536601,S3-134229320,S2-583658183,S2-922207510,S2-566349110,S3-503541384,S3-482832674,S3-611570936,S3-851385884,S2-841412934,S2-327583199,S3-194716926,S3-939187911,S2-878210601,S2-596368087,S2-396538001,S2-167574210,S2-316073597,S2-165142857,S2-945812837,S3-104041888,S3-720099512,S2-719864134,S2-641710692,S3-585911220,S2-857515979,S2-255462901,S2-459732868,S2-361052115,S2-656156067,S2-943238805,S2-31933657,S3-192679481,S2-677475250,S3-942184440,S3-834910130,S2-256556343,S3-786486947,S2-460016897,S2-52333978,S3-328729045,S2-11993054,S2-693492106,S2-506746490,S2-48932828,S3-253705785,S2-269915770,S3-633302932,S3-536888461,S2-633414929,S3-297963283,S3-844949604,S2-832151009,S2-164134839,S3-25003552,S2-793917015,S3-533247214,S2-230899841,S2-471473388,S2-244769817,S2-706480151,S2-730602022,S2-11497933,S2-724700602,S2-201555091,S3-210536105,S2-205670092,S2-995729916,S3-505851566,S2-891506509,S2-716351720,S2-343566512,S2-974769151,S2-440277559,S2-810632526,S2-482993395,S2-349128395,S2-373947868,S2-93865913,S2-243787642,S3-122077614,S3-188552409,S3-352943320
S1-717385838	S3-379146773,S2-826808370,S3-610571085,S3-336024369,S2-927940634,S2-386961372,S3-320593807,S3-98855106,S3-131890394,S3-337064812,S3-790707845,S2-189699599,S2-430984136,S2-876114239,S2-3075117,S2-163970016,S3-453286059,S2-757755510,S3-696348312,S2-314606486,S2-684727310,S3-376944309,S2-219000671,S2-620956722,S2-552453270,S3-285202361,S2-561605456,S2-754306745,S3-323007511,S2-76898639,S2-591415594,S2-580615251,S3-201441610,S2-202328620,S2-799159831,S2-868833660,S3-499221469,S2-950950353,S2-162731022,S3-271028819,S3-206714748,S2-39176443,S2-249272168,S2-265254100,S2-701844869,S2-440419245,S3-863992050,S2-942688007,S3-464637790,S3-287324543,S3-324808989,S2-228736232,S2-488463193,S2-369634827,S3-155611732,S3-994420217,S2-996572237,S2-904278175,S3-594280982,S2-606560091,S2-972467243,S2-112592079,S2-30366554,S3-4402421,S3-610270095,S2-589171726,S2-237983272,S3-660173531,S3-916685476,S3-336899491,S2-433188453,S3-370044319,S2-715669813,S3-805729669,S3-533065578,S2-346094484,S2-712294921,S3-17766366,S2-83011570,S2-529359372,S3-358342064,S3-311100124,S3-210263077,S2-400190057,S3-349927888,S2-928703176,S2-435265112,S2-779691746,S2-36973049,S3-573737584,S3-137209638,S3-691051408,S3-982916620,S3-910602200,S2-476719085,S2-263212704,S3-412229266,S3-807166499,S2-979989344,S3-265180639,S2-775330636,S3-729273261,S2-810569289,S2-124573596,S2-890815313,S3-664930211,S3-495422409,S3-351704606,S3-313746921,S3-401031185,S2-330632317,S2-821030601,S2-368776491,S3-710194416,S3-595635287,S3-612006426,S3-209916414,S3-579384604,S2-360549470,S3-999145116,S2-243787642,S2-11428451,S2-355187739,S3-952738461,S2-500271224,S2-410450697,S2-722937141,S2-675627346,S3-257698168,S2-748332200,S2-450990494,S2-266077862,S2-580599447,S2-965365329,S2-702887315,S2-357545523,S2-469205972,S3-29733754,S2-337833685,S2-482371631,S2-56395691,S3-477455273,S2-810859435,S2-988248652,S3-388736740,S3-453404850,S3-525530432,S2-532723422,S2-53725511,S2-896465381,S3-989093694,S2-470202940,S3-515050518,S2-63997984,S3-899269668,S2-134407135,S3-222368736,S2-498800847,S2-405965999,S3-749393473,S3-583496119,S2-228370756,S3-170649826,S2-496771746,S2-652580859,S3-205776925,S2-414083030,S2-136853274,S2-870204959,S3-927198232,S3-856244664,S2-931417905,S3-812047194,S2-738845766,S3-388722834,S3-618399680,S3-586164835,S3-634681848,S3-394083549,S3-772360786
S1-11379912	S3-975062916,S2-210702579,S2-681789715,S2-504159815,S3-745385483,S3-909556649,S3-619485912,S3-833056573,S3-24511714,S3-745334683,S3-213578543,S3-109245211,S3-434595238,S2-401440468,S3-92602951,S3-160110545,S3-528175588,S3-713155188,S3-661799435,S3-22889941,S3-610320670,S2-158086966,S3-919047965,S2-822084202,S3-164236974,S3-159512128,S3-401400567,S3-966673726,S3-89027235,S3-53464542,S2-136061961,S2-635331091,S3-471343482,S3-322334764,S3-206455943,S2-153954998,S2-372699227,S3-237923843,S2-666144815,S2-923379319,S2-195865989,S3-913729161,S2-392237957,S3-393812032,S3-560357635,S3-167596305,S2-938712644,S3-5099896,S3-798967548,S2-805826813,S3-455897946,S2-419800909,S3-582475142,S3-975101474,S3-869298781,S2-424592770,S3-685910416,S3-241000019,S2-978746498,S2-477823064,S2-254635128,S3-207837536,S2-352524806,S2-354573082,S2-445051087,S2-591772545,S2-356216613,S3-269084662,S2-953521266,S2-47103688,S2-599386980,S3-861035683,S2-187744236,S2-197244160,S3-629889028,S2-849329177,S3-935990801,S3-12691499,S3-822204163,S2-71544017,S3-699901669,S3-486838888,S3-169383713,S2-807380042,S3-506810019,S3-283284348,S2-873389721,S3-648268160,S3-826439882,S3-414311022,S2-744635603,S2-976952946,S3-56024459,S2-855185138,S2-765496791,S3-890327423,S3-638797946,S2-53493926,S2-378889028,S2-352229103,S3-825274072,S3-934213354,S2-487248093,S3-107442162,S2-68630946,S2-105890899,S2-902517254,S2-896940804,S2-365604487,S2-61621772,S3-628083423,S2-529024396,S3-108163173,S2-70554454,S3-950311269,S3-10544001,S3-85313455,S2-838612782,S2-321502572,S3-119459638,S3-425185749,S2-69033603,S2-660971916,S2-317679150,S2-837086705,S3-892614035,S3-183070736,S2-764689595,S2-518152086,S3-565149247,S2-686679308,S3-53794323,S2-205670092,S3-220244171,S3-359283607,S2-473996463,S2-969509458,S2-751996925,S2-319879422,S3-871780423,S3-922632740,S2-52997055,S3-478690867,S3-944195300,S2-824205072,S3-203049371,S3-760966064,S2-848460389,S2-561124034,S2-736686877,S3-205015914,S2-51935348,S2-436288521,S3-702618483,S2-655104863,S3-902572777,S3-254971289,S3-554700151,S3-561945498,S2-547573172,S2-564885587,S2-862491071,S3-353259826,S2-263623705,S2-599856851,S3-850924222,S3-548578232,S3-561663672,S3-483905353,S2-330104777,S2-574233987,S3-855282751,S3-367713509,S2-648693678,S2-607617367,S2-237983272,S2-628983602,S2-106119694,S3-738601650,S2-110578310
S1-655700316	S2-606907506,S3-774339907,S3-485604218,S2-721023618,S2-480486161,S3-3284585,S3-358955723,S2-164373218,S2-171285984,S3-236616693,S3-48704160,S2-204417353,S3-152903089,S3-663714712,S2-203488185,S2-699446830,S3-933516010,S2-431687644,S2-148464133,S2-118317744,S2-699016702,S3-764685422,S3-409733983,S3-261473315,S2-965409761,S2-853164476,S2-29468489,S3-225163778,S2-840144902,S2-554172232,S2-751387140,S2-204966912,S2-45006111,S2-983581132,S2-86364011,S2-568958055,S3-903397845,S2-429225669,S2-564405512,S2-37847282,S2-161839652,S2-877961316,S2-997697786,S2-865346964,S2-224855955,S2-852619340,S2-145249345,S2-424566580,S2-489876714,S2-926038372,S2-648561550,S2-219342103,S2-327788815,S2-787040456,S2-84067078,S2-23968642,S2-851443197,S2-673419052,S2-823497950,S2-945013499,S2-584475125,S2-971615252,S2-741068630,S3-137209638,S2-362270885,S2-137809473,S2-578367514,S2-324292940,S2-854739841,S2-103032139,S2-978424631,S2-399171815,S2-145206227,S2-224020409,S2-910382717,S2-878210472,S2-878310544,S2-391289405,S2-273854615,S2-750801102,S2-319107499,S2-10631626,S2-314293411,S2-639526894,S2-418133248,S2-579828239,S2-973305535,S2-836018576
S1-484349079	S3-680633920,S2-332323044,S2-161061110,S2-119260996,S3-581185453,S2-204645732,S2-154693153,S2-310010668,S2-632955033,S2-778275959,S2-380626272,S2-734716146,S2-900139841,S3-974442672,S2-823990696,S2-879859195,S2-506830401,S3-635482758,S2-273301211,S2-739997154,S2-661170314,S2-19476634,S3-841379471,S2-185168440,S2-68745003,S3-964521591,S3-332300293,S3-708562078,S2-209920613,S3-10304122,S2-450150470,S2-388584867,S3-964722761,S3-135983976,S2-587114067,S3-317414394,S2-919159007,S2-122711015,S2-567005056,S2-198108921,S2-829581724,S3-199595932,S2-101383316,S2-174198674,S3-616169605,S3-741879929,S3-683968402,S3-864302896,S2-382659433,S2-415670470,S3-881059689,S2-967950902,S3-914693293,S2-885262530,S2-739204406,S3-113459657,S2-854872394,S2-79289231,S2-662248624,S2-947945521,S2-584667943,S2-253455324,S2-231978756,S3-314867945,S2-972427766,S3-754981969,S2-328982778,S3-895652249,S3-943715839,S2-920912982,S2-496001356,S2-461853888,S3-649507984,S3-574934313,S2-340178600,S2-675478858,S2-891483256,S2-720172917,S2-735326173,S2-621860820,S2-996307891,S2-377292134,S2-497867947,S2-302140384,S3-713957142,S2-366977200,S3-779226886,S3-679794357,S2-954985785,S2-519393781,S3-608969478,S2-140047656,S3-371945677,S2-219932714,S3-454363465,S2-721215346,S2-488641898,S2-722747955,S2-992479121,S3-27547634,S2-396151865,S2-368346570,S2-238904287,S2-520672036,S3-902640883,S2-782550869,S3-895329946,S3-542190832,S3-428181810,S3-547613965,S3-100967220,S2-129206832,S2-363953555,S2-971118945,S3-576536556,S2-53117643,S2-22541885,S2-497418184,S2-145268553,S3-922550338,S2-338458211,S2-375396973,S2-665102075,S2-512816304,S3-554666034,S3-663300898,S2-782766806,S2-885402171,S2-525043396,S3-239955875,S3-753251495,S3-106514182,S3-555285092,S3-280760682,S2-926810921,S2-423090994,S3-155137912,S2-813823076,S2-170323293,S2-484483494,S2-156376060,S3-942854217,S2-979573383,S2-272653736,S2-999940311,S2-553131106,S3-517738761,S3-92012215,S3-840365372,S2-499487341,S3-905245744,S2-75523586,S3-596567281,S3-720099512,S2-76009452,S3-468570759,S3-794835871,S2-335241231,S3-141307068,S3-262960805,S2-930348184,S2-969604325,S3-336013291,S3-341690533,S3-887819018,S2-886683237,S2-995144997,S2-352477093,S2-906020869,S2-818232636,S3-261054764,S2-907042967,S2-69851634,S3-28467325,S2-754579364,S2-772653978,S3-711825208,S2-236315583,S2-342141197,S3-136945794
S1-595486290	S2-405810669,S2-411967947,S2-955874241,S2-743560781,S2-139451084,S2-58226230,S2-978307502,S2-688561435,S2-493543131,S2-269222583,S2-845929300,S2-304673281,S2-169339199,S3-942545775,S3-157906466,S2-362298658,S2-581712338,S3-233634101,S3-131078050,S2-342184546,S3-40636200,S2-712948212,S2-221396352,S2-152157970,S3-508938760,S2-871919463,S2-926915007,S3-903236277,S2-304641664,S3-753164863,S3-115833624,S3-869619159,S2-147794956,S3-654514302,S3-801858031,S2-842539999,S3-284702369,S3-651884316,S3-588860211,S3-885898907,S2-879679933,S2-70108259,S3-378756967,S3-648231739,S2-434865013,S2-146765462,S2-139455141,S3-257918987,S3-304055968,S3-872821130,S2-997943718,S3-175443554,S2-960740219,S2-864819442,S3-56119023,S2-102319561,S2-765715070,S2-578453982,S3-791475388,S2-992019566,S2-51738888,S2-517012835,S2-999957257,S3-451804809,S3-153766879,S2-681663854,S3-435308924,S3-223679648,S2-244092904,S3-13762790,S3-259765212,S2-612422472,S2-54721145,S3-366230515,S2-279344772,S3-501693284,S3-375705641,S3-390657247,S3-661669815,S2-540881849,S2-855324375,S2-134852758,S3-782557859,S3-505728960,S2-960731357,S3-947529634,S2-417814323,S2-254237917,S3-244238319,S2-34451489,S2-372931705,S2-53311320,S2-641944323,S2-43676260,S3-309489284,S3-340785287,S3-733158864,S3-507800669,S2-727331617,S2-592881202,S3-979342182,S2-4375172,S3-637938488,S3-11632598,S3-410218298,S3-406642337,S2-100408047,S3-26441553,S3-883282650,S2-703281018,S2-592136669,S3-412658201,S3-86955891,S2-540053087,S3-942611768,S3-94534025,S2-283746027,S2-475059764,S2-181638750,S2-719636913,S2-550374904,S2-595327057,S2-328536686,S3-866580997,S2-10625583,S3-531644148,S3-117092600,S3-900511946,S2-652959736,S3-873372768,S3-35348208,S3-135983976,S2-641441810,S3-264755812,S3-681153224,S3-159233685,S2-20605699,S3-422631552,S2-346512632,S2-168293986,S3-639803117,S3-225546990,S3-51920641,S3-527217342,S3-90237002,S3-692269105,S3-726937245,S3-548097310,S3-135698140,S3-451183945,S3-182481523,S2-721898050,S2-862685395,S3-353297791,S2-913778823,S2-970894647,S3-854118341,S3-49273916,S3-959303927,S2-344390896,S2-484988571,S2-37707107,S3-14099396,S3-505709824,S2-911595810,S2-692854899,S3-640539120,S3-133660041,S2-972390926,S2-566448141,S3-100168836,S2-117604558,S3-154929563,S3-754898813,S3-873164148,S3-889694179,S2-697787819,S2-723097211,S3-957162662,S3-505699333
S1-889012090	S2-159185844,S3-832420825,S2-803068701,S3-285673802,S2-653062110,S3-843774856,S3-854598339,S2-38938004,S3-276253166,S2-697514180,S3-53794323,S2-370780470,S2-500871474,S3-480343660,S2-758423237,S3-881417865,S3-772147874,S3-466391807,S3-38148457,S3-6429189,S2-857883407,S3-557487885,S3-705641396,S2-566051128,S2-61727345,S3-755632474,S2-974827611,S2-929087667,S2-68482792,S3-368711513,S2-714315001,S2-864041788,S3-542824123,S2-666182935,S2-626243373,S2-990371459,S3-71255008,S3-322168275,S3-328940207,S2-795608900,S2-812783875,S2-638926005,S3-538366786,S2-633169784,S3-467797859,S2-593595577,S3-742033698,S2-52880044,S2-54935976,S2-767912318,S3-752003064,S2-830709969,S3-384294912,S2-350057454,S3-899464272,S2-86917411,S2-523951310,S2-884396375,S3-929474627,S3-549374021,S3-572123749,S3-561839301,S2-278525232,S2-420265238,S2-679919061,S3-924210756,S3-918955816,S2-856335836,S2-769062934,S2-8293003,S3-209216351,S2-810986651,S2-370059189,S2-425292799,S2-137344776,S2-832266307,S3-811809635,S2-114819826,S3-559216489,S3-870932095,S3-526886844,S2-434164886,S3-95743856,S3-576682237,S2-164885954,S3-761081103,S3-211715997,S3-410173196,S3-536111343,S3-349964138,S3-772819812,S3-44316493,S3-363629254,S3-589549758,S3-851471320,S3-44778115,S2-721273162,S3-56055278,S3-551116384,S2-952556671,S3-853550466,S3-10971390,S3-334279665,S2-44713064,S3-22321512,S2-645886241,S3-168834192,S2-771831940,S3-691478522,S2-790539300,S2-462781289,S3-374706731,S2-792642549,S2-38555282,S2-470324870,S3-341896481,S3-851710769,S2-370255592,S3-954007146,S2-364061806,S2-558799392,S2-176998529,S2-706926029,S3-949870446,S3-992137102,S3-330930479,S2-385906219,S2-921744764,S2-520084907,S3-980408146,S2-135506804,S2-930215135,S2-516736084,S3-889609169,S3-631044432,S3-273390177,S3-801096079,S2-20798878,S2-5159063,S2-993515161,S3-598392265,S2-767497774,S2-668767048,S3-828645010,S3-873113499,S2-463981978,S3-271429222,S2-753055056,S3-911339326,S3-993278851,S3-50316458,S2-869982091,S3-379249152,S2-898340782,S2-183288904,S3-512021301,S3-36174880,S3-641768317,S3-137797686,S2-765834139,S3-498706413,S2-15909748,S2-938900390,S2-592883143,S2-169692904,S3-198633149,S3-303935657,S3-655482194,S3-344746098,S2-158681675,S2-804871649,S2-526735334,S3-808651670,S3-447201746,S3-897513644,S3-425805161,S3-612293001,S3-425970770,S2-735407031,S3-233087378
S1-748500004	S2-233459431,S3-642206532,S2-287934344,S2-829117319,S2-878557010,S3-953449018,S3-152689341,S2-523446538,S3-792941212,S2-304274212,S2-136061961,S2-610399780,S3-718620725,S3-726147053,S3-277062191,S2-400311068,S3-776049557,S2-804632740,S2-779297389,S2-996897835,S2-680846241,S3-296286963,S2-523707559,S2-574119193,S3-44136130,S2-430858444,S3-218710912,S2-683794878,S2-443010360,S3-829439595,S2-533978047,S3-223017879,S2-502325855,S3-840520937,S3-514481211,S3-179751454,S2-878648293,S2-270054473,S2-526246258,S2-58913550,S3-711650935,S2-446761313,S2-410315318,S2-72490086,S3-343934684,S3-3284585,S3-309163609,S2-3532428,S2-635548522,S2-26197297,S3-717367950,S2-550461683,S2-457589911,S2-233273789,S2-698207989,S2-338098872,S2-748852509,S2-952109285,S2-196773413,S2-782561431,S2-266499977,S2-144187963,S3-824710070,S2-275231612,S3-22737041,S2-710199345,S2-989309726,S2-595489489,S2-635258386,S2-797828425,S2-51693488,S2-836004765,S2-337736101,S2-395802601,S3-232385421,S2-462428237,S2-47902057,S2-965609781,S2-475549310,S2-272480209,S2-26448169,S2-17205499,S2-882256872,S2-818674353,S2-395530092,S2-41744253
S1-587404171	S2-701942141,S3-891184594,S2-932590071,S2-478965437,S3-890301920,S2-804960545,S2-984455806,S3-301283721,S2-329136729,S2-694082200,S2-576058048,S2-504592688,S3-153709538,S3-324885956,S2-139731253,S2-965873837,S2-96420541,S3-186380338,S2-595781661,S3-742381378,S2-953315150,S3-120893170,S2-367091727,S3-117575529,S3-624529279,S3-2378515,S2-662123931,S3-55982890,S2-54170047,S3-449899475,S2-93393917,S3-132511641,S2-101383316,S3-112716720,S3-370211835,S2-375611524,S2-939026783,S3-543629549,S2-788061781,S2-525880026,S2-898014542,S3-459722947,S2-365954141,S3-311469354,S3-677055875,S2-282913892,S3-18021823,S3-153268906,S2-970761365,S3-611239188,S2-339312141,S3-397929792,S2-660568756,S2-443193800,S3-4950684,S3-173037183,S3-343086866,S3-584632273,S3-1857106,S3-845445184,S3-400855971,S2-341701047,S3-75391523,S2-35988050,S2-654451243,S2-803657118,S2-656847334,S2-443271648,S3-495723313,S3-85854028,S3-893874239,S3-623774631,S2-858333831,S2-941100325,S3-353041791,S3-653123971,S3-939467801,S2-900275593,S3-547907242,S2-284777044,S2-573361682,S3-111582677,S3-737566271,S2-45745682,S3-200801561,S2-246760623,S3-114072012,S2-15576704,S3-173100375,S2-138154935,S2-128164709,S2-325648550,S2-188321945,S3-140799815,S3-388612697,S3-549298,S2-61770009,S3-966295764,S2-287056624,S2-236202105,S2-733426326,S2-923247863,S3-249548916,S2-145772427,S3-390652022,S3-95114435,S3-649678886,S2-145268553,S2-735326173,S2-443709565,S2-14345892,S3-817387633,S2-401727700,S2-685966414,S2-107469995,S2-966079570,S3-651521850,S2-739997154,S2-756683937,S2-921226399,S3-681613237,S3-918041848,S2-440714634,S2-68745003,S2-670049621,S2-511949204,S3-607845870,S3-930259562,S3-73542323,S2-630486694,S2-173849971,S3-505452646,S3-575680850,S2-591078525,S3-468512341,S2-829435061,S3-157902210,S2-971222206,S2-169390565,S2-816074701,S2-559095226,S3-236837499,S3-878692629,S3-635729164,S2-64310140,S2-277735731,S2-723518012,S2-997583588,S2-711321945,S2-475128670,S3-662721327,S2-819205378,S3-59526587,S2-627424347,S2-124520124,S2-249276603,S3-573339117,S2-449813921,S3-864482789,S3-979609617,S3-496782763,S2-803775063,S2-398871466,S2-719813387,S2-916383925,S3-119482634,S2-553592240,S3-307502694,S2-678373967,S3-791942362,S2-591519148,S2-575547185,S3-150817547,S3-181383445,S3-648964505,S3-899060606,S2-651444199,S3-763423323,S3-10304122,S3-885210293
S1-986604838	S3-80932762,S2-459444436,S2-332808660,S2-450674971,S2-637693531,S2-472356786,S3-697455667,S2-952729281,S2-89101680,S2-608471433,S2-781847432,S2-716369286,S2-566848302,S2-439446517,S3-92532605,S2-727111603,S2-464448321,S3-244238319,S2-541282972,S2-509966472,S2-855277631,S2-492723155,S2-903583158,S2-658840503,S2-379558632,S3-659139386,S2-428885362,S2-396538001,S2-573016689,S3-277971730,S2-644655973,S2-588085625,S3-507474950,S2-143612139,S2-480421778,S2-194490292,S2-680561485,S2-423536344,S2-464227034,S2-349043036,S2-947038284,S2-851420870,S2-644861038,S2-276949736,S2-942043898,S2-197062539,S2-102681369,S2-554889050,S2-713157779,S2-706648023,S3-706594790,S3-155863840,S3-193036878,S2-780571485,S2-515181005,S2-579825316,S2-941985225,S2-898898141,S2-810332449,S2-993071707,S2-991126031,S2-644272645,S2-392560228,S2-802139902,S2-103820670,S2-545961593,S2-44185193,S2-479203488,S2-175042336,S3-692457070,S2-287858288,S2-705169952,S3-798676806,S2-741913313,S2-399815856,S2-658263835,S2-471974049,S2-704409228,S2-260839023,S2-440910055,S2-172191509,S2-526485547,S2-145514301,S3-924470597,S3-259402162,S2-599640629,S2-371301714,S2-45536507,S2-766857167,S2-846924885,S2-997064281,S2-453862802,S3-588026639,S2-322613553,S2-491216315,S3-427567218,S2-845185779,S2-710759094,S2-984295957,S2-85396808,S2-438922697,S2-874720845,S3-187812551,S2-319187695,S3-87526296,S2-424599024,S2-402845317,S2-834093650,S2-919585353,S2-372717695,S2-487439097,S2-167632715,S2-554304764,S2-658732901,S2-735966612,S2-595199108,S2-630389727,S2-53302256,S2-610059325,S2-239619835,S3-555804508,S2-499637573,S2-739507689,S2-497867787,S2-272264130,S2-874062666,S2-103334562,S2-477818514,S2-83896121,S3-726808292,S2-899542587,S2-757634461,S2-824156374,S3-203217377,S2-808542221,S2-884859830,S2-708101560,S2-787022205,S2-686044170,S2-500904350,S2-282156531,S2-877133584,S2-207136581,S2-245612075,S3-619302515,S2-644146285,S2-573445480,S2-2881302,S2-947934443,S3-962441607,S2-653382745,S2-706014502,S3-431726820,S2-525295669,S2-913794967,S2-49843366,S3-103037509,S2-411489912,S2-193345406,S2-118169626,S2-10364422,S2-449075159,S2-200160631,S2-432919140,S3-795781092,S2-103032139,S2-401847722,S2-353206306,S2-794896485,S2-147838729,S2-398758623,S2-277036760,S3-523943279,S2-989772793,S2-799684633,S2-92377745,S2-183597752,S2-686407421,S2-100408047,S3-878996406
S1-766408899	S3-296383140,S2-853340368,S3-958755935,S3-427942676,S2-867917626,S2-995933742,S3-586312524,S2-965265670,S2-821717552,S3-950906400,S3-655711266,S2-837182380,S2-882848533,S2-149519174,S3-999358771,S3-216482370,S3-583984779,S2-754579364,S3-900261473,S3-928753653,S3-580674186,S2-380626272,S2-92717447,S3-278759204,S2-37613343,S3-926900487,S3-573500616,S2-9239069,S2-214111708,S3-573023849,S2-260688535,S2-685165779,S2-635214615,S2-155547755,S2-457681515,S2-384450374,S3-896331791,S3-393675543,S2-555109544,S2-696077581,S2-656847334,S2-69648403,S3-541818572,S3-403157704,S3-848425722,S3-239945575,S2-772019937,S3-152632558,S2-27727592,S2-530603237,S3-628982800,S3-106837574,S2-767997013,S2-894177454,S2-95770597,S2-439211137,S3-565921020,S2-685396460,S2-367560858,S2-167574210,S2-632838411,S2-911312911,S2-887959244,S3-328857929,S3-599948863,S2-219223249,S3-844179298,S2-549867529,S3-173398261,S2-324335779,S2-786299167,S2-270743332,S3-569970438,S2-166204215,S2-603448716,S2-46459212,S3-390028202,S3-177189137,S2-625386453,S3-849319514,S3-352825217,S2-796153176,S3-208758268,S3-266018996,S2-716718650,S2-245650715,S3-790192866,S3-683568308,S2-841642984,S3-559935852,S3-230196038,S2-826034253,S2-579123379,S3-556823884,S3-469990421,S2-187909971,S2-126685191,S2-362270885,S2-501209919,S3-193324646,S3-408594973,S2-708749034,S2-125402464,S2-777285682,S3-237873919,S2-193151395,S2-683333618,S2-211440621,S3-328729045,S3-692862857,S3-3331620,S3-936114747,S3-665576289,S3-447440366,S3-332300293,S3-327098099,S3-508963678,S3-709953728,S3-938198076,S3-231925916,S3-764744632,S2-251426537,S2-977401025,S3-363193469,S3-123541430,S2-480897317,S3-177391666,S2-785720605,S3-259426195,S2-761988521,S3-102516415,S3-480162512,S3-898344342,S3-272245831,S3-565415624,S3-943285065,S2-187358312,S3-290362141,S2-876628765,S2-537577036,S2-945369040,S2-208001058,S3-845445184,S2-896078749,S3-907162129,S3-495269610,S3-273800636,S3-894054651,S2-616524549,S2-254800462,S3-608878198,S2-970751118,S3-912504688,S3-547795476,S2-554383903,S2-183782184,S3-939467801,S3-632568381,S3-194882242,S3-533215747,S2-126915805,S3-325261411,S3-118955015,S2-287398962,S2-143004935,S3-815951987,S3-889969441,S3-812705094,S2-821568999,S3-698309582,S2-287693608,S3-481951962,S3-237542653,S3-28467325,S2-557796585,S3-319178417,S2-280566325,S3-271028931,S3-661669815,S2-192485522
S1-507163415	S2-269617422,S3-931485837,S2-263540257,S2-682586639,S3-580448397,S2-822084202,S3-441136867,S3-907544030,S3-971460215,S2-574958526,S2-348099732,S2-111239459,S2-879745998,S2-884712700,S2-975562215,S2-88291232,S2-162571160,S2-619827825,S2-862367208,S2-8642823,S2-903113935,S3-176680118,S3-524431347,S3-756282620,S3-317183225,S3-523432340,S2-797876474,S2-617290440,S2-976952946,S3-379013464,S2-207294577,S2-958874877,S2-755028632,S3-989283048,S3-505247186,S2-840963972,S3-789783062,S3-982827473,S2-407814797,S2-955029768,S2-389198964,S3-712171019,S3-529169587,S2-218490316,S3-150876388,S2-700195651,S2-944450179,S3-279166220,S3-10645551,S2-99164149,S3-556608965,S2-966504770,S3-438170684,S3-957906030,S3-760331993,S3-374441171,S2-461098916,S3-820540559,S3-131564399,S2-448230173,S3-488343453
S1-873761236	S2-538408685,S3-479259215,S3-686450431,S2-500337723,S2-950406636,S3-827297363,S2-11497933,S2-454447953,S2-423797820,S2-643036049,S2-810480665,S2-179498203,S3-164904018,S2-891383097,S2-17479886,S2-938169179,S2-823776166,S3-779294411,S2-382001388,S3-316635374,S3-830631905,S2-387053409,S2-690368889,S2-634395262,S3-835773604,S2-953036246,S3-506285301,S2-475339542,S3-207211026,S2-544808894,S2-939985815,S3-552180348,S3-130143312,S2-96068662,S3-98935964,S3-152903089,S2-510593003,S3-234119576,S2-743722065,S2-388242142,S3-311228131,S2-411384132,S2-172268075,S3-980889386,S2-654987180,S2-296525470,S2-587171542,S2-61368935,S2-831507418,S2-199515763,S3-528550787,S2-81894381,S2-582182250,S2-549227107,S3-999319576,S3-401754115,S2-378335414,S3-487859782,S2-322277968,S2-890084877,S2-660533844,S2-24740322,S2-616265562,S2-896959330,S3-739144472,S3-943850002,S2-688290572,S2-115400988,S3-950165485,S3-255739917,S2-902707815,S3-482318421,S3-116102122,S3-209584694,S2-465774238,S3-288116610,S3-181508463,S2-95733093,S2-4872448,S3-707258096,S3-791182780,S2-950931840,S3-254400463,S3-71429399,S2-50247137,S2-614705727,S2-961518504,S3-415566983,S3-234011238,S3-470022967,S3-186500588,S2-423866335,S3-683295642,S2-615778579,S2-474301975,S3-183805716,S3-144987339,S3-363098675,S3-293559393,S2-323071794,S3-754341174,S2-571058772,S3-379658867,S3-281837290,S2-120317674,S2-895690234,S3-129416567,S2-675644302,S3-760959067,S3-242645790,S3-27273976,S3-335862156,S3-940961658,S3-489831241,S2-496497737,S2-512094960,S2-185213512,S2-749534801,S3-181175418,S2-568579698,S2-19831491,S2-754581506,S2-761682492,S2-91776046,S3-778343866,S3-876046407,S3-977817872,S2-463502496,S2-267369607,S3-706485564,S3-481659563,S3-471492239,S2-808190290,S2-131435329,S3-768040803,S3-458492030,S3-495646538,S2-878648293,S3-573926286,S2-327173375,S2-865137666,S3-853305906,S2-931084864,S3-520215173,S2-734341992,S2-842164766,S2-244698568,S3-578025073,S2-744635603,S2-530971213,S3-534578332,S3-417230072,S3-786118042,S2-623316486,S3-169820243,S3-416633133,S2-508391784,S3-425451804,S2-778206248,S2-179052007,S3-922573625,S3-279973987,S2-478704493,S3-257362934,S2-650777811,S3-233557361,S3-975475279,S2-893716684,S3-358955723,S3-384537596,S3-996316470,S2-237808599,S3-671150571,S2-342655156,S3-823248853,S2-576338566,S3-377017879,S2-663959226,S3-606193838,S2-978144883
S1-655802552	S2-661143069,S2-502620357,S2-503797365,S2-270858885,S2-952556671,S3-18729008,S3-774854286,S2-183288904,S3-857183109,S3-472606005,S2-646862887,S2-777256368,S2-516736084,S3-597760194,S3-752688379,S2-390627971,S3-95767402,S2-272368930,S3-440887348,S2-678408287,S3-640765698,S2-593595577,S2-940573231,S3-10971390,S2-279095628,S2-721273162,S2-819831406,S2-327370520,S2-828080801,S2-425292799,S2-299641245,S2-795608900,S3-288357725,S3-576682237,S2-463647269,S3-63244810,S3-91490161,S2-462781289,S2-312291757,S3-873113499,S3-752003064,S2-86917411,S3-244006304,S3-881417865,S3-535419935,S2-416049336,S2-975664547,S3-22321512,S2-927296727,S3-692740830,S3-349964138,S3-539207658,S2-839797789,S2-434164886,S2-161642078,S3-554586547,S2-506332239,S3-98192207,S2-9220065,S3-432037879,S3-851471320,S2-512021290,S2-381420816,S2-414820207,S3-368711513,S2-676368068,S3-936025382,S2-520084907,S2-497315327,S3-561839301,S2-771831940,S2-810986651,S3-803043821,S2-410629067,S2-400962208,S3-641768317,S3-209216351,S2-134318524,S3-808651670,S2-856335836,S2-767912318,S2-736816883,S2-5159063,S2-523951310,S3-764774108,S2-96368391,S3-853550466,S2-20798878,S3-165685432,S2-364061806,S2-592883143,S3-721951487,S2-664615263,S2-803068701,S2-526735334,S3-612293001,S2-805545740,S2-632836044,S3-705641396,S3-898701409,S2-387588469,S3-498706413,S3-156752988,S3-160526692,S3-167188465,S2-633169784,S3-688859974,S3-188040886,S2-797958955,S2-765834139,S2-677611473,S2-401975713,S2-110110097,S3-276253166,S3-559216489,S2-218163632,S3-205475212,S2-52880044,S2-864041788,S2-82265292,S2-158681675,S3-775391250,S3-929474627,S3-413655374,S2-884396375,S3-990630708,S3-475656232,S2-706282094,S2-938900390,S3-24193561,S2-638926005,S3-501737551,S3-459650342,S3-397549595,S2-921744764,S2-470324870,S2-739699756,S3-71255008,S3-430108463,S2-567469512,S2-229203598,S3-362310952,S2-807893594,S3-954007146,S3-160776850,S2-164885954,S3-233087378,S3-536569155,S2-775523121,S2-75676145,S3-744251626,S2-405084080,S3-141135397,S2-685825527,S3-941254649,S2-840719261,S3-565159581,S3-691478522,S2-465451543,S2-689294277,S3-137797686,S2-169692904,S3-924754975,S3-880144487,S3-501865392,S3-909293584,S2-302380669,S3-995734768,S3-661050290,S3-398015529,S3-330930479,S2-352214657,S2-435541558,S3-345261156,S3-685042046,S3-994837131,S3-36174880,S2-35203261,S3-911339326,S3-165549998
S1-327983313	S3-76562507,S3-465364917,S2-411275632,S2-228048117,S2-673126415,S3-541202081,S3-271884669,S2-504051730,S3-70973600,S2-672303575,S2-949044369,S3-718425010,S3-821439308,S2-437267325,S2-583423469,S2-341257859,S2-310754463,S2-188773330,S2-367282992,S2-258013352,S3-16147297,S2-689588820,S2-949300513,S2-949815982,S2-431749471,S3-869504932,S2-60869404,S2-767453499,S3-461053279,S3-506730139,S3-441296361,S3-788253962,S3-22463034,S2-339114347,S3-526688246,S2-702744922,S3-676233177,S3-981206444,S2-919979843,S2-510635651,S3-108876857,S3-856075014,S2-6537323,S2-898849110,S3-440589045,S2-454384904,S2-700426501,S2-290481152,S3-724973422,S2-662953744,S3-153358110,S3-878176472,S3-810659024,S3-742165102,S3-401637627,S3-593908101,S3-599066239,S2-702471485,S2-509018756,S3-705703921,S3-834910130,S2-434184051,S3-760500280,S2-158681761,S2-110180281,S2-389013354,S3-29690205,S2-45431562,S3-926900487,S3-493306688,S2-149090348,S3-110038745,S2-679483668,S3-585911220,S3-845518080,S2-714951069,S2-454684337,S2-448230173,S2-596261092,S2-129923577,S2-782550869,S2-611086251,S2-547309630,S3-965737194,S2-582676007,S2-347790985,S2-599932595,S3-590158138,S3-435742150,S3-869874869,S3-894109506,S3-596526465,S2-92424777,S3-692457070,S3-756878289,S3-394288708,S3-894469033,S2-436801310,S3-485370521,S2-926635573,S2-261457974,S3-367481006,S3-227101636,S2-248383380,S2-853864509,S2-473224733,S2-823645386,S2-929952720,S3-395229350,S2-509909552,S2-663700902,S2-588105316,S2-66101295,S3-979281349,S2-65651484,S3-111336346,S3-191836224,S2-259406265,S3-72437882,S3-310384847,S2-184297263,S3-460304682,S2-840964780,S2-759764530,S2-530481446,S3-714903191,S2-189805668,S3-353431129,S3-438649741,S3-639615819,S3-258295008,S2-681782072,S3-116297482,S2-546154473,S3-538917912,S3-31572875,S3-899754597,S2-413207336,S3-531197145,S2-993071707,S2-804016810,S2-226188917,S3-964628585,S3-763584593,S2-363102383,S2-1580600,S2-83963491,S2-464953444,S3-734704765,S2-844440381,S2-755763130,S3-662753340,S2-389963695,S2-997222879,S3-868215205,S3-488856300,S3-475802538,S2-137946313,S2-881711235,S2-518285513,S3-577819796,S3-637383939,S2-402092885,S3-796504321,S2-858603610,S2-946072848,S3-233794173,S2-276989835,S2-180113952,S3-180500346,S3-549131415,S2-561700565,S2-97396949,S3-541896279,S3-396374546,S2-860102078,S2-181493926,S2-979536106,S2-448687843,S3-458410843
S1-77383698	S2-456514313,S2-744098365,S2-670162547,S2-580599447,S3-376524304,S2-598312557,S2-946302052,S2-103781604,S2-418144525,S2-885493859,S2-352324885,S2-243721247,S2-27451904,S2-144908575,S2-261228864,S2-50751596,S2-975741876,S2-120923609,S2-239320459,S2-854739841,S3-994395902,S2-316927869,S2-374086598,S2-321891708,S2-498847231,S3-498578870,S2-160086084,S3-312918117,S2-521369090,S2-913895904,S3-877924260,S3-328040627,S2-317899437,S3-504811762,S2-966504770,S2-148054463,S2-712984344,S2-289220022,S2-26031011,S3-853956691,S2-258426119,S2-243453314,S2-978503246,S2-808622506,S2-312967624,S3-397669394,S2-220248812,S2-196920047,S3-512479887,S3-448923894,S2-858067581,S2-949751755,S3-766403888,S3-708655628,S3-415561307,S3-211292677,S2-532542267,S3-403935747,S2-11497933,S2-999160338,S2-825823361,S3-758344841,S3-771452301,S2-444088434,S2-757054231,S3-983828506,S3-653482327,S2-169043051,S2-702484988,S2-499789919,S2-924441277,S2-865137666,S2-834112614,S3-349820375,S2-51698332,S2-966199289,S3-694965183,S3-339362986,S2-475339542,S3-859706175,S3-79744483,S3-469132181,S2-966381947,S3-796584,S3-138246490,S2-314240782,S2-557432874,S3-68377394,S2-177051208,S2-554160167,S3-317735431,S2-264929965,S2-23639687,S2-204964383,S2-874896372,S2-728241987,S2-433552537,S2-391148431,S3-477330409,S2-260087477,S2-909246229,S3-839302986,S3-428644497,S2-498589580,S3-109666861,S3-100600796,S3-967820082,S2-384114445,S2-79119803,S2-842678300,S3-18437991,S3-785354829,S2-701271844,S2-747996032,S2-849284910,S3-173781392,S2-373245956,S3-317800467,S3-568445343,S2-750187901,S3-50455750,S2-86137182,S3-648268160,S3-501171061,S3-581579033,S2-26522100,S3-484766274,S2-808657739,S2-930797634,S3-693054587,S3-623455375,S3-723333584,S3-508259192,S3-277459427,S3-735164029,S3-110716107,S2-647103935,S3-628693939,S3-527660042,S2-230614579,S3-433424794,S3-229963061,S3-792967316,S2-271369594,S2-88977929,S3-789077603,S2-628343401,S3-240224037,S2-748871298,S2-990176332,S2-505366392,S2-164086915,S2-889887419,S3-473099178,S2-801869379,S2-418771788,S3-443227919,S3-884971897,S2-906076632,S3-209848207,S3-123693308,S2-243864603,S3-77307959,S2-186906745,S3-733871528,S2-18373037,S2-489750770,S3-307805307,S3-487257249,S3-714646271,S2-95427785,S3-257069189,S3-723063881,S2-96616593,S2-663967245,S3-21945435,S3-941863098,S3-462180,S2-690362855,S2-149733032
S1-273531258	S2-958931757,S3-771930704,S2-738266912,S2-750887377,S2-7663294,S3-954157283,S3-546276732,S3-998051891,S3-488363429,S3-476331583,S3-521889331,S3-682104065,S2-260839023,S3-768336457,S3-438375497,S3-589030069,S3-764787325,S2-457753565,S2-134433413,S2-100655954,S3-717908834,S3-396265074,S3-670869126,S2-786970664,S2-434748052,S3-129106856,S3-591871526,S3-819791476,S2-167032048,S2-667662419,S3-668046388,S2-201612232,S2-85633962,S3-708246473,S2-299517177,S2-826790006,S3-324289320,S2-24466926,S3-873790858,S3-716114722,S3-561303212,S3-720463467,S2-519434818,S3-679887350,S2-777285682,S2-664108852,S2-910025769,S3-124044603,S3-634870270,S2-198149485,S3-313989656,S3-787077353,S3-212450898,S2-815296655,S3-597801182,S2-966217193,S3-634982798,S3-706594790,S3-269828445,S3-105945832,S2-576742243,S2-849187717,S3-485038334,S3-882225970,S3-590005622,S3-636217577,S3-796063681,S3-430759882,S3-456797383,S3-508527143,S3-768924601,S3-705276886,S3-132415306,S2-530744031,S2-451463115,S3-481951962,S3-906791967,S3-710047633,S2-816948200,S3-317514589,S3-355222760,S2-113030650,S3-29075645,S2-175021285,S2-185220025,S3-684618391,S2-912845741,S2-950077998,S3-578757413,S3-467396944,S3-930096165,S3-992087204,S2-441901391,S2-46251183,S3-830619303,S2-379816909,S2-336875785,S3-293969902,S2-329265368,S2-944215859,S3-988733475,S3-210901220,S3-75368171,S2-571375099,S3-891899299,S3-725335467,S2-150274944,S2-886484247,S3-434529566,S3-172953440,S3-824909265,S2-73414654,S3-257516229,S2-400283385,S2-727304056,S3-82585295,S3-326956185,S3-861292785,S3-997140555,S3-287785309,S3-498618641,S2-225792201,S3-29105750,S2-92947617,S2-871227814,S2-594016446,S2-550697952,S3-804274330,S2-405257560,S3-159667152,S3-931200264,S2-294646566,S2-576879727,S3-398496487,S2-565675639,S3-592645237,S2-49939044,S3-389039964,S2-232272231,S2-651461416,S2-172393826,S2-485280761,S2-919732103,S3-489786335,S2-225305521,S3-404982359,S2-446219150,S3-843399276,S2-945687659,S2-898271371,S2-698297854,S3-347249498,S2-925400951,S3-459062046,S3-758597926,S2-269904958,S3-354374172,S2-876628765,S2-871531214,S2-741786148,S2-202706398,S2-455365283,S2-219999340,S2-413207336,S3-481622772,S2-768553495,S2-484483494,S3-746860417,S3-623356780,S2-55766081,S2-945056046,S2-216338042,S3-308982079,S2-599004199,S3-566160421,S3-535116768,S2-591850833,S2-562968493,S3-448276847,S2-599328437
S1-772535560	S3-741089434,S2-77795814,S3-667784583,S3-964553985,S2-944100561,S2-116390537,S2-65576636,S3-101904473,S2-214812366,S2-503620985,S2-541694475,S2-245634569,S3-394837108,S3-891184594,S3-894109506,S2-644663956,S2-465875774,S2-692619586,S2-726819490,S3-487529713,S2-800070935,S2-923755234,S2-476115326,S3-397929792,S2-753618829,S2-627930224,S2-991842499,S2-869996613,S3-471270249,S2-630413009,S3-46101844,S3-675201184,S2-895103617,S2-707000935,S3-220814292,S2-788223086,S2-126425595,S2-246760623,S3-938398799,S3-198313511,S2-368104649,S2-172931117,S2-693633433,S2-555793148,S3-732188207,S3-650921621,S2-729311287,S2-34433329,S3-485442650,S2-173849971,S2-427035087,S3-981935363,S2-128136930,S2-892097632,S3-151244731,S2-898849110,S3-222594171,S2-310754463,S3-280079740,S3-376829862,S3-746624217,S2-328994531,S2-165898626,S2-197846147,S2-142645843,S2-270848867,S3-333109954,S2-719866228,S3-948354428,S2-553971690,S2-937785155,S2-246118260,S3-415590169,S2-993071707,S3-360985107,S2-351586681,S3-537516589,S2-63184086,S2-687826763,S2-371301714,S3-631679743,S3-153268906,S3-55405339,S2-954985785,S3-457487074,S2-835946562,S3-316664209,S3-759261717,S3-152938043,S2-837092653,S3-975084483,S2-689098862,S2-164012387,S3-604318779,S3-735150035,S3-487880418,S2-162568649,S2-750760369,S2-294766157,S3-205961818,S3-319333823,S2-299309149,S3-713513435,S2-404444952,S2-591519148,S3-623774631,S2-494227665,S2-883785499,S3-602156126,S3-466864256,S2-271439012,S3-642292681,S3-421814155,S2-466247761,S3-198031079,S2-512747049,S3-338207412,S3-790115877,S3-320558843,S2-415479390,S3-487101652,S3-170336704,S2-177137107,S2-429797969,S2-202615365,S3-206642656,S2-307685063,S3-490538771,S2-66095072,S3-434785021,S3-648591342,S2-530744031,S2-311813718,S2-854348240,S2-236658994,S2-714868741,S2-828853188,S2-792467805,S2-236543422,S2-307665843,S2-210314492,S3-228134423,S3-784044542,S2-885655563,S3-851121897,S2-723518012,S2-956867829,S2-239469513,S2-508603048,S2-437267325,S2-836691288,S3-938734485,S3-875054090,S2-455724566,S2-657995058,S3-115737972,S2-437136287,S3-402496481,S3-192700570,S2-784098039,S3-170644710,S2-955417771,S2-971092647,S2-532515474,S3-662221368,S2-461623009,S2-416878413,S3-107374530,S3-299595965,S3-601210579,S2-731976511,S3-55948637,S2-388303443,S2-485471128,S3-684493901,S2-906091321,S2-587114067,S2-910940946,S2-182175113,S3-803365358
S1-598136304	S2-765689508,S2-514154132,S2-503121887,S2-411536601,S2-554190044,S3-253760122,S2-223268242,S2-155483714,S2-533953930,S2-26448169,S2-196764838,S3-816369919,S2-751407165,S2-607823263,S2-628281457,S2-372401984,S2-210000261,S2-519974042,S2-941284893,S2-44619943,S2-109381655,S3-360915051,S2-944747002,S3-662661255,S3-333518557,S2-412778710,S3-210194648,S2-572194871,S3-135172313,S2-101957873,S3-684981714,S2-709396671,S2-178717847,S2-607067717,S3-266789161,S3-531193044,S3-586715309,S2-649569032,S3-115737972,S2-144140225,S3-232613120,S3-914790133,S2-539376555,S2-822636700,S3-849319514,S3-573985658,S2-405268363,S3-80091173,S3-29791337,S3-961008884,S2-811100170,S2-862435993,S2-380293286,S2-781821621,S2-811041605,S2-69648403,S3-290116763,S2-569675594,S3-748617158,S2-817277250,S3-487982216,S3-989525770,S3-861000929,S3-863272339,S3-680047820,S3-907087609,S2-754243557,S3-611570936,S2-864636419,S2-799684633,S2-879426401,S2-559271677,S3-874997263,S2-331656248,S3-760045851,S3-773458342,S3-760606106,S3-358142080,S3-513478682,S3-404982359,S2-111414564,S3-239094313,S2-979407390,S3-390163446,S3-464690569,S2-322613553,S3-44710305,S2-440948455,S3-405515371,S2-537577036,S3-462011536,S2-842611061,S2-840644230,S3-705703921,S2-351813481,S3-421871068,S2-179243380,S3-170871338,S3-945684412,S2-649103744,S3-439161101,S2-142847054,S3-238462335,S3-240620555,S3-125349995,S2-702103830,S3-651030304,S2-460624267,S2-663967245,S3-337826667,S2-731174130,S2-456952016,S2-184171403,S2-610890757,S2-142986867,S3-760234183,S2-429789658,S3-266370788,S2-266323597,S3-358955723,S2-670313323,S3-444621941,S2-881279609,S3-662861736,S2-663959226,S2-283264445,S3-470311874,S3-410705316,S3-758345028,S2-162571160,S2-109448412,S2-276198613,S2-582810768,S2-530744031,S2-542179707,S2-742921057,S2-896768736,S3-424157518,S2-262516740,S2-664693676,S3-34043394,S3-165406608,S3-807377121,S3-344640715,S2-95733093,S3-637753723,S2-752263899,S2-591929527,S2-135491601,S2-592177563,S3-175398984,S2-966231571,S3-189974332,S3-943890721,S3-892319511,S3-490726317,S2-300429766,S2-606553458,S3-239578169,S2-87971040,S2-207780590,S2-300390339,S3-599502050,S2-888235771,S3-21392268,S2-796956457,S2-511948417,S3-862146881,S3-326636338,S3-730060223,S2-766952767,S2-381443733,S2-237102635
S1-789788578	S3-647119104,S2-323265913,S2-469439807,S3-828336625,S2-816897668,S3-962623720,S2-599021832,S2-125425816,S2-724191712,S2-348232985,S2-313536981,S3-466163493,S3-831800661,S2-751681252,S2-713637360,S2-466521198,S2-4794145,S2-400899419,S2-303791329,S2-287779024,S2-904174951,S2-667998932,S2-867017103,S2-579952522,S2-455820480,S2-563729335,S2-613680891
S1-346777444	S2-944564352,S2-525815178,S2-299685676,S3-935208981,S2-913712414,S3-689672159,S2-402525290,S3-175398984,S2-937946084,S3-418482731,S3-874893683,S2-43284984,S2-311059422,S2-396385004,S3-611013590,S2-906842440,S2-317425164,S2-841071717,S3-80503101,S3-257311499,S2-450990494,S3-57929830,S2-257520714,S2-825158584,S2-592287673,S3-563440300,S3-287604442,S3-942910587,S2-660693925,S2-493068716,S3-58404053,S2-721023618,S3-654910801,S2-870855126,S3-115587691,S2-322058311,S2-837276645,S2-73638823,S2-230765756,S3-405651007,S3-21761047,S3-596575988,S3-267883217,S2-645535621,S2-864136348,S3-919058692,S3-214260171,S2-122398080,S2-37602927,S3-497407713,S2-735844659,S3-221148613,S3-391962962,S2-334006623,S3-860555773,S2-338960565,S3-196692472,S3-140865666,S2-222497775,S3-349679455,S2-171371026,S2-68441818,S3-775300772,S2-848860693,S2-900738223,S3-510945278,S2-440570965,S2-361736820,S2-522377123,S2-209068375,S2-783990032,S2-84714475,S2-213784445,S3-380099431,S3-138302151,S3-187865546,S2-500705046,S2-405294229,S2-691721675,S3-556608965,S2-210702579,S3-29619913,S2-757903279,S2-677020928,S3-867307446,S2-905010895,S3-869841551,S3-466523313,S2-485171350,S3-540353197,S2-420530612,S2-395691474,S2-218394251,S2-461774711,S3-652808257,S2-323071794,S2-297259987,S3-301092734,S3-104763969,S3-634734805,S3-704207971,S2-394305051,S2-601677778,S2-303854659,S2-938622109,S3-168727532,S2-60538009,S3-215199655,S3-312828113,S3-974337051,S2-189273846,S3-51526742,S2-250059624,S3-849863248,S3-838278070,S3-337421231,S3-573100021,S2-675168245,S2-151147167,S2-516870300,S3-201837476,S3-678081167,S2-815252019,S2-88268880,S3-725681229,S2-840144902,S2-973792760,S3-225243377,S3-912031507,S2-957334808,S3-568985509,S3-822130810,S2-389417235,S2-645330149,S2-681114829,S3-408217441,S3-915472950,S3-137471515,S2-779359088,S3-412434453,S3-604998334,S3-688923643,S3-744350656,S3-40439793,S2-458816444,S2-834729,S2-737805067,S2-815115300,S3-949501293,S2-798160947,S2-425950408,S2-806272157,S2-868416733,S3-951369322,S3-389395592,S3-552966868,S2-31694455,S2-412833544,S3-959001201,S3-46958936,S3-20762321,S2-795525631,S2-776855122,S2-342592766,S2-451601186,S3-609474738,S2-96581846,S2-532950722,S3-715603814,S3-835773604,S2-37334607,S3-199617731,S2-577592963,S3-981722488,S2-170219232,S3-503058813,S2-799541746,S3-25767934,S2-69572194,S3-896661983
S1-544222533	S2-805771573,S3-688194826,S2-977522459,S3-134159572,S3-964328776,S3-497981703,S2-226192457,S2-980090702,S3-874603622,S2-910835933,S3-739068530,S2-198990873,S3-851121897,S2-657163367,S2-806073616,S2-229448410,S3-944904174,S2-891051808,S3-26521508,S2-230913336,S3-366413508,S2-221643753,S2-996261447,S3-128208950,S2-470617752,S3-723984211,S3-630098930,S2-229523864,S2-644272645,S2-449452467,S2-340390872,S2-18558428,S3-290116763,S3-409936847,S2-651500640,S3-532080170,S2-195049104,S3-230566288,S3-197976801,S3-232381585,S2-942279217,S3-878692629,S3-511611491,S3-793008679,S2-154961257,S3-521889331,S3-277798848,S2-487296565,S3-319411378,S2-748301307,S3-837339481,S3-397794428,S3-625069348,S2-374185952,S3-773008196,S3-613266481,S3-461525971,S2-784446122,S3-420770645,S3-918214418,S3-332529388,S2-174072300,S3-845342470,S3-277378086,S3-804922226,S2-676319783,S3-975084483,S2-896560595,S3-734115683,S3-29698559,S3-203033437,S3-767638937,S3-726988253,S2-249561098,S3-600456061,S3-769518935,S3-676501297,S2-287402090,S2-532059378,S2-499516165,S3-30677504,S3-203217377,S3-12072622,S3-487880418,S3-53099174,S3-913715058,S2-620443141,S3-942403169,S3-927491453,S2-489623463,S3-99690969,S3-682338619,S3-331325444,S3-428101653,S2-310754463,S2-902239948,S3-536236212,S3-637938488,S2-242342539,S3-278759204,S3-625911266,S3-511969513,S2-224128566,S3-688197948,S2-284038382,S3-814751250,S3-737988809,S3-272632210,S3-705293778,S2-9410084,S3-30808005,S2-144034060,S3-838687414,S3-644480512,S3-89599735,S3-77655688,S3-961421742,S2-488801817,S2-43040568,S3-866454372,S2-39832293,S2-742307239,S3-325146751,S2-708538581,S3-559832475,S3-861241430,S3-98654142,S2-211614390,S3-251039453,S3-190996769,S3-991693492,S3-745387726,S3-820253844,S3-910633079,S3-563320658,S3-776946883,S3-113632009,S2-975549235,S3-301242921,S3-147409593,S3-690072187,S3-413937197,S2-595038676,S2-524447033,S2-894751120,S2-267778262,S2-55566458,S2-982484759,S2-587812193,S3-764744632,S2-213810992,S3-793996369,S2-443193800,S3-162242768,S3-850910387,S2-955015303,S3-578547855,S3-23882359,S3-544832710,S2-372401984,S2-730900727,S2-936528622,S2-840284616,S3-853025377,S2-149980554,S3-296651603,S2-111344703,S2-249837662,S2-624502485,S3-455635182,S3-606186900,S2-593087219,S3-553586273,S3-176402709,S2-120638028,S3-605853037,S2-124782521,S2-60662588,S2-415246580,S2-74721315
S1-493959729	S3-763828716,S2-547309630,S2-542382978,S2-230479372,S2-243706118,S2-9185162,S2-338375951,S2-404433856,S3-913001162,S3-7040103,S3-259402162,S2-643336283,S3-676233177,S2-894751120,S2-236077202,S3-573797000,S3-902541845,S3-676826832,S3-311368097,S3-329140084,S3-977399629,S3-364837058,S2-474475305,S2-789516288,S3-173401907,S2-906143380,S2-945687659,S2-546154473,S2-50658187,S2-978885849,S3-24171086,S3-723736397,S2-867974324,S3-973665746,S2-481775373,S2-427637832,S2-535679954,S2-79627178,S3-396374546,S2-658263835,S2-198652427,S3-134959390,S2-103221007,S2-108785440,S2-207998815,S3-896331791,S2-117604558,S3-619267752,S3-944904174,S2-876952271,S3-195860441,S3-943647207,S2-197062539,S2-555109544,S2-543519668,S3-277730934,S3-866741477,S3-917077567,S3-765884018,S3-94808889,S2-211048574,S2-715977310,S3-260727184,S2-620867050,S3-206209303,S2-412882978,S2-732505504,S3-167591681,S3-585724487,S3-490274047,S3-472669814,S3-383865213,S3-878582479,S3-227058133,S3-506949622,S2-219999340,S2-164949972,S3-652287374,S3-898978073,S2-178387107,S3-417579311,S3-315427726,S3-740246017,S2-898765121,S3-749747810,S3-531724372,S3-122352388,S2-717552019,S3-408413212,S3-502443905,S3-688194826,S2-689013563,S3-503615189,S2-698502526,S3-52817413,S2-617399739,S2-853829547,S2-530603237,S2-255229609,S2-355352021,S3-99765624,S3-510958232,S3-519484294,S3-568778412,S2-685938318,S2-406545673,S2-260839023,S2-496121735,S3-719154835,S3-717850458,S2-592630143,S2-197741618,S2-240363643,S3-639721472,S3-951668539,S3-44106607,S3-726988253,S3-764860937,S2-415897985,S2-786582431,S3-543550490,S3-219828189,S3-448278355,S3-15156962,S3-31186638,S2-300623136,S3-947771067,S3-197976801,S2-887959244,S3-88134182,S2-951961479,S2-355656005,S3-961421742,S3-109415205,S3-606644265,S2-823448172,S3-739497989,S3-433643165,S3-838416743,S2-606859896,S2-155547755,S2-639237773,S2-589943481,S3-239578169,S3-388981527,S3-250324284,S2-725024407,S3-363227425,S2-46688604,S3-797638440,S2-748301307,S2-664560679,S3-573972920,S2-546397105,S2-877133584,S3-747274804,S3-435150918,S3-832838489,S3-172611700,S2-315210913,S2-582941382,S2-317822683,S2-762964930,S3-801842685,S3-686323886,S3-374391328,S3-222409983,S3-275341654,S3-493473857,S3-233259820,S2-502297281,S3-404825213,S2-479203488,S2-227923467,S3-214688271,S3-686467773,S3-510160241,S3-629256241,S3-536172089,S3-864359294
S1-430462466	S2-754522704,S2-944564352,S3-912520623,S3-330054533,S2-448776905,S2-982623284,S2-152884904,S2-73638823,S2-496433797,S2-660693925,S3-692024084,S2-988099919,S2-902880487,S2-980281177,S2-141972025,S3-448349907,S2-140239772,S2-405294229,S3-910753717,S2-31694455,S3-699117402,S2-237976616,S3-476408037,S2-530569520,S3-395556388,S2-506930196,S3-191731437,S2-816954568,S3-758187216,S2-63388221,S2-525611852,S2-978338906,S2-780364055,S3-451547774,S3-788927475,S2-592287673,S2-765496791,S2-170219232,S2-166310828,S3-401160979,S2-601677778,S2-783323885,S3-850947434,S2-414446167,S2-657209556,S2-733331034,S2-754529082,S3-54156463,S3-989086224,S3-604550713,S2-663377184,S2-278569462,S3-959001201,S3-987375755,S3-604438242,S3-824978368,S3-442010473,S2-421873936,S3-492206604,S2-449087347,S2-994716597,S2-675190133,S2-395691474,S2-115258774,S2-402525290,S2-940832734,S3-510837837,S3-600864845,S3-408328037,S2-594478805,S2-732674919,S3-665900009,S2-563701958,S3-766817544,S2-275993207,S3-246169538,S2-461774711,S2-569055372,S2-46349999,S3-725681229,S2-852587233,S2-932996903,S2-16765931,S3-840876421,S2-275369766,S3-299603866,S3-918134085,S3-342820718,S2-896438031,S2-386113796,S2-855837260,S3-511956443,S2-712359876,S2-609571259,S2-584230624,S2-578943842,S2-387834857,S2-650665046,S2-614790032,S3-355308377,S2-363356875,S3-839934108,S2-404475368,S2-341022152,S2-937946084,S2-408196647,S2-318510425,S2-962455440,S3-825049552,S3-642693961,S3-961797494,S3-546406051,S3-125155048,S2-112176830,S2-854893337,S2-840365395,S2-112942286,S3-676531581,S2-811200076,S3-997390616,S2-421561115,S2-964774733,S2-799541746,S2-341347539,S2-518851015,S2-52979924,S3-907472516,S3-347519927,S3-32407458,S3-268863446,S2-484964808,S3-115587691,S3-3918535,S2-259017641,S2-193016113,S2-161216151,S2-250059624,S3-78587319,S2-322679152,S2-437683436,S2-158257063,S2-574385619,S2-541865530,S3-673861134,S3-503058813,S2-994705111,S2-517824552,S2-662239839,S2-204966912,S3-989774041,S3-301092734,S2-957334808,S2-990815845,S3-669913762,S2-127145,S3-833056573,S2-446761313,S2-302348477,S3-691236827,S3-337421231,S3-51526742,S3-387712949,S2-209068375,S2-545182449,S2-393187202,S3-505199838,S2-714611559,S3-794432184,S2-383337007,S2-815115300,S3-300593021,S2-37796004,S2-38143203,S3-317165971,S2-338606966,S3-403386562,S3-518470289,S2-562745995,S3-747205629,S2-911429299
S1-792204527	S2-637238292,S2-304673281,S2-578453982,S2-735966612,S2-448293762,S3-259765212,S3-775556362,S2-818243239,S2-952437321,S3-784929477,S3-833434815,S3-451804809,S2-225648349,S3-930008341,S3-873243986,S2-996261447,S3-464552592,S3-354410692,S3-736142938,S2-92717447,S2-544842505,S2-221396352,S3-613052750,S3-295185170,S2-169864272,S3-396618076,S2-484988571,S3-947529634,S2-159451399,S2-734979295,S3-466899604,S3-873164148,S2-951998320,S3-903236277,S2-911595810,S2-517800889,S2-464953444,S2-370018627,S2-200273357,S2-556208932,S2-10625583,S2-785659578,S2-581712338,S2-592881202,S2-269222583,S3-986519504,S3-505709824,S3-781104014,S2-765689508,S2-77970392,S2-147686039,S2-546154473,S2-405810669,S3-147240704,S3-520048212,S2-303791329,S2-732505504,S2-855324375,S3-135698140,S3-913715058,S2-54721145,S2-168293986,S2-19242862,S2-465185415,S2-417814323,S3-422631552,S2-53311320,S2-20605699,S2-328536686,S2-917161865,S3-14099396,S2-823448172,S2-946072848,S2-765044773,S2-697965360,S2-464276784,S3-889694179,S3-332814584,S3-222306979,S3-866580997,S2-242342539,S3-470065307,S2-364147967,S3-294789968,S3-531644148,S3-117092600,S3-561069460,S2-299477312,S3-115833624,S3-92532605,S2-304641664,S3-296383140,S3-56119023,S2-372401984,S3-654501883,S2-692854899,S2-960731357,S2-641944323,S2-434865013,S2-608442871,S2-362298658,S3-59623594,S2-415897985,S3-519524762,S2-759735369,S3-410218298,S3-535201442,S3-109415205,S3-505728960,S3-541896279,S3-869619159,S3-307115933,S2-250985878,S3-353297791,S3-413739582,S3-284702369,S3-993908492,S2-727331617,S3-654514302,S2-101536541,S3-864604449,S2-930382947,S2-372500373,S2-970894647,S3-94534025,S3-690692586,S2-633010089,S2-549390171,S3-11632598,S3-6341900,S2-592136669,S2-283746027,S2-345025976,S2-152157970,S2-391588088,S3-507474950,S3-150361805,S3-244238319,S3-264755812,S3-327496689,S3-501060486,S3-972343990,S3-502443905,S3-72737523,S3-896842939,S3-546131845,S3-546906063,S2-980090702,S3-117882754,S3-23938261,S3-239578169,S2-109448412,S3-400847090,S2-305550866,S2-983502968,S3-734115683,S3-427567218,S2-796606339,S2-509966472,S3-302951552,S3-883282650,S3-664008681,S3-753164863,S2-708184195,S3-415590169,S3-292794271,S2-766079823,S3-961258556,S3-535577570,S2-146765462,S2-428885362,S2-64719085,S2-562931537,S2-213810992,S2-703281018,S3-328857929,S2-959218954,S2-493543131,S3-260481606,S2-973405019
S1-788563249	S2-525170022,S3-953042337,S2-592883143,S2-289037449,S2-907641246,S2-883799231,S2-153306127,S2-672741465,S3-285673802,S3-761081103,S3-869386678,S3-535419935,S3-44497553,S3-869773948,S2-297579015,S3-764774108,S2-123243939,S2-769062934,S3-784664149,S3-589549758,S3-662008150,S2-821879986,S3-27337700,S3-165549998,S3-955712552,S3-330930479,S2-571080180,S3-832420825,S2-975664547,S3-501737551,S3-345261156,S2-47713163,S3-699855249,S3-8200545,S2-20798878,S3-22321512,S3-98192207,S3-244669915,S3-385977150,S3-755632474,S3-938952926,S2-351264673,S2-530243272,S3-976348405,S2-44713064,S3-911199416,S3-565159581,S3-165685432,S3-542554329,S2-958916618,S2-802676853,S2-416049336,S3-597760194,S3-174595742,S2-497315327,S3-935965425,S3-107273061,S2-806392216,S2-120114100,S2-38938004,S2-507332275,S3-24193561,S3-121571566,S3-91490161,S2-864041788,S2-134318524,S2-401975713,S2-856335836,S3-209216351,S2-467586224,S3-349964138,S3-383120400,S2-209622054,S3-353254773,S3-631044432,S3-405094639,S2-390887972,S3-945445902,S2-921744764,S2-532086300,S2-75676145,S3-891971592,S3-244006304,S2-747815181,S2-51329867,S3-561839301,S3-584534802,S3-881417865,S3-710134077,S3-188040886,S2-767936647,S2-279095628,S3-412307944,S2-86917411,S2-333486848,S2-434164886,S2-158269168,S3-688013575,S2-312291757,S2-621191022,S2-82265292,S2-736816883,S2-968159043,S2-812783875,S3-50316458,S3-632095968,S2-991545286,S3-71255008,S2-803068701,S3-692740830,S2-277596601,S2-248203218,S3-181254214,S3-929474627,S3-851710769,S3-394273664,S3-980408146,S3-702618483,S3-655482194,S3-549374021,S2-638926005,S3-752688379,S2-563798918,S3-828458114,S3-90924572,S2-995356563,S2-993515161,S3-413655374,S2-814534319,S3-169822513,S3-624620641,S3-444887310,S3-546845454,S2-17029720,S2-327370520,S3-27943567,S3-200210443,S3-873113499,S2-364061806,S3-144420950,S3-481382824,S3-46391919,S2-606743458,S3-139395765,S2-229203598,S2-463647269,S3-775391250,S3-432037879,S2-299641245,S2-875638949,S2-804871649,S3-866331647,S3-526886844,S2-581436390,S2-966546755,S3-254399837,S2-795608900,S2-713079290,S3-918955816,S3-27934666,S3-811809635,S3-961715406,S3-954376490,S2-884396375,S3-120566964,S2-5159063,S2-163228105,S3-535399629,S3-998731432,S2-952556671,S3-698622070,S3-25792326,S2-149627971,S2-529420923,S2-697514180,S2-767912318,S3-916662937,S3-855090345,S3-436430522,S3-196345058
S1-198662647	S3-171332589,S2-118916909,S3-459022256,S3-261420624,S3-401177033,S2-27046600,S2-147483891,S2-422758057,S3-55982890,S2-436185882,S2-521192151,S3-109116795,S2-361052115,S2-525662290,S2-226359557,S2-878884039,S3-459504061,S2-732155812,S2-475221902,S2-561915559,S2-225679664,S3-628982800,S3-630962187,S3-425715498,S2-193510687,S2-946427412,S3-994447612,S2-82257662,S2-861189502,S2-443271648,S3-179845689,S3-355951930,S2-902499230,S2-695880094,S3-174489741,S2-279344772,S2-343176645,S3-949147781,S3-632373455,S3-193338334,S3-619015719,S3-469990421,S2-552375209,S2-961941974,S3-133070924,S3-930538478,S3-19893372,S3-962607637,S3-507817466,S3-306223540,S2-35988050,S3-447917469,S3-899876708,S3-541289258,S2-9583369,S3-909019765,S3-364797912,S2-965256482,S3-408725023,S3-297170478,S3-961378102,S2-536755993,S2-600541439,S3-560657213,S3-8949186,S2-804855809,S2-418677977,S2-321160429,S3-135009024,S3-720731862,S3-672582225,S2-462571715,S3-539879357,S3-893874239,S2-967069431,S3-718425010,S3-814932838,S2-693858727,S3-422541972,S3-364316022,S2-316809691,S3-74694705,S3-499767241,S2-241893577,S3-827520485,S3-444056552,S3-385744286,S3-1550693,S3-23747762,S2-601304168,S3-965590195,S2-342370932,S3-518579107,S3-193236664,S3-478455105,S3-937969250,S2-633785513,S3-286031388,S2-18378136,S2-132128369,S3-305693310,S3-218814752,S3-339023462,S3-381303531,S2-493487266,S3-898073698,S2-772019937,S3-926772527,S3-755605215,S3-458701040,S2-649104793,S3-619363059,S3-180500346,S3-439340109,S2-91604777,S3-411702382,S2-353387,S3-97698225,S2-150636307,S3-222258008,S3-945582619,S3-611646105,S3-958239506,S3-959051139,S2-786373833,S3-659757660,S3-963734875,S3-530325424,S2-368383825,S3-544576653,S2-532827793,S3-676667152,S3-400687465,S3-239715647,S3-714054761,S2-462183999,S3-113338559,S2-260028975,S2-445511473,S3-617929805,S3-760457356,S3-719628565,S3-840497128,S3-43287379,S2-158525866,S3-466227033,S3-251636808,S3-929445100,S2-93013962,S3-497440727,S3-776755674,S3-327899356,S3-343757570,S3-942840748,S2-96212459,S3-186982633,S2-715960357,S3-246690251,S3-937156876,S3-796017641,S3-236958663,S3-101230823,S2-857553273,S3-3747953,S2-599002630,S3-452650129,S2-822567871,S3-801842685,S3-653123971,S2-971367727,S3-434252808,S3-620599156,S2-946828495,S3-261841399,S3-626553939,S2-1387607,S2-172039136,S3-202010770,S2-861250096,S3-150248827
S1-431137009	S2-99059673,S2-140503523,S2-77025756,S2-751202314,S2-657007862,S3-157112453,S2-511302328,S2-636553802,S3-431688886,S3-304803000,S2-948419035,S2-547878739,S3-238522304,S3-426617067,S2-377024628,S3-764229107,S2-781973860,S2-266592280,S2-535986976,S2-141279511,S3-422815078,S3-630352424,S3-394026389,S2-618328454,S2-478737337,S2-379577446,S3-39736750,S3-463326544,S2-50551369,S2-972177873,S3-254258571,S2-499505081,S2-695784416,S2-80734166,S2-499383307,S2-786450045,S2-214079199,S3-384456289,S3-910297280,S2-342081407,S3-52869266,S2-240657119,S3-813639175,S3-316852993,S3-827297363,S2-700195651,S3-978534496,S3-302818833,S3-432961713,S2-939202117,S3-778030295,S2-766716297,S3-101707804,S3-793718263,S2-411773002,S3-873093932,S3-670236252,S2-802207145,S2-535368070,S2-818299765,S3-971460215,S3-420537443,S2-972087927,S3-277275384,S2-251853502,S3-689205987,S2-443034683,S2-143150991,S2-634942099,S2-158388966,S2-594388053,S2-56939673,S3-816244994,S3-342752882,S3-13487981,S2-447375514,S2-1734121,S2-844003614,S2-72705987,S3-471035359,S3-245675405,S2-967688074,S3-69221188,S3-335312367,S2-256407354,S3-558673736,S2-872099735,S3-174593595,S3-650247863,S3-232673356,S3-195887077,S2-57982090,S3-893696149,S2-568389938,S2-668050281,S2-149852320,S2-485052154,S2-379203700,S2-689700592,S3-180737251,S3-512625539,S2-126555429,S3-724781420,S2-58857525,S3-729687518,S2-117036112,S3-801127901,S3-103114129,S2-501556734,S3-162626400,S3-640263072,S2-999959283,S3-760433788,S2-224020409,S2-45956246,S2-315509947,S2-900732677,S2-25484276,S3-195050151,S2-485267967,S3-718504937,S2-636275568,S3-63911929,S2-581278983,S2-681271230,S3-500214791,S2-833094944,S2-944941126,S2-352669081,S3-514166056,S2-266263897,S3-312750452,S2-765239042,S3-51420235,S3-870097276,S2-701170872,S3-445131048,S2-495555462,S3-255236260,S3-601646222,S2-102534927,S2-206687952,S2-219697445,S2-829314901,S2-134189268,S2-757534042,S2-913170244,S2-640125564,S2-163009953,S3-40203460,S2-959489188,S3-896961060,S2-85144335,S2-733805674,S2-283092026,S3-161182112,S3-762858573,S3-311404174,S3-762609024,S2-30681866,S3-283772757,S2-484457398,S3-613087360,S2-872953423,S3-999319576,S3-433821912,S2-737607060,S2-972467267,S3-219563181,S2-722101832,S3-984823715,S2-130718705,S3-191115514,S2-876933047,S2-198598305,S2-581955114,S3-542370901,S2-269699057,S3-995351005,S3-149756405
S1-22335277	S2-576080264,S2-588330548,S2-39547519,S2-552878160,S3-82566363,S2-774736197,S2-486457812,S2-437607834,S2-393378258,S3-652252594,S2-348424823,S2-794896485,S2-712179394,S2-722571254,S3-122352388,S2-29982663,S2-549867529,S2-490413303,S2-889243203,S3-581288707,S2-852376738,S2-53311320,S2-806073616,S2-926583515,S3-659139386,S2-102005272,S2-725361973,S3-428243874,S2-972274190,S3-64110685,S2-122078334,S2-822526227,S3-109796435,S2-988697979,S3-335955103,S3-411975902,S3-260035935,S2-741094905,S3-51136306,S3-556823884,S2-921226399,S3-569970438,S2-721944962,S2-839245549,S2-963557416,S2-242342539,S3-584682680,S3-543433931,S2-257366989,S2-34954098,S3-889832691,S2-229984535,S3-408594973,S3-330708781,S2-30048306,S3-254667676,S3-794448047,S2-959823673,S2-847938260,S2-371750015,S2-115200301,S2-450022889,S2-102681369,S3-291436981,S2-185048111,S2-159657193,S2-117091605,S2-777097274,S3-643341816,S2-501282473,S2-822636700,S2-305544390,S3-699882273,S2-80283884,S3-42000871,S3-703074347,S2-424998513,S2-51573355,S2-187358312,S2-315218684,S3-18096631,S2-520089106,S2-341257859,S3-806646828,S2-344178680,S3-416197443,S3-402393036,S3-898453800,S2-333915500,S2-155547755,S2-42706732,S2-192485522,S2-192312865,S2-463547523,S2-228717952,S2-495547562,S3-251636808,S3-269283294,S3-873851290,S3-12553974,S3-7134145,S2-149726747,S2-867590973,S2-333613490,S2-440077511,S2-782765375,S2-447128543,S2-448898627,S2-634571997,S2-821346158,S2-485456571,S2-207875527,S2-211605037,S2-459969671,S3-259426195,S3-115175921,S2-972624612,S2-457681515,S2-367421312,S2-322010793,S3-749411518,S2-224100536,S3-292794271,S3-399202507,S2-672191745,S2-174072300,S3-493795189,S2-762964930,S3-735264434,S2-470541284,S2-675955548,S3-881059689,S3-991218205,S2-614545003,S2-397939055,S2-896078749,S2-903744231,S2-573016689,S2-851473099,S2-618329833,S2-813533625,S3-6668760,S2-771719189,S2-832761728,S2-974278418,S3-877050472,S3-871571117,S2-195840093,S2-617116527,S3-371723836,S3-280553346,S2-770588074,S3-96677792,S3-979189095,S3-26878469,S2-684535262,S2-884859830,S2-260688595,S3-808466506,S3-577456115,S2-584897466,S2-146884818,S2-404433856,S2-501211852,S2-759972274,S2-108594879,S2-591540353,S3-99765624,S2-592412285,S3-791942362,S2-938907635,S3-285290797,S2-196065955,S2-537577036,S2-127170526,S2-445303476,S2-297983449,S2-229523864,S2-25844522,S2-918973885
S1-291584542	S2-829581724,S3-864302896,S2-994099264,S3-150255606,S3-445314633,S2-120300748,S2-599106166,S2-229448410,S2-502351575,S2-647059994,S2-444178224,S2-342366456,S2-822263206,S2-797348450,S2-846609706,S2-183965359,S3-239945575,S3-477682199,S2-737393549,S2-297320898,S2-824282783,S2-455365283,S2-652903084,S2-433499993,S2-776933635,S3-108203751,S2-187909971,S2-588922526,S2-267693953,S2-872573983,S2-287693608,S2-549393453,S2-988352114,S2-538695,S3-895861157,S3-758542412,S2-676933783,S2-618136856,S2-40757259,S2-796991793,S3-855847977,S2-393902595,S2-913169920,S2-219223249,S2-685396460,S2-21994381,S2-426933123,S2-998450705,S3-413125663,S2-994671947,S2-828827277,S2-923247863,S2-382561902,S2-802395851,S2-507421048,S2-199719349,S3-667714805,S2-790695031,S2-429314182,S2-148467570,S2-480230562,S2-102577854,S2-2366485,S2-991925682,S2-499299724,S2-829547526,S2-363906243,S3-216951990,S2-780643260,S2-717813805,S2-552344048,S3-875559615,S2-178779915,S2-345648173,S2-565744021,S2-963803488,S2-689013563,S2-78465009,S2-772700123,S2-765677324,S2-86132595,S2-669957816,S2-887058391,S2-276949736,S2-287858288,S2-409073014,S2-290114593,S2-871779147,S2-225798504,S2-689320736,S2-381027570,S3-717510,S2-950869462,S2-938846865,S2-751698768,S2-333865760,S2-591876506,S2-387291567,S2-928635359,S2-458748624,S3-58785412,S2-582680087,S2-340390872,S2-454288890,S2-100444556,S2-591458591,S3-472070522,S2-260115985,S2-449953927,S2-905336963,S2-90530348,S2-374485588,S2-759355073,S2-469081581,S2-847590509,S2-731051338,S2-87473476,S2-453762798,S2-499516165,S2-357874611,S2-285556917,S2-636514738,S2-364729817,S3-554938665,S2-55314679,S2-859686899,S2-202401902,S3-297587336,S2-198589700,S2-192191241,S3-167791872,S2-129998399,S3-476068871,S2-597694282,S2-182273804,S2-754779681,S2-440910055,S2-888177320,S2-135244630,S2-904430012,S2-1022835,S2-883874995,S2-731198634,S2-34516684,S2-779910674,S2-552147968,S2-742307239,S2-143783156,S2-908717602,S2-950121078,S2-703085578,S2-898431581,S3-992257597,S3-487648355,S3-348829042,S2-22034959,S2-626905689,S3-125539314,S2-62629761,S2-294381824,S2-538708127,S2-365575093,S2-259272566,S2-101737789,S2-603765591,S2-904055422,S2-225667164,S3-57360312,S3-582886939,S3-149711416,S2-478939888,S2-183629486,S2-74351789,S3-92248711,S2-739053823,S3-320575228,S2-276198613,S2-288285136,S3-695502221,S2-479619104
S1-556611862	S2-340880073,S2-905529500,S2-612471006,S2-204135404,S2-679483668,S2-694714742,S3-187376123,S2-489476783,S2-213780045,S3-326636338,S2-511252603,S2-284777044,S2-453044589,S3-430431870,S2-34954098,S2-34808681,S2-208497171,S2-159657193,S2-949044369,S2-592412285,S2-752221784,S2-240533870,S2-202662079,S2-372259938,S2-38127439,S2-270221388,S2-972274190,S2-420996634,S2-49302628,S2-565874159,S2-339312141,S2-318066509,S2-35980965,S2-906688291,S2-977360078,S2-154239685,S2-47254895,S2-681644560,S2-395388944,S2-893653501,S2-972624612,S2-319851392,S2-675448551,S2-224100536,S2-287732160,S2-521739469,S2-41171115,S2-471214036,S2-990787030,S2-239698666,S2-8067823,S2-737471973,S2-578321005,S2-588330548,S2-376340088,S2-360271895,S2-921226399,S2-518504394,S2-418861086,S2-999235003,S2-992570250,S2-6556535,S2-889706109,S2-986646969,S2-890290909,S2-918973885,S2-984783037,S2-269509975,S2-192312865,S2-624536077,S2-460178658,S2-464839378,S2-867491924,S2-274697701,S2-255376163,S2-145772427,S2-80283884,S2-95876908,S2-218575382,S2-367421312,S2-892040046,S2-977064621,S2-139283291,S2-513577693,S2-234872195,S2-205655615,S2-461473974,S2-57258957,S2-780910748,S2-495179311,S2-672191745,S2-427521195,S3-475870330,S3-64110685,S2-741094905,S2-344162889,S2-149090348,S2-430551753,S2-551024375,S2-615079121,S3-358432918,S3-752467478,S2-337194824,S2-970553438,S2-8334667,S2-886007943,S2-146884818,S2-232369974,S2-79882907,S2-104769383,S2-450374429,S2-296357492,S2-43009798,S2-686803202,S2-297983449,S2-112531352,S2-755491655,S2-666401964,S2-501282473,S2-260494879,S2-958627837,S2-61372543,S2-250985878,S2-194005292,S2-444259301,S2-30048306,S2-341257859,S2-175527408,S2-25844522,S2-950170744,S2-964296464,S2-368995341,S2-601268574,S2-988697979,S2-51573355,S2-250643106,S2-315480683,S2-935207527,S2-256556343,S2-552878160,S2-731380114,S2-193151395,S2-70098168,S2-21336310,S2-937397598,S2-618329833,S2-440077511,S2-701285656,S2-783546164,S2-167668369,S2-380352113,S2-770588074,S2-486457812,S2-952322026,S2-321308609,S2-150304161,S2-130168190,S2-60015838,S2-257887414,S2-777097274,S2-863837674,S2-592851948,S2-989054089,S2-228717952,S2-617116527,S2-725361973,S2-473653867,S2-379335559,S2-490413303,S2-571152274,S2-63805139,S2-207875527,S2-17667673,S2-991126155,S2-250505170,S2-942573685,S2-335173353,S2-292574990,S2-843189997,S2-827722721
S1-32767080	S2-685966414,S2-978468650,S2-84294594,S3-396351747,S3-633262951,S2-969405994,S3-841860782,S2-613340629,S2-659432589,S2-272264130,S2-748044229,S2-461623009,S3-150860631,S2-882172155,S3-472452073,S2-59125050,S3-300797169,S2-817541118,S3-803818793,S2-106302105,S3-712584778,S2-380723057,S2-966087137,S3-419883567,S2-797348450,S3-578204109,S3-325472450,S3-35728913,S3-637293328,S3-70943176,S3-622147609,S2-17724126,S2-1769438,S2-321409161,S2-511325118,S2-12321349,S2-456510542,S3-384216847,S3-381339978,S2-682093109,S3-830758507,S2-240363643,S2-845834254,S2-139506199,S3-92206399,S2-93350881,S3-877050472,S2-568557166,S2-998179263,S3-279931227,S3-29259609,S3-356777632,S2-424536100,S2-655038949,S3-733903201,S3-288548887,S2-324155627,S2-138013558,S2-947767881,S3-607752074,S3-920580854,S2-710254316,S3-186962564,S2-495634655,S2-102506722,S2-401459353,S2-614681363,S2-260909524,S3-871160437,S3-948575262,S2-948660637,S2-395388944,S2-569681566,S3-348110729,S2-155229927,S2-374262617,S3-671647744,S2-768072390,S3-283353905,S2-411697167,S2-223604666,S2-124584141,S2-407931344,S2-374391672,S3-4737266,S3-125274890,S3-381990447,S3-720784849,S2-398758623,S3-378950899,S3-338004392,S2-399183101,S3-269690794,S2-630672871,S2-413213841,S2-628990996,S2-675283470,S3-442645189,S2-643440099,S2-341324483,S3-996935472,S3-908448290,S2-690504228,S3-177994966,S2-910251810,S3-247019718,S3-328654080,S2-27053286,S3-181087122,S2-775857815,S3-810108097,S2-725524713,S2-550697952,S3-266797197,S3-31572875,S2-467419013,S3-593753099,S2-172424089,S3-114072012,S2-3632893,S3-910750284,S2-275270455,S2-836356901,S3-946325287,S3-98685182,S2-144522770,S3-158535190,S2-256848140,S3-593500151,S2-443853182,S2-413110201,S2-905576737,S3-971595905,S2-580975006,S2-328922214,S3-589754984,S2-987126275,S2-334438457,S2-305518448,S2-351055128,S3-668322084,S2-1658297,S2-3944482,S2-27727592,S2-618613065,S3-336753719,S2-757960276,S2-813561134,S2-391035386,S2-294737592,S2-124599563,S2-237795089,S2-225330474,S3-56386092,S3-938198076,S3-508963678,S3-720452393,S3-531277614,S2-652229553,S3-186730884,S2-896862916,S2-60296334,S3-727358297,S3-838001955,S2-384330132,S2-85084966,S3-959108532,S3-333310896,S2-307351456,S2-247111633,S3-889838319,S3-250253484,S3-701384495,S2-730055337,S2-16978805,S2-342025542,S2-2290894,S3-954923805,S2-25405386,S3-147778699
